Date,AveragePrice,Total_Volume,4046,4225,4770,Total_Bags,type,region
2015-01-04,1.2,2540376.21,889131.67,889131.67,127018.81,635094.05,conventional,California
2015-01-04,1.75,130097.08,45533.98,45533.98,6504.85,32524.27,organic,California
2015-01-04,1.13,2908833.74,1018091.81,1018091.81,145441.69,727208.43,conventional,West
2015-01-04,1.89,114646.45,40126.26,40126.26,5732.32,28661.61,organic,West
2015-01-04,1.1,2780812.47,973284.37,973284.37,139040.62,695203.12,conventional,Northeast
2015-01-04,1.58,115676.08,40486.63,40486.63,5783.8,28919.02,organic,Northeast
2015-01-04,1.17,1886680.92,660338.32,660338.32,94334.05,471670.23,conventional,Southeast
2015-01-04,1.39,123852.59,43348.41,43348.41,6192.63,30963.15,organic,Southeast
2015-01-04,1.05,2492957.93,872535.28,872535.28,124647.9,623239.48,conventional,Great_Lakes
2015-01-04,1.51,96221.68,33677.59,33677.59,4811.08,24055.42,organic,Great_Lakes
2015-01-04,1.3,1526164.59,534157.61,534157.61,76308.23,381541.15,conventional,MidSouth
2015-01-04,1.66,69733.2,24406.62,24406.62,3486.66,17433.3,organic,MidSouth
2015-01-04,1.1,3386758.96,1185365.64,1185365.64,169337.95,846689.74,conventional,SouthCentral
2015-01-04,1.48,174043.31,60915.16,60915.16,8702.17,43510.83,organic,SouthCentral
2015-01-11,1.09,2829071.53,990175.04,990175.04,141453.58,707267.88,conventional,California
2015-01-11,1.56,159398.1,55789.33,55789.33,7969.9,39849.52,organic,California
2015-01-11,1.15,2658122.7,930342.94,930342.94,132906.13,664530.67,conventional,West
2015-01-11,1.77,103139.38,36098.78,36098.78,5156.97,25784.84,organic,West
2015-01-11,1.17,2112696.67,739443.84,739443.84,105634.83,528174.17,conventional,Northeast
2015-01-11,1.45,140542.37,49189.83,49189.83,7027.12,35135.59,organic,Northeast
2015-01-11,1.22,2116623.72,740818.3,740818.3,105831.19,529155.93,conventional,Southeast
2015-01-11,1.63,100004.82,35001.69,35001.69,5000.24,25001.21,organic,Southeast
2015-01-11,1.0,2429097.99,850184.3,850184.3,121454.9,607274.5,conventional,Great_Lakes
2015-01-11,1.58,115414.83,40395.19,40395.19,5770.74,28853.71,organic,Great_Lakes
2015-01-11,1.18,1511223.4,528928.19,528928.19,75561.17,377805.85,conventional,MidSouth
2015-01-11,1.7,74758.92,26165.62,26165.62,3737.95,18689.73,organic,MidSouth
2015-01-11,1.08,3579231.87,1252731.16,1252731.16,178961.59,894807.97,conventional,SouthCentral
2015-01-11,1.8,136276.83,47696.89,47696.89,6813.84,34069.21,organic,SouthCentral
2015-01-18,1.07,2904358.54,1016525.49,1016525.49,145217.93,726089.63,conventional,California
2015-01-18,1.7,128360.88,44926.31,44926.31,6418.04,32090.22,organic,California
2015-01-18,1.1,3001513.62,1050529.77,1050529.77,150075.68,750378.41,conventional,West
2015-01-18,1.48,135059.5,47270.83,47270.83,6752.98,33764.88,organic,West
2015-01-18,1.23,2586742.26,905359.79,905359.79,129337.11,646685.56,conventional,Northeast
2015-01-18,1.64,126850.46,44397.66,44397.66,6342.52,31712.62,organic,Northeast
2015-01-18,1.19,2061835.32,721642.36,721642.36,103091.77,515458.83,conventional,Southeast
2015-01-18,1.7,112706.8,39447.38,39447.38,5635.34,28176.7,organic,Southeast
2015-01-18,1.15,2464918.33,862721.42,862721.42,123245.92,616229.58,conventional,Great_Lakes
2015-01-18,1.26,158994.37,55648.03,55648.03,7949.72,39748.59,organic,Great_Lakes
2015-01-18,1.16,1746159.52,611155.83,611155.83,87307.98,436539.88,conventional,MidSouth
2015-01-18,1.66,65700.97,22995.34,22995.34,3285.05,16425.24,organic,MidSouth
2015-01-18,1.13,3330287.33,1165600.56,1165600.56,166514.37,832571.83,conventional,SouthCentral
2015-01-18,1.87,111611.64,39064.07,39064.07,5580.58,27902.91,organic,SouthCentral
2015-01-25,1.07,2849694.27,997392.99,997392.99,142484.71,712423.57,conventional,California
2015-01-25,1.79,111582.8,39053.98,39053.98,5579.14,27895.7,organic,California
2015-01-25,1.1,3192427.39,1117349.59,1117349.59,159621.37,798106.85,conventional,West
2015-01-25,1.66,141177.77,49412.22,49412.22,7058.89,35294.44,organic,West
2015-01-25,1.08,2663826.05,932339.12,932339.12,133191.3,665956.51,conventional,Northeast
2015-01-25,1.59,103637.36,36273.07,36273.07,5181.87,25909.34,organic,Northeast
2015-01-25,1.18,2232258.43,781290.45,781290.45,111612.92,558064.61,conventional,Southeast
2015-01-25,1.65,99019.74,34656.91,34656.91,4950.99,24754.94,organic,Southeast
2015-01-25,1.01,2468482.6,863968.91,863968.91,123424.13,617120.65,conventional,Great_Lakes
2015-01-25,1.6,94245.46,32985.91,32985.91,4712.27,23561.37,organic,Great_Lakes
2015-01-25,1.13,1897893.59,664262.76,664262.76,94894.68,474473.4,conventional,MidSouth
2015-01-25,1.93,65130.86,22795.8,22795.8,3256.54,16282.71,organic,MidSouth
2015-01-25,1.18,3054878.43,1069207.45,1069207.45,152743.92,763719.61,conventional,SouthCentral
2015-01-25,1.36,188825.74,66089.01,66089.01,9441.29,47206.44,organic,SouthCentral
2015-02-01,1.16,3443788.1,1205325.84,1205325.84,172189.41,860947.03,conventional,California
2015-02-01,1.62,135399.05,47389.67,47389.67,6769.95,33849.76,organic,California
2015-02-01,1.15,2775595.64,971458.47,971458.47,138779.78,693898.91,conventional,West
2015-02-01,1.82,126858.95,44400.63,44400.63,6342.95,31714.74,organic,West
2015-02-01,1.23,2273100.9,795585.32,795585.32,113655.05,568275.23,conventional,Northeast
2015-02-01,1.86,86694.53,30343.08,30343.08,4334.73,21673.63,organic,Northeast
2015-02-01,1.21,2655791.47,929527.01,929527.01,132789.57,663947.87,conventional,Southeast
2015-02-01,1.5,116071.17,40624.91,40624.91,5803.56,29017.79,organic,Southeast
2015-02-01,1.16,2163734.69,757307.14,757307.14,108186.73,540933.67,conventional,Great_Lakes
2015-02-01,1.42,129443.87,45305.35,45305.35,6472.19,32360.97,organic,Great_Lakes
2015-02-01,1.04,2224692.22,778642.28,778642.28,111234.61,556173.05,conventional,MidSouth
2015-02-01,1.51,113529.66,39735.38,39735.38,5676.48,28382.42,organic,MidSouth
2015-02-01,1.07,3534607.92,1237112.77,1237112.77,176730.4,883651.98,conventional,SouthCentral
2015-02-01,1.77,118587.26,41505.54,41505.54,5929.36,29646.81,organic,SouthCentral
2015-02-08,1.17,3083703.2,1079296.12,1079296.12,154185.16,770925.8,conventional,California
2015-02-08,1.41,165181.5,57813.52,57813.52,8259.07,41295.37,organic,California
2015-02-08,1.18,3143048.04,1100066.81,1100066.81,157152.4,785762.01,conventional,West
2015-02-08,1.46,143027.53,50059.63,50059.63,7151.38,35756.88,organic,West
2015-02-08,1.2,2573650.34,900777.62,900777.62,128682.52,643412.59,conventional,Northeast
2015-02-08,1.69,119520.21,41832.07,41832.07,5976.01,29880.05,organic,Northeast
2015-02-08,1.08,2607762.08,912716.73,912716.73,130388.1,651940.52,conventional,Southeast
2015-02-08,1.69,95431.67,33401.08,33401.08,4771.58,23857.92,organic,Southeast
2015-02-08,1.34,1959849.37,685947.28,685947.28,97992.47,489962.34,conventional,Great_Lakes
2015-02-08,1.47,129808.35,45432.92,45432.92,6490.42,32452.09,organic,Great_Lakes
2015-02-08,1.05,2257478.07,790117.32,790117.32,112873.9,564369.52,conventional,MidSouth
2015-02-08,1.82,67617.28,23666.05,23666.05,3380.86,16904.32,organic,MidSouth
2015-02-08,1.25,3103890.34,1086361.62,1086361.62,155194.52,775972.58,conventional,SouthCentral
2015-02-08,1.77,161956.93,56684.93,56684.93,8097.85,40489.23,organic,SouthCentral
2015-02-15,1.13,2753037.31,963563.06,963563.06,137651.87,688259.33,conventional,California
2015-02-15,1.52,133822.03,46837.71,46837.71,6691.1,33455.51,organic,California
2015-02-15,1.14,3146472.19,1101265.27,1101265.27,157323.61,786618.05,conventional,West
2015-02-15,1.69,142822.34,49987.82,49987.82,7141.12,35705.59,organic,West
2015-02-15,1.15,2979989.48,1042996.32,1042996.32,148999.47,744997.37,conventional,Northeast
2015-02-15,1.61,162578.89,56902.61,56902.61,8128.94,40644.72,organic,Northeast
2015-02-15,1.21,2072854.01,725498.9,725498.9,103642.7,518213.5,conventional,Southeast
2015-02-15,1.49,130473.64,45665.77,45665.77,6523.68,32618.41,organic,Southeast
2015-02-15,1.13,2470813.33,864784.67,864784.67,123540.67,617703.33,conventional,Great_Lakes
2015-02-15,1.72,95392.43,33387.35,33387.35,4769.62,23848.11,organic,Great_Lakes
2015-02-15,1.07,1849651.31,647377.96,647377.96,92482.57,462412.83,conventional,MidSouth
2015-02-15,1.58,98883.46,34609.21,34609.21,4944.17,24720.86,organic,MidSouth
2015-02-15,1.17,2937259.05,1028040.67,1028040.67,146862.95,734314.76,conventional,SouthCentral
2015-02-15,1.68,151541.47,53039.51,53039.51,7577.07,37885.37,organic,SouthCentral
2015-02-22,1.06,3184529.36,1114585.28,1114585.28,159226.47,796132.34,conventional,California
2015-02-22,1.66,113227.02,39629.46,39629.46,5661.35,28306.76,organic,California
2015-02-22,1.19,3056120.89,1069642.31,1069642.31,152806.04,764030.22,conventional,West
2015-02-22,1.81,131718.16,46101.36,46101.36,6585.91,32929.54,organic,West
2015-02-22,1.01,2890782.9,1011774.01,1011774.01,144539.14,722695.72,conventional,Northeast
2015-02-22,1.73,117372.98,41080.54,41080.54,5868.65,29343.25,organic,Northeast
2015-02-22,1.2,3056203.09,1069671.08,1069671.08,152810.15,764050.77,conventional,Southeast
2015-02-22,1.74,110713.71,38749.8,38749.8,5535.69,27678.43,organic,Southeast
2015-02-22,1.25,2171441.89,760004.66,760004.66,108572.09,542860.47,conventional,Great_Lakes
2015-02-22,1.6,115351.18,40372.91,40372.91,5767.56,28837.8,organic,Great_Lakes
2015-02-22,1.07,2031125.94,710894.08,710894.08,101556.3,507781.48,conventional,MidSouth
2015-02-22,1.58,92021.42,32207.5,32207.5,4601.07,23005.35,organic,MidSouth
2015-02-22,1.38,2274096.48,795933.77,795933.77,113704.82,568524.12,conventional,SouthCentral
2015-02-22,1.75,116013.87,40604.86,40604.86,5800.69,29003.47,organic,SouthCentral
2015-03-01,1.1,3330648.59,1165727.01,1165727.01,166532.43,832662.15,conventional,California
2015-03-01,1.66,115899.51,40564.83,40564.83,5794.98,28974.88,organic,California
2015-03-01,1.08,3535489.6,1237421.36,1237421.36,176774.48,883872.4,conventional,West
2015-03-01,1.54,157350.88,55072.81,55072.81,7867.54,39337.72,organic,West
2015-03-01,1.15,2553863.3,893852.15,893852.15,127693.16,638465.82,conventional,Northeast
2015-03-01,1.97,99140.51,34699.18,34699.18,4957.03,24785.13,organic,Northeast
2015-03-01,0.95,3121764.1,1092617.43,1092617.43,156088.2,780441.02,conventional,Southeast
2015-03-01,1.55,129701.03,45395.36,45395.36,6485.05,32425.26,organic,Southeast
2015-03-01,1.07,2510809.0,878783.15,878783.15,125540.45,627702.25,conventional,Great_Lakes
2015-03-01,1.73,106201.89,37170.66,37170.66,5310.09,26550.47,organic,Great_Lakes
2015-03-01,1.03,2158117.89,755341.26,755341.26,107905.89,539529.47,conventional,MidSouth
2015-03-01,1.58,86890.17,30411.56,30411.56,4344.51,21722.54,organic,MidSouth
2015-03-01,1.33,2920342.13,1022119.74,1022119.74,146017.11,730085.53,conventional,SouthCentral
2015-03-01,1.46,199894.99,69963.25,69963.25,9994.75,49973.75,organic,SouthCentral
2015-03-08,1.36,2546145.94,891151.08,891151.08,127307.3,636536.48,conventional,California
2015-03-08,1.42,155055.21,54269.33,54269.33,7752.76,38763.8,organic,California
2015-03-08,1.28,2562439.19,896853.72,896853.72,128121.96,640609.8,conventional,West
2015-03-08,1.72,141444.59,49505.61,49505.61,7072.23,35361.15,organic,West
2015-03-08,1.06,2989072.09,1046175.23,1046175.23,149453.6,747268.02,conventional,Northeast
2015-03-08,1.16,185197.11,64818.99,64818.99,9259.86,46299.28,organic,Northeast
2015-03-08,1.12,2246304.92,786206.72,786206.72,112315.25,561576.23,conventional,Southeast
2015-03-08,1.89,76427.79,26749.73,26749.73,3821.39,19106.95,organic,Southeast
2015-03-08,1.11,2459006.91,860652.42,860652.42,122950.35,614751.73,conventional,Great_Lakes
2015-03-08,1.87,75025.04,26258.76,26258.76,3751.25,18756.26,organic,Great_Lakes
2015-03-08,1.27,1713584.76,599754.66,599754.66,85679.24,428396.19,conventional,MidSouth
2015-03-08,1.5,104603.53,36611.24,36611.24,5230.18,26150.88,organic,MidSouth
2015-03-08,1.17,3152996.71,1103548.85,1103548.85,157649.84,788249.18,conventional,SouthCentral
2015-03-08,1.66,144802.23,50680.78,50680.78,7240.11,36200.56,organic,SouthCentral
2015-03-15,1.16,3017304.6,1056056.61,1056056.61,150865.23,754326.15,conventional,California
2015-03-15,1.89,94011.74,32904.11,32904.11,4700.59,23502.93,organic,California
2015-03-15,1.36,2136902.56,747915.9,747915.9,106845.13,534225.64,conventional,West
2015-03-15,1.63,150422.84,52647.99,52647.99,7521.14,37605.71,organic,West
2015-03-15,1.18,2495995.25,873598.34,873598.34,124799.76,623998.81,conventional,Northeast
2015-03-15,1.62,119056.38,41669.73,41669.73,5952.82,29764.1,organic,Northeast
2015-03-15,1.09,2759583.27,965854.14,965854.14,137979.16,689895.82,conventional,Southeast
2015-03-15,1.7,96516.58,33780.8,33780.8,4825.83,24129.15,organic,Southeast
2015-03-15,1.24,2161853.06,756648.57,756648.57,108092.65,540463.27,conventional,Great_Lakes
2015-03-15,1.77,99695.12,34893.29,34893.29,4984.76,24923.78,organic,Great_Lakes
2015-03-15,1.07,2027722.4,709702.84,709702.84,101386.12,506930.6,conventional,MidSouth
2015-03-15,1.76,83614.62,29265.12,29265.12,4180.73,20903.66,organic,MidSouth
2015-03-15,1.15,3419460.03,1196811.01,1196811.01,170973.0,854865.01,conventional,SouthCentral
2015-03-15,1.84,121437.75,42503.21,42503.21,6071.89,30359.44,organic,SouthCentral
2015-03-22,1.2,2689621.56,941367.54,941367.54,134481.08,672405.39,conventional,California
2015-03-22,1.62,149769.44,52419.3,52419.3,7488.47,37442.36,organic,California
2015-03-22,1.23,3024196.73,1058468.86,1058468.86,151209.84,756049.18,conventional,West
2015-03-22,1.85,117642.79,41174.98,41174.98,5882.14,29410.7,organic,West
2015-03-22,1.22,2454313.03,859009.56,859009.56,122715.65,613578.26,conventional,Northeast
2015-03-22,1.7,114854.38,40199.03,40199.03,5742.72,28713.6,organic,Northeast
2015-03-22,1.16,2505439.03,876903.66,876903.66,125271.95,626359.76,conventional,Southeast
2015-03-22,1.53,150219.62,52576.87,52576.87,7510.98,37554.9,organic,Southeast
2015-03-22,1.05,2358025.1,825308.78,825308.78,117901.25,589506.27,conventional,Great_Lakes
2015-03-22,1.82,97038.6,33963.51,33963.51,4851.93,24259.65,organic,Great_Lakes
2015-03-22,1.21,1901060.86,665371.3,665371.3,95053.04,475265.21,conventional,MidSouth
2015-03-22,1.65,79496.92,27823.92,27823.92,3974.85,19874.23,organic,MidSouth
2015-03-22,1.16,3175410.64,1111393.72,1111393.72,158770.53,793852.66,conventional,SouthCentral
2015-03-22,1.8,131799.14,46129.7,46129.7,6589.96,32949.78,organic,SouthCentral
2015-03-29,1.07,3098977.6,1084642.16,1084642.16,154948.88,774744.4,conventional,California
2015-03-29,1.71,116464.65,40762.63,40762.63,5823.23,29116.16,organic,California
2015-03-29,1.07,3457109.92,1209988.47,1209988.47,172855.5,864277.48,conventional,West
2015-03-29,1.69,127746.03,44711.11,44711.11,6387.3,31936.51,organic,West
2015-03-29,1.1,2902350.29,1015822.6,1015822.6,145117.51,725587.57,conventional,Northeast
2015-03-29,1.43,130481.18,45668.41,45668.41,6524.06,32620.3,organic,Northeast
2015-03-29,1.08,2572587.43,900405.6,900405.6,128629.37,643146.86,conventional,Southeast
2015-03-29,1.7,120619.82,42216.94,42216.94,6030.99,30154.95,organic,Southeast
2015-03-29,1.24,2091375.24,731981.33,731981.33,104568.76,522843.81,conventional,Great_Lakes
2015-03-29,1.65,94484.6,33069.61,33069.61,4724.23,23621.15,organic,Great_Lakes
2015-03-29,1.15,1891041.85,661864.65,661864.65,94552.09,472760.46,conventional,MidSouth
2015-03-29,1.7,76529.47,26785.31,26785.31,3826.47,19132.37,organic,MidSouth
2015-03-29,1.2,3615493.78,1265422.82,1265422.82,180774.69,903873.45,conventional,SouthCentral
2015-03-29,1.63,160527.38,56184.58,56184.58,8026.37,40131.85,organic,SouthCentral
2015-04-05,1.22,2562783.13,896974.1,896974.1,128139.16,640695.78,conventional,California
2015-04-05,1.68,124289.9,43501.47,43501.47,6214.5,31072.48,organic,California
2015-04-05,1.16,2824038.55,988413.49,988413.49,141201.93,706009.64,conventional,West
2015-04-05,1.65,142966.2,50038.17,50038.17,7148.31,35741.55,organic,West
2015-04-05,1.3,2472537.22,865388.03,865388.03,123626.86,618134.31,conventional,Northeast
2015-04-05,1.97,84582.57,29603.9,29603.9,4229.13,21145.64,organic,Northeast
2015-04-05,1.24,2196784.61,768874.61,768874.61,109839.23,549196.15,conventional,Southeast
2015-04-05,1.98,74898.51,26214.48,26214.48,3744.93,18724.63,organic,Southeast
2015-04-05,1.07,2386255.87,835189.56,835189.56,119312.79,596563.97,conventional,Great_Lakes
2015-04-05,1.33,133979.69,46892.89,46892.89,6698.98,33494.92,organic,Great_Lakes
2015-04-05,1.07,2091690.84,732091.79,732091.79,104584.54,522922.71,conventional,MidSouth
2015-04-05,1.7,98284.53,34399.59,34399.59,4914.23,24571.13,organic,MidSouth
2015-04-05,1.25,2871346.88,1004971.41,1004971.41,143567.34,717836.72,conventional,SouthCentral
2015-04-05,1.52,178173.08,62360.58,62360.58,8908.65,44543.27,organic,SouthCentral
2015-04-12,1.02,3838149.06,1343352.17,1343352.17,191907.45,959537.26,conventional,California
2015-04-12,1.83,104784.92,36674.72,36674.72,5239.25,26196.23,organic,California
2015-04-12,0.98,4139284.45,1448749.56,1448749.56,206964.22,1034821.11,conventional,West
2015-04-12,1.63,156903.29,54916.15,54916.15,7845.16,39225.82,organic,West
2015-04-12,0.99,3051586.01,1068055.11,1068055.11,152579.3,762896.5,conventional,Northeast
2015-04-12,1.65,119892.9,41962.51,41962.51,5994.64,29973.22,organic,Northeast
2015-04-12,1.1,2620727.55,917254.64,917254.64,131036.38,655181.89,conventional,Southeast
2015-04-12,1.49,122509.89,42878.46,42878.46,6125.49,30627.47,organic,Southeast
2015-04-12,1.16,2342095.93,819733.58,819733.58,117104.8,585523.98,conventional,Great_Lakes
2015-04-12,1.76,83260.32,29141.11,29141.11,4163.02,20815.08,organic,Great_Lakes
2015-04-12,1.0,2513724.19,879803.47,879803.47,125686.21,628431.05,conventional,MidSouth
2015-04-12,1.7,75690.31,26491.61,26491.61,3784.52,18922.58,organic,MidSouth
2015-04-12,1.31,2861326.44,1001464.25,1001464.25,143066.32,715331.61,conventional,SouthCentral
2015-04-12,1.83,128991.64,45147.07,45147.07,6449.58,32247.91,organic,SouthCentral
2015-04-19,1.36,2665599.89,932959.96,932959.96,133279.99,666399.97,conventional,California
2015-04-19,1.61,145926.83,51074.39,51074.39,7296.34,36481.71,organic,California
2015-04-19,1.21,3163944.66,1107380.63,1107380.63,158197.23,790986.17,conventional,West
2015-04-19,1.51,167748.39,58711.94,58711.94,8387.42,41937.1,organic,West
2015-04-19,1.26,2067405.6,723591.96,723591.96,103370.28,516851.4,conventional,Northeast
2015-04-19,1.47,115515.12,40430.29,40430.29,5775.76,28878.78,organic,Northeast
2015-04-19,1.12,2587665.2,905682.82,905682.82,129383.26,646916.3,conventional,Southeast
2015-04-19,1.88,88647.12,31026.49,31026.49,4432.36,22161.78,organic,Southeast
2015-04-19,1.31,1727943.01,604780.05,604780.05,86397.15,431985.75,conventional,Great_Lakes
2015-04-19,1.39,131010.46,45853.66,45853.66,6550.52,32752.61,organic,Great_Lakes
2015-04-19,1.19,1816474.24,635765.98,635765.98,90823.71,454118.56,conventional,MidSouth
2015-04-19,1.34,115528.83,40435.09,40435.09,5776.44,28882.21,organic,MidSouth
2015-04-19,1.02,4072527.63,1425384.67,1425384.67,203626.38,1018131.91,conventional,SouthCentral
2015-04-19,1.7,129359.52,45275.83,45275.83,6467.98,32339.88,organic,SouthCentral
2015-04-26,1.1,2768890.69,969111.74,969111.74,138444.53,692222.67,conventional,California
2015-04-26,1.64,141981.15,49693.4,49693.4,7099.06,35495.29,organic,California
2015-04-26,1.05,3535735.02,1237507.26,1237507.26,176786.75,883933.76,conventional,West
2015-04-26,1.57,135770.85,47519.8,47519.8,6788.54,33942.71,organic,West
2015-04-26,1.14,2474202.99,865971.05,865971.05,123710.15,618550.75,conventional,Northeast
2015-04-26,1.57,114467.59,40063.66,40063.66,5723.38,28616.9,organic,Northeast
2015-04-26,1.35,1953033.97,683561.89,683561.89,97651.7,488258.49,conventional,Southeast
2015-04-26,1.55,120213.82,42074.84,42074.84,6010.69,30053.46,organic,Southeast
2015-04-26,1.14,2264809.93,792683.47,792683.47,113240.5,566202.48,conventional,Great_Lakes
2015-04-26,1.74,101770.49,35619.67,35619.67,5088.52,25442.62,organic,Great_Lakes
2015-04-26,1.1,1922348.0,672821.8,672821.8,96117.4,480587.0,conventional,MidSouth
2015-04-26,1.61,70381.84,24633.64,24633.64,3519.09,17595.46,organic,MidSouth
2015-04-26,1.0,4420026.72,1547009.35,1547009.35,221001.34,1105006.68,conventional,SouthCentral
2015-04-26,1.9,118132.81,41346.48,41346.48,5906.64,29533.2,organic,SouthCentral
2015-05-03,1.21,2611648.58,914077.0,914077.0,130582.43,652912.15,conventional,California
2015-05-03,2.11,94027.12,32909.49,32909.49,4701.36,23506.78,organic,California
2015-05-03,1.14,2713685.85,949790.05,949790.05,135684.29,678421.46,conventional,West
2015-05-03,1.41,167920.21,58772.07,58772.07,8396.01,41980.05,organic,West
2015-05-03,1.07,2455910.66,859568.73,859568.73,122795.53,613977.66,conventional,Northeast
2015-05-03,1.55,111666.36,39083.23,39083.23,5583.32,27916.59,organic,Northeast
2015-05-03,1.32,2040757.67,714265.18,714265.18,102037.88,510189.42,conventional,Southeast
2015-05-03,1.65,117749.22,41212.23,41212.23,5887.46,29437.3,organic,Southeast
2015-05-03,1.16,2005318.29,701861.4,701861.4,100265.91,501329.57,conventional,Great_Lakes
2015-05-03,1.88,84607.4,29612.59,29612.59,4230.37,21151.85,organic,Great_Lakes
2015-05-03,1.05,2001095.92,700383.57,700383.57,100054.8,500273.98,conventional,MidSouth
2015-05-03,1.52,80035.85,28012.55,28012.55,4001.79,20008.96,organic,MidSouth
2015-05-03,1.24,3341138.62,1169398.52,1169398.52,167056.93,835284.65,conventional,SouthCentral
2015-05-03,1.44,184236.22,64482.68,64482.68,9211.81,46059.05,organic,SouthCentral
2015-05-10,1.08,2801239.41,980433.79,980433.79,140061.97,700309.85,conventional,California
2015-05-10,1.56,121320.42,42462.15,42462.15,6066.02,30330.11,organic,California
2015-05-10,1.15,2688625.35,941018.87,941018.87,134431.27,672156.34,conventional,West
2015-05-10,1.69,124571.14,43599.9,43599.9,6228.56,31142.79,organic,West
2015-05-10,1.13,2413019.33,844556.77,844556.77,120650.97,603254.83,conventional,Northeast
2015-05-10,1.56,132838.03,46493.31,46493.31,6641.9,33209.51,organic,Northeast
2015-05-10,1.2,1978639.51,692523.83,692523.83,98931.98,494659.88,conventional,Southeast
2015-05-10,1.66,107891.84,37762.15,37762.15,5394.59,26972.96,organic,Southeast
2015-05-10,0.98,2752790.95,963476.83,963476.83,137639.55,688197.74,conventional,Great_Lakes
2015-05-10,1.55,113171.77,39610.12,39610.12,5658.59,28292.94,organic,Great_Lakes
2015-05-10,1.07,1702706.7,595947.34,595947.34,85135.33,425676.67,conventional,MidSouth
2015-05-10,1.41,103681.11,36288.39,36288.39,5184.06,25920.28,organic,MidSouth
2015-05-10,1.18,2857991.87,1000297.15,1000297.15,142899.59,714497.97,conventional,SouthCentral
2015-05-10,1.75,110514.69,38680.14,38680.14,5525.73,27628.67,organic,SouthCentral
2015-05-17,1.14,2475772.65,866520.43,866520.43,123788.63,618943.16,conventional,California
2015-05-17,1.55,134043.69,46915.29,46915.29,6702.18,33510.92,organic,California
2015-05-17,1.06,3087035.83,1080462.54,1080462.54,154351.79,771758.96,conventional,West
2015-05-17,1.8,107484.06,37619.42,37619.42,5374.2,26871.01,organic,West
2015-05-17,1.23,2115251.72,740338.1,740338.1,105762.59,528812.93,conventional,Northeast
2015-05-17,1.73,122290.64,42801.72,42801.72,6114.53,30572.66,organic,Northeast
2015-05-17,0.9,2865171.89,1002810.16,1002810.16,143258.59,716292.97,conventional,Southeast
2015-05-17,1.74,92063.04,32222.06,32222.06,4603.15,23015.76,organic,Southeast
2015-05-17,1.19,1983897.86,694364.25,694364.25,99194.89,495974.47,conventional,Great_Lakes
2015-05-17,1.66,94757.78,33165.22,33165.22,4737.89,23689.44,organic,Great_Lakes
2015-05-17,1.27,1632684.3,571439.5,571439.5,81634.21,408171.07,conventional,MidSouth
2015-05-17,1.7,74425.56,26048.95,26048.95,3721.28,18606.39,organic,MidSouth
2015-05-17,1.1,3221778.9,1127622.61,1127622.61,161088.94,805444.72,conventional,SouthCentral
2015-05-17,1.71,129153.54,45203.74,45203.74,6457.68,32288.38,organic,SouthCentral
2015-05-24,1.18,3099235.93,1084732.58,1084732.58,154961.8,774808.98,conventional,California
2015-05-24,1.78,105095.95,36783.58,36783.58,5254.8,26273.99,organic,California
2015-05-24,1.27,2469300.32,864255.11,864255.11,123465.02,617325.08,conventional,West
2015-05-24,1.34,159636.63,55872.82,55872.82,7981.83,39909.16,organic,West
2015-05-24,0.96,3068071.33,1073824.96,1073824.96,153403.57,767017.83,conventional,Northeast
2015-05-24,1.65,134013.16,46904.61,46904.61,6700.66,33503.29,organic,Northeast
2015-05-24,1.18,2141145.74,749401.01,749401.01,107057.29,535286.43,conventional,Southeast
2015-05-24,1.77,72917.0,25520.95,25520.95,3645.85,18229.25,organic,Southeast
2015-05-24,1.17,2246570.28,786299.6,786299.6,112328.51,561642.57,conventional,Great_Lakes
2015-05-24,1.43,135579.26,47452.74,47452.74,6778.96,33894.81,organic,Great_Lakes
2015-05-24,1.18,1684182.68,589463.94,589463.94,84209.13,421045.67,conventional,MidSouth
2015-05-24,1.74,93644.25,32775.49,32775.49,4682.21,23411.06,organic,MidSouth
2015-05-24,1.17,3160168.85,1106059.1,1106059.1,158008.44,790042.21,conventional,SouthCentral
2015-05-24,1.58,139065.99,48673.1,48673.1,6953.3,34766.5,organic,SouthCentral
2015-05-31,1.23,2317755.87,811214.55,811214.55,115887.79,579438.97,conventional,California
2015-05-31,1.66,114927.73,40224.71,40224.71,5746.39,28731.93,organic,California
2015-05-31,1.2,2819202.42,986720.85,986720.85,140960.12,704800.61,conventional,West
2015-05-31,1.81,107784.22,37724.48,37724.48,5389.21,26946.06,organic,West
2015-05-31,1.12,2407576.08,842651.63,842651.63,120378.8,601894.02,conventional,Northeast
2015-05-31,1.58,125508.91,43928.12,43928.12,6275.45,31377.23,organic,Northeast
2015-05-31,1.23,1935661.62,677481.57,677481.57,96783.08,483915.41,conventional,Southeast
2015-05-31,1.78,103638.64,36273.53,36273.53,5181.93,25909.66,organic,Southeast
2015-05-31,1.19,2408685.1,843039.78,843039.78,120434.25,602171.27,conventional,Great_Lakes
2015-05-31,1.53,95928.14,33574.85,33574.85,4796.41,23982.04,organic,Great_Lakes
2015-05-31,0.97,2510510.61,878678.71,878678.71,125525.53,627627.65,conventional,MidSouth
2015-05-31,1.75,74002.19,25900.77,25900.77,3700.11,18500.55,organic,MidSouth
2015-05-31,1.18,2801836.88,980642.91,980642.91,140091.84,700459.22,conventional,SouthCentral
2015-05-31,2.02,106454.49,37259.07,37259.07,5322.72,26613.62,organic,SouthCentral
2015-06-07,1.16,2638304.96,923406.74,923406.74,131915.25,659576.24,conventional,California
2015-06-07,1.72,108599.4,38009.79,38009.79,5429.97,27149.85,organic,California
2015-06-07,1.07,3050125.28,1067543.85,1067543.85,152506.26,762531.32,conventional,West
2015-06-07,1.93,109032.95,38161.53,38161.53,5451.65,27258.24,organic,West
2015-06-07,1.31,1919065.87,671673.05,671673.05,95953.29,479766.47,conventional,Northeast
2015-06-07,1.5,120218.54,42076.49,42076.49,6010.93,30054.63,organic,Northeast
2015-06-07,1.16,2277506.49,797127.27,797127.27,113875.32,569376.62,conventional,Southeast
2015-06-07,1.4,141276.07,49446.62,49446.62,7063.8,35319.02,organic,Southeast
2015-06-07,1.13,1981610.06,693563.52,693563.52,99080.5,495402.52,conventional,Great_Lakes
2015-06-07,1.5,88732.73,31056.45,31056.45,4436.64,22183.18,organic,Great_Lakes
2015-06-07,1.23,1549438.16,542303.36,542303.36,77471.91,387359.54,conventional,MidSouth
2015-06-07,1.46,79966.31,27988.21,27988.21,3998.32,19991.58,organic,MidSouth
2015-06-07,1.12,3485543.74,1219940.31,1219940.31,174277.19,871385.94,conventional,SouthCentral
2015-06-07,1.61,117817.35,41236.07,41236.07,5890.87,29454.34,organic,SouthCentral
2015-06-14,1.13,2532210.67,886273.74,886273.74,126610.53,633052.67,conventional,California
2015-06-14,1.25,171733.45,60106.71,60106.71,8586.67,42933.36,organic,California
2015-06-14,1.13,2913927.8,1019874.73,1019874.73,145696.39,728481.95,conventional,West
2015-06-14,1.93,107084.7,37479.64,37479.64,5354.23,26771.17,organic,West
2015-06-14,1.12,2216587.96,775805.78,775805.78,110829.4,554146.99,conventional,Northeast
2015-06-14,2.04,77562.52,27146.88,27146.88,3878.13,19390.63,organic,Northeast
2015-06-14,1.15,2092051.49,732218.02,732218.02,104602.57,523012.87,conventional,Southeast
2015-06-14,1.68,90554.07,31693.93,31693.93,4527.7,22638.52,organic,Southeast
2015-06-14,1.09,2056449.87,719757.46,719757.46,102822.49,514112.47,conventional,Great_Lakes
2015-06-14,1.65,86182.14,30163.75,30163.75,4309.11,21545.54,organic,Great_Lakes
2015-06-14,1.08,1834822.9,642188.01,642188.01,91741.14,458705.72,conventional,MidSouth
2015-06-14,1.61,90884.47,31809.56,31809.56,4544.22,22721.12,organic,MidSouth
2015-06-14,0.88,4450115.47,1557540.42,1557540.42,222505.77,1112528.87,conventional,SouthCentral
2015-06-14,1.84,91406.91,31992.42,31992.42,4570.35,22851.73,organic,SouthCentral
2015-06-21,1.12,2539607.41,888862.59,888862.59,126980.37,634901.85,conventional,California
2015-06-21,1.44,128646.3,45026.2,45026.2,6432.31,32161.57,organic,California
2015-06-21,1.04,3509867.67,1228453.68,1228453.68,175493.38,877466.92,conventional,West
2015-06-21,1.79,121354.35,42474.02,42474.02,6067.72,30338.59,organic,West
2015-06-21,1.22,1990753.43,696763.7,696763.7,99537.67,497688.36,conventional,Northeast
2015-06-21,1.57,119427.27,41799.55,41799.55,5971.36,29856.82,organic,Northeast
2015-06-21,1.03,2557602.78,895160.97,895160.97,127880.14,639400.7,conventional,Southeast
2015-06-21,1.61,93954.19,32883.97,32883.97,4697.71,23488.55,organic,Southeast
2015-06-21,1.22,1937355.28,678074.35,678074.35,96867.76,484338.82,conventional,Great_Lakes
2015-06-21,1.6,106944.91,37430.72,37430.72,5347.25,26736.23,organic,Great_Lakes
2015-06-21,1.04,1995954.07,698583.92,698583.92,99797.7,498988.52,conventional,MidSouth
2015-06-21,1.74,67645.7,23676.0,23676.0,3382.29,16911.43,organic,MidSouth
2015-06-21,1.18,2567712.86,898699.5,898699.5,128385.64,641928.22,conventional,SouthCentral
2015-06-21,1.79,114909.65,40218.38,40218.38,5745.48,28727.41,organic,SouthCentral
2015-06-28,1.1,2903683.59,1016289.26,1016289.26,145184.18,725920.9,conventional,California
2015-06-28,1.54,108623.7,38018.3,38018.3,5431.19,27155.93,organic,California
2015-06-28,0.99,3382889.99,1184011.5,1184011.5,169144.5,845722.5,conventional,West
2015-06-28,1.46,173317.41,60661.09,60661.09,8665.87,43329.35,organic,West
2015-06-28,0.94,3456579.39,1209802.79,1209802.79,172828.97,864144.85,conventional,Northeast
2015-06-28,1.68,101728.68,35605.04,35605.04,5086.43,25432.17,organic,Northeast
2015-06-28,1.1,2302968.14,806038.85,806038.85,115148.41,575742.04,conventional,Southeast
2015-06-28,1.64,105913.79,37069.83,37069.83,5295.69,26478.45,organic,Southeast
2015-06-28,1.16,2014630.21,705120.57,705120.57,100731.51,503657.55,conventional,Great_Lakes
2015-06-28,1.6,94732.71,33156.45,33156.45,4736.64,23683.18,organic,Great_Lakes
2015-06-28,1.18,1417102.76,495985.97,495985.97,70855.14,354275.69,conventional,MidSouth
2015-06-28,1.45,98934.82,34627.19,34627.19,4946.74,24733.71,organic,MidSouth
2015-06-28,1.17,2843131.72,995096.1,995096.1,142156.59,710782.93,conventional,SouthCentral
2015-06-28,1.65,136438.4,47753.44,47753.44,6821.92,34109.6,organic,SouthCentral
2015-07-05,1.1,2325127.73,813794.71,813794.71,116256.39,581281.93,conventional,California
2015-07-05,1.68,92499.75,32374.91,32374.91,4624.99,23124.94,organic,California
2015-07-05,1.19,2076480.43,726768.15,726768.15,103824.02,519120.11,conventional,West
2015-07-05,1.8,102427.54,35849.64,35849.64,5121.38,25606.88,organic,West
2015-07-05,1.18,2288843.51,801095.23,801095.23,114442.18,572210.88,conventional,Northeast
2015-07-05,1.9,87573.8,30650.83,30650.83,4378.69,21893.45,organic,Northeast
2015-07-05,0.97,2179979.49,762992.82,762992.82,108998.97,544994.87,conventional,Southeast
2015-07-05,1.56,95537.62,33438.17,33438.17,4776.88,23884.4,organic,Southeast
2015-07-05,1.2,1664804.36,582681.53,582681.53,83240.22,416201.09,conventional,Great_Lakes
2015-07-05,1.68,75760.59,26516.21,26516.21,3788.03,18940.15,organic,Great_Lakes
2015-07-05,1.09,1486244.07,520185.42,520185.42,74312.2,371561.02,conventional,MidSouth
2015-07-05,1.51,69572.9,24350.51,24350.51,3478.64,17393.22,organic,MidSouth
2015-07-05,1.05,3304337.93,1156518.27,1156518.27,165216.9,826084.48,conventional,SouthCentral
2015-07-05,1.51,182052.95,63718.53,63718.53,9102.65,45513.24,organic,SouthCentral
2015-07-12,1.2,2243937.06,785377.97,785377.97,112196.85,560984.26,conventional,California
2015-07-12,1.52,126901.78,44415.62,44415.62,6345.09,31725.45,organic,California
2015-07-12,1.09,2676305.3,936706.85,936706.85,133815.26,669076.32,conventional,West
2015-07-12,2.03,80849.88,28297.46,28297.46,4042.49,20212.47,organic,West
2015-07-12,1.26,1825101.16,638785.41,638785.41,91255.06,456275.29,conventional,Northeast
2015-07-12,1.64,117258.44,41040.45,41040.45,5862.92,29314.61,organic,Northeast
2015-07-12,1.09,2407765.98,842718.09,842718.09,120388.3,601941.5,conventional,Southeast
2015-07-12,1.76,75144.46,26300.56,26300.56,3757.22,18786.11,organic,Southeast
2015-07-12,1.21,1884556.79,659594.88,659594.88,94227.84,471139.2,conventional,Great_Lakes
2015-07-12,1.74,65947.97,23081.79,23081.79,3297.4,16486.99,organic,Great_Lakes
2015-07-12,1.08,1652563.43,578397.2,578397.2,82628.17,413140.86,conventional,MidSouth
2015-07-12,1.64,75061.0,26271.35,26271.35,3753.05,18765.25,organic,MidSouth
2015-07-12,1.17,2396726.47,838854.27,838854.27,119836.32,599181.62,conventional,SouthCentral
2015-07-12,1.71,123439.9,43203.96,43203.96,6171.99,30859.97,organic,SouthCentral
2015-07-19,1.21,2394078.87,837927.61,837927.61,119703.94,598519.72,conventional,California
2015-07-19,1.78,98279.96,34397.99,34397.99,4914.0,24569.99,organic,California
2015-07-19,1.14,2192977.12,767541.99,767541.99,109648.86,548244.28,conventional,West
2015-07-19,1.71,107700.32,37695.11,37695.11,5385.02,26925.08,organic,West
2015-07-19,1.18,1907205.9,667522.06,667522.06,95360.29,476801.47,conventional,Northeast
2015-07-19,1.49,126850.62,44397.72,44397.72,6342.53,31712.65,organic,Northeast
2015-07-19,1.15,2059480.37,720818.13,720818.13,102974.02,514870.09,conventional,Southeast
2015-07-19,1.65,87209.38,30523.28,30523.28,4360.47,21802.34,organic,Southeast
2015-07-19,1.24,1621709.9,567598.46,567598.46,81085.49,405427.47,conventional,Great_Lakes
2015-07-19,1.66,78971.97,27640.19,27640.19,3948.6,19742.99,organic,Great_Lakes
2015-07-19,1.11,1590252.18,556588.26,556588.26,79512.61,397563.05,conventional,MidSouth
2015-07-19,1.68,64598.12,22609.34,22609.34,3229.91,16149.53,organic,MidSouth
2015-07-19,1.28,2223285.2,778149.82,778149.82,111164.26,555821.3,conventional,SouthCentral
2015-07-19,1.62,119988.21,41995.87,41995.87,5999.41,29997.05,organic,SouthCentral
2015-07-26,1.29,2041180.88,714413.31,714413.31,102059.04,510295.22,conventional,California
2015-07-26,1.8,78922.48,27622.87,27622.87,3946.12,19730.62,organic,California
2015-07-26,1.18,2593379.9,907682.96,907682.96,129668.99,648344.97,conventional,West
2015-07-26,1.66,122906.29,43017.2,43017.2,6145.31,30726.57,organic,West
2015-07-26,1.1,2578567.7,902498.69,902498.69,128928.38,644641.92,conventional,Northeast
2015-07-26,1.99,70920.45,24822.16,24822.16,3546.02,17730.11,organic,Northeast
2015-07-26,1.11,2291678.73,802087.56,802087.56,114583.94,572919.68,conventional,Southeast
2015-07-26,1.89,67737.4,23708.09,23708.09,3386.87,16934.35,organic,Southeast
2015-07-26,1.11,1909401.36,668290.48,668290.48,95470.07,477350.34,conventional,Great_Lakes
2015-07-26,1.45,92948.85,32532.1,32532.1,4647.44,23237.21,organic,Great_Lakes
2015-07-26,1.05,1637658.0,573180.3,573180.3,81882.9,409414.5,conventional,MidSouth
2015-07-26,1.64,71823.24,25138.13,25138.13,3591.16,17955.81,organic,MidSouth
2015-07-26,1.31,2142838.53,749993.48,749993.48,107141.93,535709.63,conventional,SouthCentral
2015-07-26,1.8,105183.89,36814.36,36814.36,5259.19,26295.97,organic,SouthCentral
2015-08-02,1.15,2325958.0,814085.3,814085.3,116297.9,581489.5,conventional,California
2015-08-02,1.48,120307.73,42107.71,42107.71,6015.39,30076.93,organic,California
2015-08-02,1.17,2388654.0,836028.9,836028.9,119432.7,597163.5,conventional,West
2015-08-02,1.69,129214.05,45224.92,45224.92,6460.7,32303.51,organic,West
2015-08-02,1.09,2105602.23,736960.78,736960.78,105280.11,526400.56,conventional,Northeast
2015-08-02,1.56,94941.36,33229.47,33229.47,4747.07,23735.34,organic,Northeast
2015-08-02,1.09,2157247.94,755036.78,755036.78,107862.4,539311.99,conventional,Southeast
2015-08-02,1.86,64634.49,22622.07,22622.07,3231.72,16158.62,organic,Southeast
2015-08-02,1.07,2000191.14,700066.9,700066.9,100009.56,500047.78,conventional,Great_Lakes
2015-08-02,1.57,90715.95,31750.58,31750.58,4535.8,22678.99,organic,Great_Lakes
2015-08-02,1.17,1266388.57,443236.0,443236.0,63319.43,316597.14,conventional,MidSouth
2015-08-02,1.88,64522.07,22582.72,22582.72,3226.1,16130.52,organic,MidSouth
2015-08-02,1.09,2654723.93,929153.37,929153.37,132736.2,663680.98,conventional,SouthCentral
2015-08-02,1.69,114369.81,40029.43,40029.43,5718.49,28592.45,organic,SouthCentral
2015-08-09,1.22,2401199.28,840419.75,840419.75,120059.96,600299.82,conventional,California
2015-08-09,1.62,93206.75,32622.36,32622.36,4660.34,23301.69,organic,California
2015-08-09,1.01,2587080.7,905478.25,905478.25,129354.04,646770.18,conventional,West
2015-08-09,1.65,126323.1,44213.09,44213.09,6316.16,31580.78,organic,West
2015-08-09,1.1,2206121.74,772142.61,772142.61,110306.09,551530.44,conventional,Northeast
2015-08-09,1.65,103794.41,36328.04,36328.04,5189.72,25948.6,organic,Northeast
2015-08-09,1.4,1365713.57,477999.75,477999.75,68285.68,341428.39,conventional,Southeast
2015-08-09,1.58,97581.81,34153.63,34153.63,4879.09,24395.45,organic,Southeast
2015-08-09,1.22,1891456.18,662009.66,662009.66,94572.81,472864.04,conventional,Great_Lakes
2015-08-09,1.74,70362.94,24627.03,24627.03,3518.15,17590.73,organic,Great_Lakes
2015-08-09,1.21,1499875.78,524956.52,524956.52,74993.79,374968.94,conventional,MidSouth
2015-08-09,1.77,62033.77,21711.82,21711.82,3101.69,15508.44,organic,MidSouth
2015-08-09,1.26,2513247.94,879636.78,879636.78,125662.4,628311.98,conventional,SouthCentral
2015-08-09,1.86,102699.18,35944.71,35944.71,5134.96,25674.79,organic,SouthCentral
2015-08-16,1.13,2258709.73,790548.4,790548.4,112935.49,564677.43,conventional,California
2015-08-16,1.83,77673.94,27185.88,27185.88,3883.7,19418.49,organic,California
2015-08-16,1.19,2177953.16,762283.61,762283.61,108897.66,544488.29,conventional,West
2015-08-16,1.65,118960.74,41636.26,41636.26,5948.04,29740.19,organic,West
2015-08-16,1.17,2011497.48,704024.12,704024.12,100574.87,502874.37,conventional,Northeast
2015-08-16,1.45,120770.96,42269.83,42269.83,6038.55,30192.74,organic,Northeast
2015-08-16,1.21,2028373.38,709930.68,709930.68,101418.67,507093.34,conventional,Southeast
2015-08-16,1.6,87574.17,30650.96,30650.96,4378.71,21893.54,organic,Southeast
2015-08-16,1.17,1936716.23,677850.68,677850.68,96835.81,484179.06,conventional,Great_Lakes
2015-08-16,1.64,82116.14,28740.65,28740.65,4105.81,20529.03,organic,Great_Lakes
2015-08-16,1.21,1390736.5,486757.77,486757.77,69536.82,347684.12,conventional,MidSouth
2015-08-16,1.58,71265.73,24943.0,24943.0,3563.29,17816.43,organic,MidSouth
2015-08-16,1.26,2106903.26,737416.14,737416.14,105345.16,526725.82,conventional,SouthCentral
2015-08-16,1.67,105260.64,36841.22,36841.22,5263.03,26315.16,organic,SouthCentral
2015-08-23,1.27,1714844.37,600195.53,600195.53,85742.22,428711.09,conventional,California
2015-08-23,1.57,110638.35,38723.42,38723.42,5531.92,27659.59,organic,California
2015-08-23,1.31,1982778.98,693972.64,693972.64,99138.95,495694.74,conventional,West
2015-08-23,1.57,137093.77,47982.82,47982.82,6854.69,34273.44,organic,West
2015-08-23,1.01,2030093.8,710532.83,710532.83,101504.69,507523.45,conventional,Northeast
2015-08-23,1.72,82458.34,28860.42,28860.42,4122.92,20614.59,organic,Northeast
2015-08-23,1.05,2171352.63,759973.42,759973.42,108567.63,542838.16,conventional,Southeast
2015-08-23,1.69,75091.89,26282.16,26282.16,3754.59,18772.97,organic,Southeast
2015-08-23,1.02,2179181.13,762713.4,762713.4,108959.06,544795.28,conventional,Great_Lakes
2015-08-23,1.75,71601.86,25060.65,25060.65,3580.09,17900.47,organic,Great_Lakes
2015-08-23,1.33,1113535.07,389737.27,389737.27,55676.75,278383.77,conventional,MidSouth
2015-08-23,1.42,76677.59,26837.16,26837.16,3833.88,19169.4,organic,MidSouth
2015-08-23,1.15,2620436.83,917152.89,917152.89,131021.84,655109.21,conventional,SouthCentral
2015-08-23,1.61,123093.3,43082.65,43082.65,6154.66,30773.32,organic,SouthCentral
2015-08-30,1.02,2841363.18,994477.11,994477.11,142068.16,710340.79,conventional,California
2015-08-30,1.64,111419.07,38996.68,38996.68,5570.95,27854.77,organic,California
2015-08-30,1.18,2337609.19,818163.22,818163.22,116880.46,584402.3,conventional,West
2015-08-30,1.74,101888.96,35661.14,35661.14,5094.45,25472.24,organic,West
2015-08-30,1.21,2125737.76,744008.22,744008.22,106286.89,531434.44,conventional,Northeast
2015-08-30,1.68,96127.0,33644.45,33644.45,4806.35,24031.75,organic,Northeast
2015-08-30,1.14,2069771.69,724420.09,724420.09,103488.58,517442.92,conventional,Southeast
2015-08-30,1.55,108125.21,37843.83,37843.83,5406.26,27031.3,organic,Southeast
2015-08-30,1.15,1570706.35,549747.22,549747.22,78535.32,392676.59,conventional,Great_Lakes
2015-08-30,1.67,72363.93,25327.37,25327.37,3618.2,18090.98,organic,Great_Lakes
2015-08-30,1.23,1269844.44,444445.55,444445.55,63492.22,317461.11,conventional,MidSouth
2015-08-30,1.58,57859.45,20250.81,20250.81,2892.97,14464.86,organic,MidSouth
2015-08-30,1.1,2214785.07,775174.78,775174.78,110739.25,553696.27,conventional,SouthCentral
2015-08-30,1.41,156605.28,54811.85,54811.85,7830.26,39151.32,organic,SouthCentral
2015-09-06,1.23,2039706.98,713897.44,713897.44,101985.35,509926.74,conventional,California
2015-09-06,1.5,109969.8,38489.43,38489.43,5498.49,27492.45,organic,California
2015-09-06,1.15,2082672.49,728935.37,728935.37,104133.62,520668.12,conventional,West
2015-09-06,1.88,92487.55,32370.64,32370.64,4624.38,23121.89,organic,West
2015-09-06,1.13,2051970.42,718189.65,718189.65,102598.52,512992.61,conventional,Northeast
2015-09-06,1.68,71210.53,24923.68,24923.68,3560.53,17802.63,organic,Northeast
2015-09-06,1.13,1736151.15,607652.9,607652.9,86807.56,434037.79,conventional,Southeast
2015-09-06,1.5,89993.17,31497.61,31497.61,4499.66,22498.29,organic,Southeast
2015-09-06,1.33,1503748.53,526311.98,526311.98,75187.43,375937.13,conventional,Great_Lakes
2015-09-06,1.56,88327.8,30914.73,30914.73,4416.39,22081.95,organic,Great_Lakes
2015-09-06,1.29,1331569.91,466049.47,466049.47,66578.5,332892.48,conventional,MidSouth
2015-09-06,1.66,59661.61,20881.56,20881.56,2983.08,14915.4,organic,MidSouth
2015-09-06,1.22,2394899.69,838214.89,838214.89,119744.98,598724.92,conventional,SouthCentral
2015-09-06,1.78,106406.46,37242.26,37242.26,5320.32,26601.61,organic,SouthCentral
2015-09-13,1.25,1839326.79,643764.38,643764.38,91966.34,459831.7,conventional,California
2015-09-13,1.85,82850.79,28997.78,28997.78,4142.54,20712.7,organic,California
2015-09-13,1.36,1756664.55,614832.59,614832.59,87833.23,439166.14,conventional,West
2015-09-13,1.91,84056.14,29419.65,29419.65,4202.81,21014.03,organic,West
2015-09-13,1.08,2067991.84,723797.15,723797.15,103399.59,516997.96,conventional,Northeast
2015-09-13,1.6,97975.09,34291.28,34291.28,4898.75,24493.77,organic,Northeast
2015-09-13,1.2,1612196.31,564268.71,564268.71,80609.82,403049.08,conventional,Southeast
2015-09-13,1.65,99702.16,34895.75,34895.75,4985.11,24925.54,organic,Southeast
2015-09-13,1.32,1489157.45,521205.11,521205.11,74457.87,372289.36,conventional,Great_Lakes
2015-09-13,1.66,77528.32,27134.91,27134.91,3876.42,19382.08,organic,Great_Lakes
2015-09-13,1.21,1232609.78,431413.42,431413.42,61630.49,308152.44,conventional,MidSouth
2015-09-13,1.61,56269.21,19694.22,19694.22,2813.46,14067.3,organic,MidSouth
2015-09-13,1.19,2521010.18,882353.56,882353.56,126050.51,630252.55,conventional,SouthCentral
2015-09-13,1.58,140595.42,49208.4,49208.4,7029.77,35148.86,organic,SouthCentral
2015-09-20,1.03,2192682.51,767438.88,767438.88,109634.13,548170.63,conventional,California
2015-09-20,1.68,103686.08,36290.13,36290.13,5184.3,25921.52,organic,California
2015-09-20,1.32,1855964.29,649587.5,649587.5,92798.21,463991.07,conventional,West
2015-09-20,1.81,88883.34,31109.17,31109.17,4444.17,22220.83,organic,West
2015-09-20,1.13,2185832.91,765041.52,765041.52,109291.65,546458.23,conventional,Northeast
2015-09-20,1.75,70380.03,24633.01,24633.01,3519.0,17595.01,organic,Northeast
2015-09-20,1.3,1713403.17,599691.11,599691.11,85670.16,428350.79,conventional,Southeast
2015-09-20,1.56,91107.63,31887.67,31887.67,4555.38,22776.91,organic,Southeast
2015-09-20,1.2,1659512.32,580829.31,580829.31,82975.62,414878.08,conventional,Great_Lakes
2015-09-20,1.57,77760.6,27216.21,27216.21,3888.03,19440.15,organic,Great_Lakes
2015-09-20,1.15,1572276.94,550296.93,550296.93,78613.85,393069.24,conventional,MidSouth
2015-09-20,1.73,57516.78,20130.87,20130.87,2875.84,14379.19,organic,MidSouth
2015-09-20,1.23,1833950.49,641882.67,641882.67,91697.52,458487.62,conventional,SouthCentral
2015-09-20,1.82,81299.34,28454.77,28454.77,4064.97,20324.84,organic,SouthCentral
2015-09-27,1.11,2037752.05,713213.22,713213.22,101887.6,509438.01,conventional,California
2015-09-27,1.46,130434.55,45652.09,45652.09,6521.73,32608.64,organic,California
2015-09-27,1.1,2473290.69,865651.74,865651.74,123664.53,618322.67,conventional,West
2015-09-27,1.64,108376.54,37931.79,37931.79,5418.83,27094.13,organic,West
2015-09-27,1.16,1788605.46,626011.91,626011.91,89430.27,447151.36,conventional,Northeast
2015-09-27,1.8,75078.8,26277.58,26277.58,3753.94,18769.7,organic,Northeast
2015-09-27,0.99,2068069.19,723824.22,723824.22,103403.46,517017.3,conventional,Southeast
2015-09-27,1.88,72082.87,25229.01,25229.01,3604.14,18020.72,organic,Southeast
2015-09-27,1.12,1731157.2,605905.02,605905.02,86557.86,432789.3,conventional,Great_Lakes
2015-09-27,1.6,99087.33,34680.57,34680.57,4954.37,24771.83,organic,Great_Lakes
2015-09-27,1.19,1418342.49,496419.87,496419.87,70917.12,354585.62,conventional,MidSouth
2015-09-27,1.8,57459.09,20110.68,20110.68,2872.95,14364.77,organic,MidSouth
2015-09-27,1.12,2530235.4,885582.39,885582.39,126511.77,632558.85,conventional,SouthCentral
2015-09-27,1.64,112976.66,39541.83,39541.83,5648.83,28244.16,organic,SouthCentral
2015-10-04,1.22,2038522.29,713482.8,713482.8,101926.11,509630.57,conventional,California
2015-10-04,1.76,88724.29,31053.5,31053.5,4436.21,22181.07,organic,California
2015-10-04,1.16,1975699.68,691494.89,691494.89,98784.98,493924.92,conventional,West
2015-10-04,1.79,96494.93,33773.23,33773.23,4824.75,24123.73,organic,West
2015-10-04,1.25,1462338.76,511818.56,511818.56,73116.94,365584.69,conventional,Northeast
2015-10-04,1.96,69869.48,24454.32,24454.32,3493.47,17467.37,organic,Northeast
2015-10-04,1.26,1498171.81,524360.13,524360.13,74908.59,374542.95,conventional,Southeast
2015-10-04,1.74,68125.1,23843.79,23843.79,3406.26,17031.28,organic,Southeast
2015-10-04,1.09,2191193.54,766917.74,766917.74,109559.68,547798.38,conventional,Great_Lakes
2015-10-04,1.62,82694.61,28943.11,28943.11,4134.73,20673.65,organic,Great_Lakes
2015-10-04,1.24,1387886.39,485760.24,485760.24,69394.32,346971.6,conventional,MidSouth
2015-10-04,1.67,66751.9,23363.17,23363.17,3337.6,16687.98,organic,MidSouth
2015-10-04,1.39,2007851.31,702747.96,702747.96,100392.57,501962.83,conventional,SouthCentral
2015-10-04,1.68,124258.7,43490.54,43490.54,6212.93,31064.67,organic,SouthCentral
2015-10-11,1.26,2148963.14,752137.1,752137.1,107448.16,537240.78,conventional,California
2015-10-11,1.75,80750.11,28262.54,28262.54,4037.51,20187.53,organic,California
2015-10-11,1.31,1806826.11,632389.14,632389.14,90341.31,451706.53,conventional,West
2015-10-11,1.7,93571.37,32749.98,32749.98,4678.57,23392.84,organic,West
2015-10-11,1.14,2115005.78,740252.02,740252.02,105750.29,528751.44,conventional,Northeast
2015-10-11,1.7,91865.92,32153.07,32153.07,4593.3,22966.48,organic,Northeast
2015-10-11,1.31,1607339.62,562568.87,562568.87,80366.98,401834.9,conventional,Southeast
2015-10-11,1.61,93511.16,32728.91,32728.91,4675.56,23377.79,organic,Southeast
2015-10-11,1.27,1405473.53,491915.73,491915.73,70273.68,351368.38,conventional,Great_Lakes
2015-10-11,1.74,78098.41,27334.44,27334.44,3904.92,19524.6,organic,Great_Lakes
2015-10-11,1.12,1685596.42,589958.75,589958.75,84279.82,421399.1,conventional,MidSouth
2015-10-11,1.63,67898.91,23764.62,23764.62,3394.95,16974.73,organic,MidSouth
2015-10-11,1.13,2609374.41,913281.04,913281.04,130468.72,652343.6,conventional,SouthCentral
2015-10-11,1.49,116506.44,40777.25,40777.25,5825.32,29126.61,organic,SouthCentral
2015-10-18,1.31,1741408.7,609493.05,609493.05,87070.44,435352.18,conventional,California
2015-10-18,1.5,91529.39,32035.29,32035.29,4576.47,22882.35,organic,California
2015-10-18,1.09,2258963.52,790637.23,790637.23,112948.18,564740.88,conventional,West
2015-10-18,1.9,94362.99,33027.05,33027.05,4718.15,23590.75,organic,West
2015-10-18,1.08,2646110.25,926138.59,926138.59,132305.51,661527.56,conventional,Northeast
2015-10-18,1.8,78305.08,27406.78,27406.78,3915.25,19576.27,organic,Northeast
2015-10-18,0.9,2980326.13,1043114.15,1043114.15,149016.31,745081.53,conventional,Southeast
2015-10-18,1.44,85287.93,29850.77,29850.77,4264.4,21321.98,organic,Southeast
2015-10-18,1.25,1916140.43,670649.15,670649.15,95807.02,479035.11,conventional,Great_Lakes
2015-10-18,1.86,69809.75,24433.41,24433.41,3490.49,17452.44,organic,Great_Lakes
2015-10-18,1.21,1468931.83,514126.14,514126.14,73446.59,367232.96,conventional,MidSouth
2015-10-18,1.76,61123.85,21393.35,21393.35,3056.19,15280.96,organic,MidSouth
2015-10-18,1.16,2515889.4,880561.29,880561.29,125794.47,628972.35,conventional,SouthCentral
2015-10-18,1.54,124326.89,43514.41,43514.41,6216.34,31081.72,organic,SouthCentral
2015-10-25,0.98,2653684.23,928789.48,928789.48,132684.21,663421.06,conventional,California
2015-10-25,1.5,101617.98,35566.29,35566.29,5080.9,25404.49,organic,California
2015-10-25,1.17,2563195.45,897118.41,897118.41,128159.77,640798.86,conventional,West
2015-10-25,1.79,79641.97,27874.69,27874.69,3982.1,19910.49,organic,West
2015-10-25,1.05,2468245.96,863886.09,863886.09,123412.3,617061.49,conventional,Northeast
2015-10-25,1.5,103462.47,36211.87,36211.87,5173.12,25865.62,organic,Northeast
2015-10-25,1.21,1594510.51,558078.68,558078.68,79725.53,398627.63,conventional,Southeast
2015-10-25,1.67,70831.19,24790.91,24790.91,3541.56,17707.8,organic,Southeast
2015-10-25,1.09,1923861.78,673351.62,673351.62,96193.09,480965.45,conventional,Great_Lakes
2015-10-25,1.41,104155.94,36454.58,36454.58,5207.8,26038.98,organic,Great_Lakes
2015-10-25,1.15,1530552.54,535693.39,535693.39,76527.63,382638.13,conventional,MidSouth
2015-10-25,1.68,73042.85,25565.0,25565.0,3652.14,18260.71,organic,MidSouth
2015-10-25,1.16,2437611.83,853164.14,853164.14,121880.59,609402.96,conventional,SouthCentral
2015-10-25,1.67,119369.06,41779.17,41779.17,5968.45,29842.27,organic,SouthCentral
2015-11-01,1.15,2325409.21,813893.22,813893.22,116270.46,581352.3,conventional,California
2015-11-01,1.54,108217.33,37876.06,37876.06,5410.87,27054.33,organic,California
2015-11-01,1.01,3363694.66,1177293.13,1177293.13,168184.73,840923.66,conventional,West
2015-11-01,1.46,124806.01,43682.1,43682.1,6240.3,31201.5,organic,West
2015-11-01,1.08,2532438.85,886353.6,886353.6,126621.94,633109.71,conventional,Northeast
2015-11-01,1.61,115360.88,40376.31,40376.31,5768.04,28840.22,organic,Northeast
2015-11-01,1.08,2141235.43,749432.4,749432.4,107061.77,535308.86,conventional,Southeast
2015-11-01,1.52,121775.14,42621.3,42621.3,6088.76,30443.79,organic,Southeast
2015-11-01,1.03,2189865.68,766452.99,766452.99,109493.28,547466.42,conventional,Great_Lakes
2015-11-01,1.75,80296.39,28103.74,28103.74,4014.82,20074.1,organic,Great_Lakes
2015-11-01,1.13,1568942.04,549129.71,549129.71,78447.1,392235.51,conventional,MidSouth
2015-11-01,1.66,68400.95,23940.33,23940.33,3420.05,17100.24,organic,MidSouth
2015-11-01,1.25,2933895.74,1026863.51,1026863.51,146694.79,733473.94,conventional,SouthCentral
2015-11-01,1.57,115203.55,40321.24,40321.24,5760.18,28800.89,organic,SouthCentral
2015-11-08,1.14,2892027.93,1012209.78,1012209.78,144601.4,723006.98,conventional,California
2015-11-08,1.53,138272.72,48395.45,48395.45,6913.64,34568.18,organic,California
2015-11-08,1.32,2005665.63,701982.97,701982.97,100283.28,501416.41,conventional,West
2015-11-08,1.74,121905.25,42666.84,42666.84,6095.26,30476.31,organic,West
2015-11-08,1.11,2231274.96,780946.24,780946.24,111563.75,557818.74,conventional,Northeast
2015-11-08,1.56,95826.59,33539.31,33539.31,4791.33,23956.65,organic,Northeast
2015-11-08,1.09,1893365.16,662677.81,662677.81,94668.26,473341.29,conventional,Southeast
2015-11-08,1.66,80443.49,28155.22,28155.22,4022.17,20110.87,organic,Southeast
2015-11-08,1.17,1605084.58,561779.6,561779.6,80254.23,401271.15,conventional,Great_Lakes
2015-11-08,1.7,87118.48,30491.47,30491.47,4355.92,21779.62,organic,Great_Lakes
2015-11-08,0.95,2030745.15,710760.8,710760.8,101537.26,507686.29,conventional,MidSouth
2015-11-08,1.83,52792.87,18477.5,18477.5,2639.64,13198.22,organic,MidSouth
2015-11-08,1.32,2372355.38,830324.38,830324.38,118617.77,593088.84,conventional,SouthCentral
2015-11-08,1.54,134215.32,46975.36,46975.36,6710.77,33553.83,organic,SouthCentral
2015-11-15,1.21,2209504.39,773326.54,773326.54,110475.22,552376.1,conventional,California
2015-11-15,1.73,88918.73,31121.56,31121.56,4445.94,22229.68,organic,California
2015-11-15,1.17,2179542.81,762839.98,762839.98,108977.14,544885.7,conventional,West
2015-11-15,1.63,103638.26,36273.39,36273.39,5181.91,25909.57,organic,West
2015-11-15,1.08,2607685.56,912689.95,912689.95,130384.28,651921.39,conventional,Northeast
2015-11-15,1.81,90156.56,31554.8,31554.8,4507.83,22539.14,organic,Northeast
2015-11-15,1.04,2144844.42,750695.55,750695.55,107242.22,536211.1,conventional,Southeast
2015-11-15,1.83,75674.71,26486.15,26486.15,3783.74,18918.68,organic,Southeast
2015-11-15,1.38,1529007.16,535152.51,535152.51,76450.36,382251.79,conventional,Great_Lakes
2015-11-15,1.68,79162.03,27706.71,27706.71,3958.1,19790.51,organic,Great_Lakes
2015-11-15,1.16,1512636.17,529422.66,529422.66,75631.81,378159.04,conventional,MidSouth
2015-11-15,1.76,69975.14,24491.3,24491.3,3498.76,17493.78,organic,MidSouth
2015-11-15,1.07,2670040.94,934514.33,934514.33,133502.05,667510.23,conventional,SouthCentral
2015-11-15,1.37,169087.55,59180.64,59180.64,8454.38,42271.89,organic,SouthCentral
2015-11-22,1.04,2225092.11,778782.24,778782.24,111254.61,556273.03,conventional,California
2015-11-22,1.71,127579.65,44652.88,44652.88,6378.98,31894.91,organic,California
2015-11-22,1.15,2659734.11,930906.94,930906.94,132986.71,664933.53,conventional,West
2015-11-22,1.66,109403.92,38291.37,38291.37,5470.2,27350.98,organic,West
2015-11-22,1.24,1930202.91,675571.02,675571.02,96510.15,482550.73,conventional,Northeast
2015-11-22,1.69,97384.29,34084.5,34084.5,4869.21,24346.07,organic,Northeast
2015-11-22,1.08,2265518.13,792931.35,792931.35,113275.91,566379.53,conventional,Southeast
2015-11-22,1.62,82902.76,29015.96,29015.96,4145.14,20725.69,organic,Southeast
2015-11-22,1.2,1638744.63,573560.62,573560.62,81937.23,409686.16,conventional,Great_Lakes
2015-11-22,1.65,83397.72,29189.2,29189.2,4169.89,20849.43,organic,Great_Lakes
2015-11-22,1.26,1441482.19,504518.76,504518.76,72074.11,360370.55,conventional,MidSouth
2015-11-22,1.65,76038.72,26613.55,26613.55,3801.94,19009.68,organic,MidSouth
2015-11-22,1.29,2464706.47,862647.26,862647.26,123235.32,616176.62,conventional,SouthCentral
2015-11-22,1.65,107025.86,37459.05,37459.05,5351.29,26756.46,organic,SouthCentral
2015-11-29,1.04,2567726.37,898704.23,898704.23,128386.32,641931.59,conventional,California
2015-11-29,1.56,111980.43,39193.15,39193.15,5599.02,27995.11,organic,California
2015-11-29,1.16,2577241.85,902034.65,902034.65,128862.09,644310.46,conventional,West
2015-11-29,1.64,118433.02,41451.56,41451.56,5921.65,29608.25,organic,West
2015-11-29,1.16,1843986.13,645395.15,645395.15,92199.31,460996.53,conventional,Northeast
2015-11-29,1.51,110167.94,38558.78,38558.78,5508.4,27541.98,organic,Northeast
2015-11-29,1.03,2340938.9,819328.61,819328.61,117046.94,585234.72,conventional,Southeast
2015-11-29,1.88,81095.98,28383.59,28383.59,4054.8,20274.0,organic,Southeast
2015-11-29,1.13,2150028.66,752510.03,752510.03,107501.43,537507.17,conventional,Great_Lakes
2015-11-29,1.67,79402.13,27790.75,27790.75,3970.11,19850.53,organic,Great_Lakes
2015-11-29,1.09,1623856.53,568349.78,568349.78,81192.83,405964.13,conventional,MidSouth
2015-11-29,1.59,74961.95,26236.68,26236.68,3748.1,18740.49,organic,MidSouth
2015-11-29,1.17,2672487.58,935370.65,935370.65,133624.38,668121.9,conventional,SouthCentral
2015-11-29,1.72,129839.65,45443.88,45443.88,6491.98,32459.91,organic,SouthCentral
2015-12-06,1.24,2025761.75,709016.61,709016.61,101288.09,506440.44,conventional,California
2015-12-06,1.27,184785.82,64675.04,64675.04,9239.29,46196.46,organic,California
2015-12-06,1.01,3091446.79,1082006.38,1082006.38,154572.34,772861.7,conventional,West
2015-12-06,1.47,119404.66,41791.63,41791.63,5970.23,29851.16,organic,West
2015-12-06,1.2,2358765.28,825567.85,825567.85,117938.26,589691.32,conventional,Northeast
2015-12-06,1.56,88422.72,30947.95,30947.95,4421.14,22105.68,organic,Northeast
2015-12-06,1.1,2301965.81,805688.03,805688.03,115098.29,575491.45,conventional,Southeast
2015-12-06,1.43,119351.1,41772.89,41772.89,5967.56,29837.78,organic,Southeast
2015-12-06,1.15,2114407.97,740042.79,740042.79,105720.4,528601.99,conventional,Great_Lakes
2015-12-06,1.67,80867.1,28303.49,28303.49,4043.36,20216.78,organic,Great_Lakes
2015-12-06,1.27,1465257.78,512840.22,512840.22,73262.89,366314.44,conventional,MidSouth
2015-12-06,1.65,69021.09,24157.38,24157.38,3451.05,17255.27,organic,MidSouth
2015-12-06,1.11,2876034.36,1006612.03,1006612.03,143801.72,719008.59,conventional,SouthCentral
2015-12-06,1.62,160544.06,56190.42,56190.42,8027.2,40136.02,organic,SouthCentral
2015-12-13,1.01,2595078.35,908277.42,908277.42,129753.92,648769.59,conventional,California
2015-12-13,1.87,91859.21,32150.72,32150.72,4592.96,22964.8,organic,California
2015-12-13,1.08,3147370.85,1101579.8,1101579.8,157368.54,786842.71,conventional,West
2015-12-13,1.56,157836.52,55242.78,55242.78,7891.83,39459.13,organic,West
2015-12-13,1.22,2104939.39,736728.79,736728.79,105246.97,526234.85,conventional,Northeast
2015-12-13,1.97,76042.2,26614.77,26614.77,3802.11,19010.55,organic,Northeast
2015-12-13,1.22,1988468.89,695964.11,695964.11,99423.44,497117.22,conventional,Southeast
2015-12-13,1.85,93273.61,32645.76,32645.76,4663.68,23318.4,organic,Southeast
2015-12-13,1.15,1890835.89,661792.56,661792.56,94541.79,472708.97,conventional,Great_Lakes
2015-12-13,1.72,79607.9,27862.77,27862.77,3980.4,19901.98,organic,Great_Lakes
2015-12-13,1.35,1387773.02,485720.56,485720.56,69388.65,346943.26,conventional,MidSouth
2015-12-13,1.6,80894.15,28312.95,28312.95,4044.71,20223.54,organic,MidSouth
2015-12-13,1.02,3177418.98,1112096.64,1112096.64,158870.95,794354.74,conventional,SouthCentral
2015-12-13,1.83,105908.48,37067.97,37067.97,5295.42,26477.12,organic,SouthCentral
2015-12-20,1.05,2962856.86,1036999.9,1036999.9,148142.84,740714.21,conventional,California
2015-12-20,1.83,104357.14,36525.0,36525.0,5217.86,26089.28,organic,California
2015-12-20,1.25,2279766.57,797918.3,797918.3,113988.33,569941.64,conventional,West
2015-12-20,1.44,172734.88,60457.21,60457.21,8636.74,43183.72,organic,West
2015-12-20,1.12,2387927.22,835774.53,835774.53,119396.36,596981.8,conventional,Northeast
2015-12-20,1.85,94171.33,32959.96,32959.96,4708.57,23542.83,organic,Northeast
2015-12-20,1.2,2377839.88,832243.96,832243.96,118891.99,594459.97,conventional,Southeast
2015-12-20,1.55,113336.64,39667.82,39667.82,5666.83,28334.16,organic,Southeast
2015-12-20,1.16,2046379.07,716232.67,716232.67,102318.95,511594.77,conventional,Great_Lakes
2015-12-20,1.88,78410.17,27443.56,27443.56,3920.51,19602.54,organic,Great_Lakes
2015-12-20,1.2,1728169.92,604859.47,604859.47,86408.5,432042.48,conventional,MidSouth
2015-12-20,1.6,73017.6,25556.16,25556.16,3650.88,18254.4,organic,MidSouth
2015-12-20,1.05,2828686.81,990040.38,990040.38,141434.34,707171.7,conventional,SouthCentral
2015-12-20,1.96,91492.16,32022.25,32022.25,4574.61,22873.04,organic,SouthCentral
2015-12-27,1.13,2524513.73,883579.81,883579.81,126225.69,631128.43,conventional,California
2015-12-27,1.7,117884.54,41259.59,41259.59,5894.23,29471.13,organic,California
2015-12-27,1.24,2343408.0,820192.8,820192.8,117170.4,585852.0,conventional,West
2015-12-27,1.62,127133.37,44496.68,44496.68,6356.67,31783.34,organic,West
2015-12-27,1.13,2747888.63,961761.02,961761.02,137394.43,686972.16,conventional,Northeast
2015-12-27,1.72,106534.72,37287.15,37287.15,5326.74,26633.68,organic,Northeast
2015-12-27,1.22,2149884.27,752459.49,752459.49,107494.21,537471.07,conventional,Southeast
2015-12-27,1.68,80881.68,28308.59,28308.59,4044.08,20220.42,organic,Southeast
2015-12-27,1.19,1832995.16,641548.31,641548.31,91649.76,458248.79,conventional,Great_Lakes
2015-12-27,1.57,103424.57,36198.6,36198.6,5171.23,25856.14,organic,Great_Lakes
2015-12-27,1.27,1480404.6,518141.61,518141.61,74020.23,370101.15,conventional,MidSouth
2015-12-27,1.7,85858.37,30050.43,30050.43,4292.92,21464.59,organic,MidSouth
2015-12-27,1.17,3526467.02,1234263.46,1234263.46,176323.35,881616.75,conventional,SouthCentral
2015-12-27,1.73,102755.49,35964.42,35964.42,5137.77,25688.87,organic,SouthCentral
2016-01-03,1.23,2579017.81,902656.23,902656.23,128950.89,644754.45,conventional,California
2016-01-03,1.84,110256.45,38589.76,38589.76,5512.82,27564.11,organic,California
2016-01-03,1.14,2659042.45,930664.86,930664.86,132952.12,664760.61,conventional,West
2016-01-03,1.62,122739.05,42958.67,42958.67,6136.95,30684.76,organic,West
2016-01-03,1.09,2826594.63,989308.12,989308.12,141329.73,706648.66,conventional,Northeast
2016-01-03,1.9,95609.26,33463.24,33463.24,4780.46,23902.31,organic,Northeast
2016-01-03,1.03,2682452.73,938858.46,938858.46,134122.64,670613.18,conventional,Southeast
2016-01-03,1.83,81744.62,28610.62,28610.62,4087.23,20436.16,organic,Southeast
2016-01-03,1.14,2201006.28,770352.2,770352.2,110050.31,550251.57,conventional,Great_Lakes
2016-01-03,1.53,116108.29,40637.9,40637.9,5805.41,29027.07,organic,Great_Lakes
2016-01-03,1.14,1891829.16,662140.2,662140.2,94591.46,472957.29,conventional,MidSouth
2016-01-03,1.52,88126.13,30844.14,30844.14,4406.31,22031.53,organic,MidSouth
2016-01-03,1.22,2841699.63,994594.87,994594.87,142084.98,710424.91,conventional,SouthCentral
2016-01-03,1.91,109644.39,38375.54,38375.54,5482.22,27411.1,organic,SouthCentral
2016-01-10,1.17,2848097.0,996833.95,996833.95,142404.85,712024.25,conventional,California
2016-01-10,1.44,125560.34,43946.12,43946.12,6278.02,31390.08,organic,California
2016-01-10,1.0,3817857.34,1336250.07,1336250.07,190892.87,954464.34,conventional,West
2016-01-10,1.57,181156.59,63404.81,63404.81,9057.83,45289.15,organic,West
2016-01-10,1.09,2731603.3,956061.15,956061.15,136580.16,682900.82,conventional,Northeast
2016-01-10,1.88,114047.87,39916.76,39916.76,5702.39,28511.97,organic,Northeast
2016-01-10,1.36,2022770.5,707969.68,707969.68,101138.53,505692.63,conventional,Southeast
2016-01-10,1.8,94179.82,32962.94,32962.94,4708.99,23544.95,organic,Southeast
2016-01-10,1.23,1910046.99,668516.45,668516.45,95502.35,477511.75,conventional,Great_Lakes
2016-01-10,1.53,109317.41,38261.09,38261.09,5465.87,27329.35,organic,Great_Lakes
2016-01-10,1.13,1773834.77,620842.17,620842.17,88691.74,443458.69,conventional,MidSouth
2016-01-10,1.75,81433.35,28501.67,28501.67,4071.67,20358.34,organic,MidSouth
2016-01-10,1.16,3521936.26,1232677.69,1232677.69,176096.81,880484.07,conventional,SouthCentral
2016-01-10,1.48,164178.14,57462.35,57462.35,8208.91,41044.53,organic,SouthCentral
2016-01-17,1.08,2527819.98,884736.99,884736.99,126391.0,631955.0,conventional,California
2016-01-17,1.64,121624.58,42568.6,42568.6,6081.23,30406.15,organic,California
2016-01-17,1.3,2603062.14,911071.75,911071.75,130153.11,650765.54,conventional,West
2016-01-17,1.5,180971.96,63340.19,63340.19,9048.6,45242.99,organic,West
2016-01-17,1.27,2334197.7,816969.2,816969.2,116709.89,583549.43,conventional,Northeast
2016-01-17,1.62,106491.63,37272.07,37272.07,5324.58,26622.91,organic,Northeast
2016-01-17,1.11,2565453.61,897908.76,897908.76,128272.68,641363.4,conventional,Southeast
2016-01-17,1.93,93372.3,32680.31,32680.31,4668.62,23343.08,organic,Southeast
2016-01-17,1.1,2091362.59,731976.91,731976.91,104568.13,522840.65,conventional,Great_Lakes
2016-01-17,1.67,80055.44,28019.4,28019.4,4002.77,20013.86,organic,Great_Lakes
2016-01-17,1.18,1723427.06,603199.47,603199.47,86171.35,430856.77,conventional,MidSouth
2016-01-17,1.58,73832.36,25841.33,25841.33,3691.62,18458.09,organic,MidSouth
2016-01-17,1.2,2866666.17,1003333.16,1003333.16,143333.31,716666.54,conventional,SouthCentral
2016-01-17,1.47,126140.07,44149.02,44149.02,6307.0,31535.02,organic,SouthCentral
2016-01-24,1.15,3129912.3,1095469.3,1095469.3,156495.61,782478.07,conventional,California
2016-01-24,1.9,94170.75,32959.76,32959.76,4708.54,23542.69,organic,California
2016-01-24,1.09,3207542.26,1122639.79,1122639.79,160377.11,801885.57,conventional,West
2016-01-24,1.5,154352.27,54023.3,54023.3,7717.61,38588.07,organic,West
2016-01-24,1.23,2572244.63,900285.62,900285.62,128612.23,643061.16,conventional,Northeast
2016-01-24,1.63,112860.93,39501.32,39501.32,5643.05,28215.23,organic,Northeast
2016-01-24,1.06,2332711.04,816448.87,816448.87,116635.55,583177.76,conventional,Southeast
2016-01-24,1.62,108572.43,38000.35,38000.35,5428.62,27143.11,organic,Southeast
2016-01-24,1.24,1846472.74,646265.46,646265.46,92323.64,461618.18,conventional,Great_Lakes
2016-01-24,1.87,78309.45,27408.31,27408.31,3915.47,19577.36,organic,Great_Lakes
2016-01-24,1.15,1704570.5,596599.67,596599.67,85228.52,426142.62,conventional,MidSouth
2016-01-24,1.29,128788.25,45075.89,45075.89,6439.41,32197.06,organic,MidSouth
2016-01-24,1.22,2858350.05,1000422.52,1000422.52,142917.5,714587.51,conventional,SouthCentral
2016-01-24,1.66,148180.91,51863.32,51863.32,7409.05,37045.23,organic,SouthCentral
2016-01-31,0.99,3115692.75,1090492.46,1090492.46,155784.64,778923.19,conventional,California
2016-01-31,1.77,96717.13,33851.0,33851.0,4835.86,24179.28,organic,California
2016-01-31,1.18,2511134.11,878896.94,878896.94,125556.71,627783.53,conventional,West
2016-01-31,1.72,121568.57,42549.0,42549.0,6078.43,30392.14,organic,West
2016-01-31,0.99,3352124.06,1173243.42,1173243.42,167606.2,838031.01,conventional,Northeast
2016-01-31,1.54,116216.14,40675.65,40675.65,5810.81,29054.03,organic,Northeast
2016-01-31,1.17,2421015.03,847355.26,847355.26,121050.75,605253.76,conventional,Southeast
2016-01-31,1.5,118035.27,41312.35,41312.35,5901.76,29508.82,organic,Southeast
2016-01-31,1.19,2187529.73,765635.4,765635.4,109376.49,546882.43,conventional,Great_Lakes
2016-01-31,1.68,91659.54,32080.84,32080.84,4582.98,22914.88,organic,Great_Lakes
2016-01-31,1.07,1995736.91,698507.92,698507.92,99786.85,498934.23,conventional,MidSouth
2016-01-31,1.49,70670.05,24734.52,24734.52,3533.5,17667.51,organic,MidSouth
2016-01-31,1.19,3241779.33,1134622.77,1134622.77,162088.97,810444.83,conventional,SouthCentral
2016-01-31,1.3,184513.47,64579.72,64579.72,9225.67,46128.37,organic,SouthCentral
2016-02-07,1.21,3142729.85,1099955.45,1099955.45,157136.49,785682.46,conventional,California
2016-02-07,1.65,118625.96,41519.09,41519.09,5931.3,29656.49,organic,California
2016-02-07,1.13,3457724.91,1210203.72,1210203.72,172886.25,864431.23,conventional,West
2016-02-07,1.55,137965.85,48288.05,48288.05,6898.29,34491.46,organic,West
2016-02-07,1.1,2597081.94,908978.68,908978.68,129854.1,649270.48,conventional,Northeast
2016-02-07,1.67,138164.95,48357.73,48357.73,6908.25,34541.24,organic,Northeast
2016-02-07,1.18,2245435.43,785902.4,785902.4,112271.77,561358.86,conventional,Southeast
2016-02-07,1.61,94944.99,33230.75,33230.75,4747.25,23736.25,organic,Southeast
2016-02-07,1.24,2063056.97,722069.94,722069.94,103152.85,515764.24,conventional,Great_Lakes
2016-02-07,1.62,144400.51,50540.18,50540.18,7220.03,36100.13,organic,Great_Lakes
2016-02-07,1.18,1730439.58,605653.85,605653.85,86521.98,432609.89,conventional,MidSouth
2016-02-07,1.59,101522.9,35533.01,35533.01,5076.14,25380.72,organic,MidSouth
2016-02-07,1.16,2923785.11,1023324.79,1023324.79,146189.26,730946.28,conventional,SouthCentral
2016-02-07,1.79,123786.49,43325.27,43325.27,6189.32,30946.62,organic,SouthCentral
2016-02-14,1.34,2569740.67,899409.23,899409.23,128487.03,642435.17,conventional,California
2016-02-14,1.58,154776.71,54171.85,54171.85,7738.84,38694.18,organic,California
2016-02-14,1.16,3226664.23,1129332.48,1129332.48,161333.21,806666.06,conventional,West
2016-02-14,1.72,117545.61,41140.96,41140.96,5877.28,29386.4,organic,West
2016-02-14,1.09,3100089.3,1085031.26,1085031.26,155004.47,775022.33,conventional,Northeast
2016-02-14,1.6,120134.39,42047.04,42047.04,6006.72,30033.6,organic,Northeast
2016-02-14,1.05,2734619.47,957116.81,957116.81,136730.97,683654.87,conventional,Southeast
2016-02-14,1.96,74051.1,25917.89,25917.89,3702.56,18512.78,organic,Southeast
2016-02-14,1.15,2542751.29,889962.95,889962.95,127137.56,635687.82,conventional,Great_Lakes
2016-02-14,1.64,108267.15,37893.5,37893.5,5413.36,27066.79,organic,Great_Lakes
2016-02-14,1.04,2216670.97,775834.84,775834.84,110833.55,554167.74,conventional,MidSouth
2016-02-14,1.62,96588.11,33805.84,33805.84,4829.41,24147.03,organic,MidSouth
2016-02-14,1.27,3612975.2,1264541.32,1264541.32,180648.76,903243.8,conventional,SouthCentral
2016-02-14,1.74,142780.72,49973.25,49973.25,7139.04,35695.18,organic,SouthCentral
2016-02-21,1.17,2709697.26,948394.04,948394.04,135484.86,677424.32,conventional,California
2016-02-21,1.7,118700.96,41545.34,41545.34,5935.05,29675.24,organic,California
2016-02-21,1.17,3312855.6,1159499.46,1159499.46,165642.78,828213.9,conventional,West
2016-02-21,1.5,176634.36,61822.03,61822.03,8831.72,44158.59,organic,West
2016-02-21,1.28,2298050.3,804317.6,804317.6,114902.51,574512.57,conventional,Northeast
2016-02-21,1.33,154978.65,54242.53,54242.53,7748.93,38744.66,organic,Northeast
2016-02-21,1.28,2071581.3,725053.46,725053.46,103579.07,517895.33,conventional,Southeast
2016-02-21,1.5,116941.06,40929.37,40929.37,5847.05,29235.27,organic,Southeast
2016-02-21,1.23,2178095.71,762333.5,762333.5,108904.79,544523.93,conventional,Great_Lakes
2016-02-21,1.61,101974.54,35691.09,35691.09,5098.73,25493.64,organic,Great_Lakes
2016-02-21,1.11,1840632.13,644221.24,644221.24,92031.61,460158.03,conventional,MidSouth
2016-02-21,1.89,67247.49,23536.62,23536.62,3362.37,16811.87,organic,MidSouth
2016-02-21,1.27,3307332.4,1157566.34,1157566.34,165366.62,826833.1,conventional,SouthCentral
2016-02-21,1.8,125498.18,43924.36,43924.36,6274.91,31374.54,organic,SouthCentral
2016-02-28,1.19,2720935.51,952327.43,952327.43,136046.78,680233.88,conventional,California
2016-02-28,1.51,150300.12,52605.04,52605.04,7515.01,37575.03,organic,California
2016-02-28,1.03,3822130.67,1337745.73,1337745.73,191106.53,955532.67,conventional,West
2016-02-28,1.58,148561.18,51996.41,51996.41,7428.06,37140.29,organic,West
2016-02-28,1.18,2524184.61,883464.61,883464.61,126209.23,631046.15,conventional,Northeast
2016-02-28,1.74,105338.83,36868.59,36868.59,5266.94,26334.71,organic,Northeast
2016-02-28,1.24,1944009.14,680403.2,680403.2,97200.46,486002.29,conventional,Southeast
2016-02-28,1.67,127236.11,44532.64,44532.64,6361.81,31809.03,organic,Southeast
2016-02-28,1.05,2416773.5,845870.72,845870.72,120838.67,604193.37,conventional,Great_Lakes
2016-02-28,1.73,97312.99,34059.55,34059.55,4865.65,24328.25,organic,Great_Lakes
2016-02-28,1.19,1900600.19,665210.07,665210.07,95030.01,475150.05,conventional,MidSouth
2016-02-28,1.75,87616.16,30665.66,30665.66,4380.81,21904.04,organic,MidSouth
2016-02-28,1.19,3117783.34,1091224.17,1091224.17,155889.17,779445.84,conventional,SouthCentral
2016-02-28,1.75,165129.06,57795.17,57795.17,8256.45,41282.26,organic,SouthCentral
2016-03-06,1.14,2718852.6,951598.41,951598.41,135942.63,679713.15,conventional,California
2016-03-06,1.82,111425.59,38998.96,38998.96,5571.28,27856.4,organic,California
2016-03-06,0.93,4296289.71,1503701.4,1503701.4,214814.49,1074072.43,conventional,West
2016-03-06,1.57,148347.66,51921.68,51921.68,7417.38,37086.91,organic,West
2016-03-06,1.18,2649431.59,927301.06,927301.06,132471.58,662357.9,conventional,Northeast
2016-03-06,1.76,105947.62,37081.67,37081.67,5297.38,26486.9,organic,Northeast
2016-03-06,1.2,2238984.81,783644.68,783644.68,111949.24,559746.2,conventional,Southeast
2016-03-06,1.76,104683.9,36639.36,36639.36,5234.19,26170.97,organic,Southeast
2016-03-06,1.06,2810772.08,983770.23,983770.23,140538.6,702693.02,conventional,Great_Lakes
2016-03-06,1.57,121732.58,42606.4,42606.4,6086.63,30433.14,organic,Great_Lakes
2016-03-06,1.19,2151065.11,752872.79,752872.79,107553.26,537766.28,conventional,MidSouth
2016-03-06,1.62,86455.3,30259.36,30259.36,4322.77,21613.83,organic,MidSouth
2016-03-06,1.15,3305807.3,1157032.56,1157032.56,165290.37,826451.83,conventional,SouthCentral
2016-03-06,1.77,116333.21,40716.62,40716.62,5816.66,29083.3,organic,SouthCentral
2016-03-13,1.04,2999271.57,1049745.05,1049745.05,149963.58,749817.89,conventional,California
2016-03-13,1.79,136456.61,47759.81,47759.81,6822.83,34114.15,organic,California
2016-03-13,1.14,3083636.66,1079272.83,1079272.83,154181.83,770909.17,conventional,West
2016-03-13,1.66,154538.31,54088.41,54088.41,7726.92,38634.58,organic,West
2016-03-13,1.06,3061314.86,1071460.2,1071460.2,153065.74,765328.72,conventional,Northeast
2016-03-13,1.8,112498.62,39374.52,39374.52,5624.93,28124.65,organic,Northeast
2016-03-13,1.17,2562530.5,896885.67,896885.67,128126.52,640632.62,conventional,Southeast
2016-03-13,1.24,177283.09,62049.08,62049.08,8864.15,44320.77,organic,Southeast
2016-03-13,1.08,2153888.26,753860.89,753860.89,107694.41,538472.06,conventional,Great_Lakes
2016-03-13,1.73,111644.77,39075.67,39075.67,5582.24,27911.19,organic,Great_Lakes
2016-03-13,1.14,2115871.35,740554.97,740554.97,105793.57,528967.84,conventional,MidSouth
2016-03-13,1.89,80648.56,28227.0,28227.0,4032.43,20162.14,organic,MidSouth
2016-03-13,1.31,3036038.63,1062613.52,1062613.52,151801.93,759009.66,conventional,SouthCentral
2016-03-13,1.66,128116.59,44840.81,44840.81,6405.83,32029.15,organic,SouthCentral
2016-03-20,1.13,2782217.53,973776.14,973776.14,139110.88,695554.38,conventional,California
2016-03-20,1.98,97658.1,34180.34,34180.34,4882.91,24414.53,organic,California
2016-03-20,1.16,3186772.2,1115370.27,1115370.27,159338.61,796693.05,conventional,West
2016-03-20,1.66,163587.42,57255.6,57255.6,8179.37,40896.85,organic,West
2016-03-20,1.09,2944172.94,1030460.53,1030460.53,147208.65,736043.23,conventional,Northeast
2016-03-20,1.54,118281.54,41398.54,41398.54,5914.08,29570.38,organic,Northeast
2016-03-20,1.09,2577237.29,902033.05,902033.05,128861.86,644309.32,conventional,Southeast
2016-03-20,1.59,107488.99,37621.15,37621.15,5374.45,26872.25,organic,Southeast
2016-03-20,1.01,2709939.82,948478.94,948478.94,135496.99,677484.96,conventional,Great_Lakes
2016-03-20,1.42,140155.24,49054.34,49054.34,7007.76,35038.81,organic,Great_Lakes
2016-03-20,1.16,1703480.82,596218.29,596218.29,85174.04,425870.2,conventional,MidSouth
2016-03-20,1.6,84042.79,29414.98,29414.98,4202.14,21010.7,organic,MidSouth
2016-03-20,1.18,3635833.38,1272541.68,1272541.68,181791.67,908958.34,conventional,SouthCentral
2016-03-20,1.37,203412.44,71194.35,71194.35,10170.62,50853.11,organic,SouthCentral
2016-03-27,1.13,3110884.43,1088809.55,1088809.55,155544.22,777721.11,conventional,California
2016-03-27,1.68,117360.09,41076.03,41076.03,5868.0,29340.02,organic,California
2016-03-27,1.12,3003259.48,1051140.82,1051140.82,150162.97,750814.87,conventional,West
2016-03-27,1.81,121015.62,42355.47,42355.47,6050.78,30253.9,organic,West
2016-03-27,1.34,2222383.82,777834.34,777834.34,111119.19,555595.95,conventional,Northeast
2016-03-27,1.54,115437.06,40402.97,40402.97,5771.85,28859.27,organic,Northeast
2016-03-27,0.97,2632148.6,921252.01,921252.01,131607.43,658037.15,conventional,Southeast
2016-03-27,1.69,110145.01,38550.75,38550.75,5507.25,27536.25,organic,Southeast
2016-03-27,0.99,2995238.94,1048333.63,1048333.63,149761.95,748809.73,conventional,Great_Lakes
2016-03-27,1.58,113084.55,39579.59,39579.59,5654.23,28271.14,organic,Great_Lakes
2016-03-27,1.31,1761132.03,616396.21,616396.21,88056.6,440283.01,conventional,MidSouth
2016-03-27,1.61,82411.57,28844.05,28844.05,4120.58,20602.89,organic,MidSouth
2016-03-27,0.93,4134003.5,1446901.22,1446901.22,206700.17,1033500.87,conventional,SouthCentral
2016-03-27,1.62,141704.09,49596.43,49596.43,7085.2,35426.02,organic,SouthCentral
2016-04-03,1.14,2905308.62,1016858.02,1016858.02,145265.43,726327.16,conventional,California
2016-04-03,1.62,123666.47,43283.26,43283.26,6183.32,30916.62,organic,California
2016-04-03,1.17,3088659.68,1081030.89,1081030.89,154432.98,772164.92,conventional,West
2016-04-03,1.49,183796.11,64328.64,64328.64,9189.81,45949.03,organic,West
2016-04-03,1.14,2689404.42,941291.55,941291.55,134470.22,672351.11,conventional,Northeast
2016-04-03,1.76,111312.79,38959.47,38959.47,5565.64,27828.2,organic,Northeast
2016-04-03,1.25,2197145.19,769000.82,769000.82,109857.26,549286.3,conventional,Southeast
2016-04-03,1.56,120465.86,42163.05,42163.05,6023.29,30116.47,organic,Southeast
2016-04-03,1.04,2618303.95,916406.38,916406.38,130915.2,654575.99,conventional,Great_Lakes
2016-04-03,1.65,100704.6,35246.61,35246.61,5035.23,25176.15,organic,Great_Lakes
2016-04-03,1.14,1655460.92,579411.32,579411.32,82773.05,413865.23,conventional,MidSouth
2016-04-03,1.57,92961.44,32536.5,32536.5,4648.07,23240.36,organic,MidSouth
2016-04-03,1.17,3006338.82,1052218.59,1052218.59,150316.94,751584.7,conventional,SouthCentral
2016-04-03,1.84,116253.54,40688.74,40688.74,5812.68,29063.39,organic,SouthCentral
2016-04-10,1.25,2661923.34,931673.17,931673.17,133096.17,665480.84,conventional,California
2016-04-10,1.55,167328.02,58564.81,58564.81,8366.4,41832.0,organic,California
2016-04-10,1.03,3747523.25,1311633.14,1311633.14,187376.16,936880.81,conventional,West
2016-04-10,1.8,111999.58,39199.85,39199.85,5599.98,27999.9,organic,West
2016-04-10,1.29,2257314.31,790060.01,790060.01,112865.72,564328.58,conventional,Northeast
2016-04-10,1.69,117894.27,41263.0,41263.0,5894.71,29473.57,organic,Northeast
2016-04-10,1.14,2568366.69,898928.34,898928.34,128418.33,642091.67,conventional,Southeast
2016-04-10,1.77,80636.81,28222.88,28222.88,4031.84,20159.2,organic,Southeast
2016-04-10,1.28,1742991.7,610047.1,610047.1,87149.59,435747.93,conventional,Great_Lakes
2016-04-10,1.8,100138.64,35048.52,35048.52,5006.93,25034.66,organic,Great_Lakes
2016-04-10,1.04,2079865.77,727953.02,727953.02,103993.29,519966.44,conventional,MidSouth
2016-04-10,1.48,97861.84,34251.64,34251.64,4893.09,24465.46,organic,MidSouth
2016-04-10,1.12,3656492.91,1279772.52,1279772.52,182824.65,914123.23,conventional,SouthCentral
2016-04-10,1.85,144968.28,50738.9,50738.9,7248.41,36242.07,organic,SouthCentral
2016-04-17,1.09,2980091.21,1043031.92,1043031.92,149004.56,745022.8,conventional,California
2016-04-17,1.4,151437.64,53003.17,53003.17,7571.88,37859.41,organic,California
2016-04-17,1.25,3124018.92,1093406.62,1093406.62,156200.95,781004.73,conventional,West
2016-04-17,1.46,153766.72,53818.35,53818.35,7688.34,38441.68,organic,West
2016-04-17,1.15,2724638.83,953623.59,953623.59,136231.94,681159.71,conventional,Northeast
2016-04-17,1.53,139727.77,48904.72,48904.72,6986.39,34931.94,organic,Northeast
2016-04-17,1.1,2497174.92,874011.22,874011.22,124858.75,624293.73,conventional,Southeast
2016-04-17,1.73,99208.78,34723.07,34723.07,4960.44,24802.2,organic,Southeast
2016-04-17,1.11,2369044.43,829165.55,829165.55,118452.22,592261.11,conventional,Great_Lakes
2016-04-17,1.64,99839.31,34943.76,34943.76,4991.97,24959.83,organic,Great_Lakes
2016-04-17,1.12,2218697.67,776544.18,776544.18,110934.88,554674.42,conventional,MidSouth
2016-04-17,1.73,76860.54,26901.19,26901.19,3843.03,19215.14,organic,MidSouth
2016-04-17,1.22,3003981.06,1051393.37,1051393.37,150199.05,750995.27,conventional,SouthCentral
2016-04-17,1.83,133049.38,46567.28,46567.28,6652.47,33262.35,organic,SouthCentral
2016-04-24,1.14,2984934.34,1044727.02,1044727.02,149246.72,746233.59,conventional,California
2016-04-24,1.41,144036.95,50412.93,50412.93,7201.85,36009.24,organic,California
2016-04-24,1.03,3522014.83,1232705.19,1232705.19,176100.74,880503.71,conventional,West
2016-04-24,1.91,136986.38,47945.23,47945.23,6849.32,34246.6,organic,West
2016-04-24,1.21,2584725.47,904653.91,904653.91,129236.27,646181.37,conventional,Northeast
2016-04-24,1.38,147903.26,51766.14,51766.14,7395.16,36975.81,organic,Northeast
2016-04-24,1.07,2466390.64,863236.72,863236.72,123319.53,616597.66,conventional,Southeast
2016-04-24,1.62,104082.48,36428.87,36428.87,5204.12,26020.62,organic,Southeast
2016-04-24,0.95,3061270.22,1071444.58,1071444.58,153063.51,765317.56,conventional,Great_Lakes
2016-04-24,1.49,122279.11,42797.69,42797.69,6113.96,30569.78,organic,Great_Lakes
2016-04-24,1.36,1432981.77,501543.62,501543.62,71649.09,358245.44,conventional,MidSouth
2016-04-24,1.27,122687.57,42940.65,42940.65,6134.38,30671.89,organic,MidSouth
2016-04-24,1.26,3464534.99,1212587.25,1212587.25,173226.75,866133.75,conventional,SouthCentral
2016-04-24,1.47,187396.77,65588.87,65588.87,9369.84,46849.19,organic,SouthCentral
2016-05-01,1.1,2827473.53,989615.73,989615.73,141373.68,706868.38,conventional,California
2016-05-01,2.05,75819.46,26536.81,26536.81,3790.97,18954.86,organic,California
2016-05-01,1.18,2918016.1,1021305.64,1021305.64,145900.81,729504.03,conventional,West
2016-05-01,1.81,113855.63,39849.47,39849.47,5692.78,28463.91,organic,West
2016-05-01,1.18,2369935.23,829477.33,829477.33,118496.76,592483.81,conventional,Northeast
2016-05-01,1.69,105871.61,37055.07,37055.07,5293.58,26467.9,organic,Northeast
2016-05-01,1.21,2051437.16,718003.01,718003.01,102571.86,512859.29,conventional,Southeast
2016-05-01,1.71,96157.53,33655.14,33655.14,4807.88,24039.38,organic,Southeast
2016-05-01,1.26,1919772.27,671920.29,671920.29,95988.61,479943.07,conventional,Great_Lakes
2016-05-01,1.38,143809.93,50333.47,50333.47,7190.5,35952.48,organic,Great_Lakes
2016-05-01,1.06,1898390.77,664436.77,664436.77,94919.54,474597.69,conventional,MidSouth
2016-05-01,1.56,101218.74,35426.56,35426.56,5060.94,25304.68,organic,MidSouth
2016-05-01,0.94,5249856.29,1837449.7,1837449.7,262492.81,1312464.07,conventional,SouthCentral
2016-05-01,1.81,126565.93,44298.08,44298.08,6328.3,31641.48,organic,SouthCentral
2016-05-08,1.14,2787251.19,975537.92,975537.92,139362.56,696812.8,conventional,California
2016-05-08,1.73,121132.86,42396.5,42396.5,6056.64,30283.22,organic,California
2016-05-08,1.21,2742739.47,959958.81,959958.81,137136.97,685684.87,conventional,West
2016-05-08,1.62,131415.22,45995.33,45995.33,6570.76,32853.81,organic,West
2016-05-08,1.13,2827255.71,989539.5,989539.5,141362.79,706813.93,conventional,Northeast
2016-05-08,1.74,78251.94,27388.18,27388.18,3912.6,19562.98,organic,Northeast
2016-05-08,1.22,2138603.97,748511.39,748511.39,106930.2,534650.99,conventional,Southeast
2016-05-08,1.65,97824.65,34238.63,34238.63,4891.23,24456.16,organic,Southeast
2016-05-08,1.26,2079883.78,727959.32,727959.32,103994.19,519970.94,conventional,Great_Lakes
2016-05-08,1.53,113141.17,39599.41,39599.41,5657.06,28285.29,organic,Great_Lakes
2016-05-08,1.05,1805325.72,631864.0,631864.0,90266.29,451331.43,conventional,MidSouth
2016-05-08,1.56,96598.53,33809.48,33809.48,4829.93,24149.63,organic,MidSouth
2016-05-08,1.25,2979922.61,1042972.91,1042972.91,148996.13,744980.65,conventional,SouthCentral
2016-05-08,1.76,135885.26,47559.84,47559.84,6794.26,33971.31,organic,SouthCentral
2016-05-15,1.09,3011778.51,1054122.48,1054122.48,150588.93,752944.63,conventional,California
2016-05-15,1.77,118139.64,41348.88,41348.88,5906.98,29534.91,organic,California
2016-05-15,1.27,2703254.27,946139.0,946139.0,135162.71,675813.57,conventional,West
2016-05-15,1.7,137851.24,48247.93,48247.93,6892.56,34462.81,organic,West
2016-05-15,1.15,2362153.62,826753.77,826753.77,118107.68,590538.4,conventional,Northeast
2016-05-15,1.63,107847.31,37746.56,37746.56,5392.37,26961.83,organic,Northeast
2016-05-15,1.08,2406032.22,842111.28,842111.28,120301.61,601508.06,conventional,Southeast
2016-05-15,1.53,110038.02,38513.31,38513.31,5501.9,27509.51,organic,Southeast
2016-05-15,0.96,2759499.28,965824.75,965824.75,137974.96,689874.82,conventional,Great_Lakes
2016-05-15,1.65,89727.73,31404.71,31404.71,4486.39,22431.93,organic,Great_Lakes
2016-05-15,1.22,1815012.8,635254.48,635254.48,90750.64,453753.2,conventional,MidSouth
2016-05-15,1.41,95301.38,33355.48,33355.48,4765.07,23825.34,organic,MidSouth
2016-05-15,1.07,3195419.55,1118396.84,1118396.84,159770.98,798854.89,conventional,SouthCentral
2016-05-15,1.77,124900.35,43715.12,43715.12,6245.02,31225.09,organic,SouthCentral
2016-05-22,1.12,2375027.39,831259.58,831259.58,118751.37,593756.85,conventional,California
2016-05-22,1.75,98852.92,34598.52,34598.52,4942.65,24713.23,organic,California
2016-05-22,1.16,2934278.8,1026997.58,1026997.58,146713.94,733569.7,conventional,West
2016-05-22,1.85,95633.0,33471.55,33471.55,4781.65,23908.25,organic,West
2016-05-22,0.85,3753427.56,1313699.64,1313699.64,187671.38,938356.89,conventional,Northeast
2016-05-22,1.92,102443.73,35855.31,35855.31,5122.19,25610.93,organic,Northeast
2016-05-22,1.17,2121226.06,742429.12,742429.12,106061.3,530306.51,conventional,Southeast
2016-05-22,1.77,82757.03,28964.96,28964.96,4137.85,20689.26,organic,Southeast
2016-05-22,1.2,2144250.83,750487.79,750487.79,107212.54,536062.71,conventional,Great_Lakes
2016-05-22,1.81,111786.93,39125.42,39125.42,5589.35,27946.73,organic,Great_Lakes
2016-05-22,1.19,1662140.14,581749.05,581749.05,83107.01,415535.04,conventional,MidSouth
2016-05-22,1.65,68232.12,23881.24,23881.24,3411.61,17058.03,organic,MidSouth
2016-05-22,1.08,3305302.43,1156855.85,1156855.85,165265.12,826325.61,conventional,SouthCentral
2016-05-22,1.57,155152.42,54303.35,54303.35,7757.62,38788.11,organic,SouthCentral
2016-05-29,1.07,3250029.24,1137510.23,1137510.23,162501.46,812507.31,conventional,California
2016-05-29,1.65,121612.33,42564.32,42564.32,6080.62,30403.08,organic,California
2016-05-29,1.12,3032365.48,1061327.92,1061327.92,151618.27,758091.37,conventional,West
2016-05-29,1.77,106818.24,37386.38,37386.38,5340.91,26704.56,organic,West
2016-05-29,1.08,2655418.96,929396.64,929396.64,132770.95,663854.74,conventional,Northeast
2016-05-29,1.45,127312.2,44559.27,44559.27,6365.61,31828.05,organic,Northeast
2016-05-29,1.1,2551612.59,893064.41,893064.41,127580.63,637903.15,conventional,Southeast
2016-05-29,1.69,99828.22,34939.88,34939.88,4991.41,24957.05,organic,Southeast
2016-05-29,1.24,1959854.15,685948.95,685948.95,97992.71,489963.54,conventional,Great_Lakes
2016-05-29,1.71,91469.81,32014.43,32014.43,4573.49,22867.45,organic,Great_Lakes
2016-05-29,1.18,1674691.12,586141.89,586141.89,83734.56,418672.78,conventional,MidSouth
2016-05-29,1.28,116616.29,40815.7,40815.7,5830.81,29154.07,organic,MidSouth
2016-05-29,1.29,2940782.65,1029273.93,1029273.93,147039.13,735195.66,conventional,SouthCentral
2016-05-29,1.79,141652.22,49578.28,49578.28,7082.61,35413.06,organic,SouthCentral
2016-06-05,1.16,2534750.93,887162.82,887162.82,126737.55,633687.73,conventional,California
2016-06-05,1.56,119647.63,41876.67,41876.67,5982.38,29911.91,organic,California
2016-06-05,1.21,2771969.08,970189.18,970189.18,138598.45,692992.27,conventional,West
2016-06-05,1.63,117699.24,41194.73,41194.73,5884.96,29424.81,organic,West
2016-06-05,1.15,2466884.81,863409.68,863409.68,123344.24,616721.2,conventional,Northeast
2016-06-05,1.43,103744.52,36310.58,36310.58,5187.23,25936.13,organic,Northeast
2016-06-05,1.09,2024356.9,708524.91,708524.91,101217.84,506089.22,conventional,Southeast
2016-06-05,1.57,99815.13,34935.3,34935.3,4990.76,24953.78,organic,Southeast
2016-06-05,1.1,2380301.1,833105.39,833105.39,119015.06,595075.28,conventional,Great_Lakes
2016-06-05,1.7,89342.09,31269.73,31269.73,4467.1,22335.52,organic,Great_Lakes
2016-06-05,1.21,1435442.35,502404.82,502404.82,71772.12,358860.59,conventional,MidSouth
2016-06-05,1.81,65433.63,22901.77,22901.77,3271.68,16358.41,organic,MidSouth
2016-06-05,1.22,2513004.4,879551.54,879551.54,125650.22,628251.1,conventional,SouthCentral
2016-06-05,1.42,180157.81,63055.23,63055.23,9007.89,45039.45,organic,SouthCentral
2016-06-12,1.19,2251253.07,787938.57,787938.57,112562.65,562813.27,conventional,California
2016-06-12,1.52,143388.9,50186.11,50186.11,7169.44,35847.22,organic,California
2016-06-12,1.03,3512513.36,1229379.68,1229379.68,175625.67,878128.34,conventional,West
2016-06-12,1.51,146347.75,51221.71,51221.71,7317.39,36586.94,organic,West
2016-06-12,1.12,2558475.74,895466.51,895466.51,127923.79,639618.94,conventional,Northeast
2016-06-12,1.57,112201.81,39270.63,39270.63,5610.09,28050.45,organic,Northeast
2016-06-12,1.15,1928945.47,675130.91,675130.91,96447.27,482236.37,conventional,Southeast
2016-06-12,1.76,81293.65,28452.78,28452.78,4064.68,20323.41,organic,Southeast
2016-06-12,1.13,1908497.85,667974.25,667974.25,95424.89,477124.46,conventional,Great_Lakes
2016-06-12,1.27,132292.31,46302.31,46302.31,6614.62,33073.08,organic,Great_Lakes
2016-06-12,1.39,1409382.79,493283.98,493283.98,70469.14,352345.7,conventional,MidSouth
2016-06-12,1.65,73725.63,25803.97,25803.97,3686.28,18431.41,organic,MidSouth
2016-06-12,1.15,3062986.77,1072045.37,1072045.37,153149.34,765746.69,conventional,SouthCentral
2016-06-12,1.47,175106.48,61287.27,61287.27,8755.32,43776.62,organic,SouthCentral
2016-06-19,1.22,2474228.45,865979.96,865979.96,123711.42,618557.11,conventional,California
2016-06-19,1.72,106997.61,37449.16,37449.16,5349.88,26749.4,organic,California
2016-06-19,1.22,2624042.52,918414.88,918414.88,131202.13,656010.63,conventional,West
2016-06-19,1.6,119788.37,41925.93,41925.93,5989.42,29947.09,organic,West
2016-06-19,1.16,2632189.49,921266.32,921266.32,131609.47,658047.37,conventional,Northeast
2016-06-19,1.46,109179.98,38212.99,38212.99,5459.0,27294.99,organic,Northeast
2016-06-19,1.17,2070681.15,724738.4,724738.4,103534.06,517670.29,conventional,Southeast
2016-06-19,1.68,94452.45,33058.36,33058.36,4722.62,23613.11,organic,Southeast
2016-06-19,1.13,2326709.49,814348.32,814348.32,116335.47,581677.37,conventional,Great_Lakes
2016-06-19,1.41,105573.29,36950.65,36950.65,5278.66,26393.32,organic,Great_Lakes
2016-06-19,1.14,1489236.66,521232.83,521232.83,74461.83,372309.17,conventional,MidSouth
2016-06-19,1.62,91316.53,31960.78,31960.78,4565.83,22829.13,organic,MidSouth
2016-06-19,1.15,2986936.86,1045427.9,1045427.9,149346.84,746734.22,conventional,SouthCentral
2016-06-19,1.46,149082.1,52178.73,52178.73,7454.1,37270.52,organic,SouthCentral
2016-06-26,1.11,2559866.16,895953.16,895953.16,127993.31,639966.54,conventional,California
2016-06-26,1.84,101486.86,35520.4,35520.4,5074.34,25371.72,organic,California
2016-06-26,1.04,3111868.09,1089153.83,1089153.83,155593.4,777967.02,conventional,West
2016-06-26,1.72,126669.8,44334.43,44334.43,6333.49,31667.45,organic,West
2016-06-26,1.31,1845473.98,645915.89,645915.89,92273.7,461368.5,conventional,Northeast
2016-06-26,1.53,104541.51,36589.53,36589.53,5227.08,26135.38,organic,Northeast
2016-06-26,1.13,2235793.72,782527.8,782527.8,111789.69,558948.43,conventional,Southeast
2016-06-26,1.8,82321.0,28812.35,28812.35,4116.05,20580.25,organic,Southeast
2016-06-26,1.12,2113120.17,739592.06,739592.06,105656.01,528280.04,conventional,Great_Lakes
2016-06-26,1.52,125678.2,43987.37,43987.37,6283.91,31419.55,organic,Great_Lakes
2016-06-26,0.99,2057428.75,720100.06,720100.06,102871.44,514357.19,conventional,MidSouth
2016-06-26,1.95,58638.32,20523.41,20523.41,2931.92,14659.58,organic,MidSouth
2016-06-26,1.13,2916236.46,1020682.76,1020682.76,145811.82,729059.12,conventional,SouthCentral
2016-06-26,1.62,155355.23,54374.33,54374.33,7767.76,38838.81,organic,SouthCentral
2016-07-03,0.93,3440559.73,1204195.9,1204195.9,172027.99,860139.93,conventional,California
2016-07-03,1.44,125561.47,43946.52,43946.52,6278.07,31390.37,organic,California
2016-07-03,1.11,2732238.26,956283.39,956283.39,136611.91,683059.56,conventional,West
2016-07-03,1.41,148079.51,51827.83,51827.83,7403.98,37019.88,organic,West
2016-07-03,1.35,1592371.39,557329.99,557329.99,79618.57,398092.85,conventional,Northeast
2016-07-03,1.68,89181.61,31213.56,31213.56,4459.08,22295.4,organic,Northeast
2016-07-03,1.19,1858376.19,650431.66,650431.66,92918.81,464594.05,conventional,Southeast
2016-07-03,1.55,100294.41,35103.04,35103.04,5014.72,25073.6,organic,Southeast
2016-07-03,1.33,1530129.89,535545.46,535545.46,76506.49,382532.47,conventional,Great_Lakes
2016-07-03,1.76,66951.76,23433.11,23433.11,3347.59,16737.94,organic,Great_Lakes
2016-07-03,1.05,1798251.89,629388.16,629388.16,89912.59,449562.97,conventional,MidSouth
2016-07-03,1.87,59845.6,20945.96,20945.96,2992.28,14961.4,organic,MidSouth
2016-07-03,1.12,2813817.5,984836.13,984836.13,140690.88,703454.38,conventional,SouthCentral
2016-07-03,1.46,155573.98,54450.89,54450.89,7778.7,38893.49,organic,SouthCentral
2016-07-10,1.24,2049050.48,717167.67,717167.67,102452.52,512262.62,conventional,California
2016-07-10,1.58,114847.91,40196.77,40196.77,5742.4,28711.98,organic,California
2016-07-10,1.11,2595010.6,908253.71,908253.71,129750.53,648752.65,conventional,West
2016-07-10,1.96,83873.26,29355.64,29355.64,4193.66,20968.31,organic,West
2016-07-10,1.11,2148396.76,751938.86,751938.86,107419.84,537099.19,conventional,Northeast
2016-07-10,1.76,87025.73,30459.01,30459.01,4351.29,21756.43,organic,Northeast
2016-07-10,1.09,2320972.55,812340.39,812340.39,116048.63,580243.14,conventional,Southeast
2016-07-10,1.86,68516.82,23980.89,23980.89,3425.84,17129.21,organic,Southeast
2016-07-10,0.96,2521330.11,882465.54,882465.54,126066.51,630332.53,conventional,Great_Lakes
2016-07-10,1.55,99865.45,34952.91,34952.91,4993.27,24966.36,organic,Great_Lakes
2016-07-10,0.95,2110199.54,738569.84,738569.84,105509.98,527549.89,conventional,MidSouth
2016-07-10,1.47,89488.14,31320.85,31320.85,4474.41,22372.03,organic,MidSouth
2016-07-10,1.15,2514900.87,880215.3,880215.3,125745.04,628725.22,conventional,SouthCentral
2016-07-10,1.59,138497.87,48474.25,48474.25,6924.89,34624.47,organic,SouthCentral
2016-07-17,1.16,2413900.16,844865.06,844865.06,120695.01,603475.04,conventional,California
2016-07-17,1.95,69911.49,24469.02,24469.02,3495.57,17477.87,organic,California
2016-07-17,1.31,2126255.56,744189.45,744189.45,106312.78,531563.89,conventional,West
2016-07-17,1.52,111150.02,38902.51,38902.51,5557.5,27787.5,organic,West
2016-07-17,1.13,2390290.55,836601.69,836601.69,119514.53,597572.64,conventional,Northeast
2016-07-17,1.63,115715.17,40500.31,40500.31,5785.76,28928.79,organic,Northeast
2016-07-17,1.0,2296242.03,803684.71,803684.71,114812.1,574060.51,conventional,Southeast
2016-07-17,1.46,108512.6,37979.41,37979.41,5425.63,27128.15,organic,Southeast
2016-07-17,1.24,1642598.7,574909.55,574909.55,82129.94,410649.68,conventional,Great_Lakes
2016-07-17,1.26,128190.02,44866.51,44866.51,6409.5,32047.51,organic,Great_Lakes
2016-07-17,1.19,1531479.77,536017.92,536017.92,76573.99,382869.94,conventional,MidSouth
2016-07-17,1.84,53476.37,18716.73,18716.73,2673.82,13369.09,organic,MidSouth
2016-07-17,1.22,2783383.12,974184.09,974184.09,139169.16,695845.78,conventional,SouthCentral
2016-07-17,1.38,164380.01,57533.0,57533.0,8219.0,41095.0,organic,SouthCentral
2016-07-24,1.1,2448477.2,856967.02,856967.02,122423.86,612119.3,conventional,California
2016-07-24,1.7,95212.86,33324.5,33324.5,4760.64,23803.21,organic,California
2016-07-24,1.08,2688307.34,940907.57,940907.57,134415.37,672076.83,conventional,West
2016-07-24,1.49,117164.63,41007.62,41007.62,5858.23,29291.16,organic,West
2016-07-24,1.22,1846525.86,646284.05,646284.05,92326.29,461631.47,conventional,Northeast
2016-07-24,1.75,93743.8,32810.33,32810.33,4687.19,23435.95,organic,Northeast
2016-07-24,0.98,2253925.63,788873.97,788873.97,112696.28,563481.41,conventional,Southeast
2016-07-24,1.83,67795.09,23728.28,23728.28,3389.75,16948.77,organic,Southeast
2016-07-24,1.1,2036628.82,712820.09,712820.09,101831.44,509157.21,conventional,Great_Lakes
2016-07-24,1.77,73701.52,25795.53,25795.53,3685.08,18425.38,organic,Great_Lakes
2016-07-24,1.09,1860727.63,651254.67,651254.67,93036.38,465181.91,conventional,MidSouth
2016-07-24,1.91,61792.85,21627.5,21627.5,3089.64,15448.21,organic,MidSouth
2016-07-24,1.16,2524891.93,883712.18,883712.18,126244.6,631222.98,conventional,SouthCentral
2016-07-24,1.53,144844.63,50695.62,50695.62,7242.23,36211.16,organic,SouthCentral
2016-07-31,1.19,2492798.33,872479.42,872479.42,124639.92,623199.58,conventional,California
2016-07-31,1.75,82684.5,28939.57,28939.57,4134.22,20671.12,organic,California
2016-07-31,1.26,2056963.74,719937.31,719937.31,102848.19,514240.93,conventional,West
2016-07-31,1.59,120828.04,42289.81,42289.81,6041.4,30207.01,organic,West
2016-07-31,1.35,2283528.52,799234.98,799234.98,114176.43,570882.13,conventional,Northeast
2016-07-31,1.74,88558.92,30995.62,30995.62,4427.95,22139.73,organic,Northeast
2016-07-31,1.2,1969639.43,689373.8,689373.8,98481.97,492409.86,conventional,Southeast
2016-07-31,1.6,109190.22,38216.58,38216.58,5459.51,27297.55,organic,Southeast
2016-07-31,1.17,1892433.17,662351.61,662351.61,94621.66,473108.29,conventional,Great_Lakes
2016-07-31,1.75,80027.02,28009.46,28009.46,4001.35,20006.75,organic,Great_Lakes
2016-07-31,1.23,1354031.66,473911.08,473911.08,67701.58,338507.91,conventional,MidSouth
2016-07-31,1.57,67637.73,23673.21,23673.21,3381.89,16909.43,organic,MidSouth
2016-07-31,1.19,2760832.59,966291.41,966291.41,138041.63,690208.15,conventional,SouthCentral
2016-07-31,1.72,135904.82,47566.69,47566.69,6795.24,33976.2,organic,SouthCentral
2016-08-07,1.15,2313741.92,809809.67,809809.67,115687.1,578435.48,conventional,California
2016-08-07,1.49,110874.44,38806.05,38806.05,5543.72,27718.61,organic,California
2016-08-07,1.22,2325235.15,813832.3,813832.3,116261.76,581308.79,conventional,West
2016-08-07,1.61,108672.07,38035.23,38035.23,5433.6,27168.02,organic,West
2016-08-07,1.0,2372968.7,830539.05,830539.05,118648.44,593242.18,conventional,Northeast
2016-08-07,1.78,86669.33,30334.27,30334.27,4333.47,21667.33,organic,Northeast
2016-08-07,1.2,1738721.07,608552.37,608552.37,86936.05,434680.27,conventional,Southeast
2016-08-07,1.65,76784.9,26874.71,26874.71,3839.24,19196.22,organic,Southeast
2016-08-07,1.22,1684639.4,589623.79,589623.79,84231.97,421159.85,conventional,Great_Lakes
2016-08-07,1.72,70031.22,24510.93,24510.93,3501.56,17507.81,organic,Great_Lakes
2016-08-07,0.93,2067263.64,723542.27,723542.27,103363.18,516815.91,conventional,MidSouth
2016-08-07,1.58,64414.69,22545.14,22545.14,3220.73,16103.67,organic,MidSouth
2016-08-07,1.22,2303328.37,806164.93,806164.93,115166.42,575832.09,conventional,SouthCentral
2016-08-07,1.81,106504.29,37276.5,37276.5,5325.21,26626.07,organic,SouthCentral
2016-08-14,1.22,1828151.51,639853.03,639853.03,91407.58,457037.88,conventional,California
2016-08-14,1.83,86459.03,30260.66,30260.66,4322.95,21614.76,organic,California
2016-08-14,1.11,2463456.28,862209.7,862209.7,123172.81,615864.07,conventional,West
2016-08-14,1.38,142579.01,49902.65,49902.65,7128.95,35644.75,organic,West
2016-08-14,1.05,2064252.32,722488.31,722488.31,103212.62,516063.08,conventional,Northeast
2016-08-14,1.42,128514.3,44980.01,44980.01,6425.72,32128.58,organic,Northeast
2016-08-14,1.09,2215494.71,775423.15,775423.15,110774.74,553873.68,conventional,Southeast
2016-08-14,1.57,74602.23,26110.78,26110.78,3730.11,18650.56,organic,Southeast
2016-08-14,1.04,2199310.62,769758.72,769758.72,109965.53,549827.65,conventional,Great_Lakes
2016-08-14,1.63,76230.61,26680.71,26680.71,3811.53,19057.65,organic,Great_Lakes
2016-08-14,1.17,1495054.22,523268.98,523268.98,74752.71,373763.56,conventional,MidSouth
2016-08-14,1.82,65666.49,22983.27,22983.27,3283.32,16416.62,organic,MidSouth
2016-08-14,1.11,2393017.82,837556.24,837556.24,119650.89,598254.46,conventional,SouthCentral
2016-08-14,1.59,124957.26,43735.04,43735.04,6247.86,31239.32,organic,SouthCentral
2016-08-21,1.05,2265043.61,792765.26,792765.26,113252.18,566260.9,conventional,California
2016-08-21,1.7,93624.94,32768.73,32768.73,4681.25,23406.23,organic,California
2016-08-21,1.15,2192532.85,767386.5,767386.5,109626.64,548133.21,conventional,West
2016-08-21,1.62,98908.15,34617.85,34617.85,4945.41,24727.04,organic,West
2016-08-21,1.24,2024630.23,708620.58,708620.58,101231.51,506157.56,conventional,Northeast
2016-08-21,1.37,110384.29,38634.5,38634.5,5519.21,27596.07,organic,Northeast
2016-08-21,1.0,2064119.08,722441.68,722441.68,103205.95,516029.77,conventional,Southeast
2016-08-21,1.64,71841.31,25144.46,25144.46,3592.07,17960.33,organic,Southeast
2016-08-21,1.06,1796328.7,628715.05,628715.05,89816.44,449082.18,conventional,Great_Lakes
2016-08-21,1.68,77178.01,27012.3,27012.3,3858.9,19294.5,organic,Great_Lakes
2016-08-21,1.08,1607143.68,562500.29,562500.29,80357.18,401785.92,conventional,MidSouth
2016-08-21,1.57,69003.51,24151.23,24151.23,3450.18,17250.88,organic,MidSouth
2016-08-21,1.32,2402056.41,840719.74,840719.74,120102.82,600514.1,conventional,SouthCentral
2016-08-21,1.46,150812.56,52784.4,52784.4,7540.63,37703.14,organic,SouthCentral
2016-08-28,1.23,1836156.18,642654.66,642654.66,91807.81,459039.04,conventional,California
2016-08-28,1.77,103174.96,36111.24,36111.24,5158.75,25793.74,organic,California
2016-08-28,1.04,2470167.19,864558.52,864558.52,123508.36,617541.8,conventional,West
2016-08-28,1.8,94565.19,33097.82,33097.82,4728.26,23641.3,organic,West
2016-08-28,1.21,1982705.75,693947.01,693947.01,99135.29,495676.44,conventional,Northeast
2016-08-28,1.71,76426.69,26749.34,26749.34,3821.33,19106.67,organic,Northeast
2016-08-28,1.25,1798681.95,629538.68,629538.68,89934.1,449670.49,conventional,Southeast
2016-08-28,1.62,84374.61,29531.11,29531.11,4218.73,21093.65,organic,Southeast
2016-08-28,1.0,2184423.84,764548.34,764548.34,109221.19,546105.96,conventional,Great_Lakes
2016-08-28,1.74,72596.35,25408.72,25408.72,3629.82,18149.09,organic,Great_Lakes
2016-08-28,1.26,1266131.47,443146.01,443146.01,63306.57,316532.87,conventional,MidSouth
2016-08-28,1.73,55026.34,19259.22,19259.22,2751.32,13756.59,organic,MidSouth
2016-08-28,1.15,2528239.8,884883.93,884883.93,126411.99,632059.95,conventional,SouthCentral
2016-08-28,1.68,107458.97,37610.64,37610.64,5372.95,26864.74,organic,SouthCentral
2016-09-04,1.14,2320650.47,812227.66,812227.66,116032.52,580162.62,conventional,California
2016-09-04,1.58,87101.39,30485.48,30485.48,4355.07,21775.35,organic,California
2016-09-04,1.32,2137040.41,747964.14,747964.14,106852.02,534260.1,conventional,West
2016-09-04,1.46,132677.91,46437.27,46437.27,6633.9,33169.48,organic,West
2016-09-04,1.1,2158427.24,755449.53,755449.53,107921.36,539606.81,conventional,Northeast
2016-09-04,1.69,84346.15,29521.15,29521.15,4217.31,21086.54,organic,Northeast
2016-09-04,1.07,1844226.8,645479.38,645479.38,92211.34,461056.7,conventional,Southeast
2016-09-04,1.51,84091.02,29431.86,29431.86,4204.55,21022.75,organic,Southeast
2016-09-04,1.14,1629559.9,570345.97,570345.97,81478.0,407389.98,conventional,Great_Lakes
2016-09-04,1.75,81638.47,28573.46,28573.46,4081.92,20409.62,organic,Great_Lakes
2016-09-04,1.09,1552354.96,543324.24,543324.24,77617.75,388088.74,conventional,MidSouth
2016-09-04,1.72,62932.05,22026.22,22026.22,3146.6,15733.01,organic,MidSouth
2016-09-04,1.16,2629325.48,920263.92,920263.92,131466.27,657331.37,conventional,SouthCentral
2016-09-04,1.72,93035.49,32562.42,32562.42,4651.77,23258.87,organic,SouthCentral
2016-09-11,1.24,2098663.14,734532.1,734532.1,104933.16,524665.79,conventional,California
2016-09-11,1.54,107621.75,37667.61,37667.61,5381.09,26905.44,organic,California
2016-09-11,1.22,2089724.97,731403.74,731403.74,104486.25,522431.24,conventional,West
2016-09-11,1.81,113099.86,39584.95,39584.95,5654.99,28274.96,organic,West
2016-09-11,1.07,1955033.9,684261.87,684261.87,97751.7,488758.48,conventional,Northeast
2016-09-11,1.7,92689.25,32441.24,32441.24,4634.46,23172.31,organic,Northeast
2016-09-11,1.13,2055830.1,719540.54,719540.54,102791.51,513957.53,conventional,Southeast
2016-09-11,1.45,104434.84,36552.19,36552.19,5221.74,26108.71,organic,Southeast
2016-09-11,1.09,2103179.43,736112.8,736112.8,105158.97,525794.86,conventional,Great_Lakes
2016-09-11,1.95,55558.17,19445.36,19445.36,2777.91,13889.54,organic,Great_Lakes
2016-09-11,1.1,1625640.31,568974.11,568974.11,81282.02,406410.08,conventional,MidSouth
2016-09-11,1.59,67403.21,23591.13,23591.13,3370.16,16850.8,organic,MidSouth
2016-09-11,1.15,2136590.19,747806.57,747806.57,106829.51,534147.55,conventional,SouthCentral
2016-09-11,1.65,105006.59,36752.31,36752.31,5250.33,26251.65,organic,SouthCentral
2016-09-18,1.1,2538732.5,888556.38,888556.38,126936.63,634683.13,conventional,California
2016-09-18,1.46,125238.63,43833.52,43833.52,6261.93,31309.66,organic,California
2016-09-18,1.12,2303073.48,806075.72,806075.72,115153.67,575768.37,conventional,West
2016-09-18,1.77,95719.18,33501.71,33501.71,4785.96,23929.8,organic,West
2016-09-18,1.21,2032607.3,711412.55,711412.55,101630.36,508151.82,conventional,Northeast
2016-09-18,1.6,88465.56,30962.94,30962.94,4423.28,22116.39,organic,Northeast
2016-09-18,1.04,1890666.76,661733.37,661733.37,94533.34,472666.69,conventional,Southeast
2016-09-18,2.09,63613.42,22264.7,22264.7,3180.67,15903.36,organic,Southeast
2016-09-18,1.01,1801599.22,630559.73,630559.73,90079.96,450399.8,conventional,Great_Lakes
2016-09-18,1.72,76266.17,26693.16,26693.16,3813.31,19066.54,organic,Great_Lakes
2016-09-18,1.2,1319493.72,461822.8,461822.8,65974.69,329873.43,conventional,MidSouth
2016-09-18,1.63,67456.68,23609.84,23609.84,3372.83,16864.17,organic,MidSouth
2016-09-18,1.16,2072376.63,725331.82,725331.82,103618.83,518094.16,conventional,SouthCentral
2016-09-18,1.62,106445.74,37256.01,37256.01,5322.29,26611.43,organic,SouthCentral
2016-09-25,1.17,2667950.45,933782.66,933782.66,133397.52,666987.61,conventional,California
2016-09-25,1.71,88793.35,31077.67,31077.67,4439.67,22198.34,organic,California
2016-09-25,1.24,2155800.0,754530.0,754530.0,107790.0,538950.0,conventional,West
2016-09-25,1.71,103127.06,36094.47,36094.47,5156.35,25781.77,organic,West
2016-09-25,1.36,1486276.64,520196.82,520196.82,74313.83,371569.16,conventional,Northeast
2016-09-25,1.72,76868.15,26903.85,26903.85,3843.41,19217.04,organic,Northeast
2016-09-25,1.21,1562997.89,547049.26,547049.26,78149.89,390749.47,conventional,Southeast
2016-09-25,1.59,82528.86,28885.1,28885.1,4126.44,20632.21,organic,Southeast
2016-09-25,1.25,1665153.64,582803.77,582803.77,83257.68,416288.41,conventional,Great_Lakes
2016-09-25,1.46,92720.55,32452.19,32452.19,4636.03,23180.14,organic,Great_Lakes
2016-09-25,1.08,1397738.86,489208.6,489208.6,69886.94,349434.71,conventional,MidSouth
2016-09-25,1.62,64105.66,22436.98,22436.98,3205.28,16026.42,organic,MidSouth
2016-09-25,1.39,2035722.69,712502.94,712502.94,101786.13,508930.67,conventional,SouthCentral
2016-09-25,1.44,129714.44,45400.05,45400.05,6485.72,32428.61,organic,SouthCentral
2016-10-02,1.25,2329072.82,815175.49,815175.49,116453.64,582268.21,conventional,California
2016-10-02,1.41,103118.15,36091.35,36091.35,5155.91,25779.54,organic,California
2016-10-02,1.34,1997792.51,699227.38,699227.38,99889.63,499448.13,conventional,West
2016-10-02,1.52,125419.49,43896.82,43896.82,6270.97,31354.87,organic,West
2016-10-02,0.89,2833282.91,991649.02,991649.02,141664.15,708320.73,conventional,Northeast
2016-10-02,1.7,96516.01,33780.6,33780.6,4825.8,24129.0,organic,Northeast
2016-10-02,1.05,2064033.06,722411.57,722411.57,103201.65,516008.26,conventional,Southeast
2016-10-02,1.51,96097.35,33634.07,33634.07,4804.87,24024.34,organic,Southeast
2016-10-02,1.06,1878144.58,657350.6,657350.6,93907.23,469536.14,conventional,Great_Lakes
2016-10-02,1.5,96992.36,33947.33,33947.33,4849.62,24248.09,organic,Great_Lakes
2016-10-02,1.24,1310661.84,458731.64,458731.64,65533.09,327665.46,conventional,MidSouth
2016-10-02,1.66,56531.33,19785.97,19785.97,2826.57,14132.83,organic,MidSouth
2016-10-02,1.12,2632405.7,921342.0,921342.0,131620.29,658101.43,conventional,SouthCentral
2016-10-02,2.04,74643.62,26125.27,26125.27,3732.18,18660.91,organic,SouthCentral
2016-10-09,1.3,2043580.47,715253.16,715253.16,102179.02,510895.12,conventional,California
2016-10-09,1.69,113114.2,39589.97,39589.97,5655.71,28278.55,organic,California
2016-10-09,1.19,2317812.7,811234.44,811234.44,115890.63,579453.17,conventional,West
2016-10-09,1.64,119639.27,41873.75,41873.75,5981.96,29909.82,organic,West
2016-10-09,1.26,1736504.87,607776.7,607776.7,86825.24,434126.22,conventional,Northeast
2016-10-09,1.45,109143.87,38200.36,38200.36,5457.19,27285.97,organic,Northeast
2016-10-09,1.07,1988714.5,696050.07,696050.07,99435.72,497178.62,conventional,Southeast
2016-10-09,1.84,66844.28,23395.5,23395.5,3342.21,16711.07,organic,Southeast
2016-10-09,1.15,1769894.64,619463.12,619463.12,88494.73,442473.66,conventional,Great_Lakes
2016-10-09,1.78,56319.55,19711.84,19711.84,2815.98,14079.89,organic,Great_Lakes
2016-10-09,1.09,1590335.28,556617.35,556617.35,79516.76,397583.82,conventional,MidSouth
2016-10-09,1.83,53535.68,18737.49,18737.49,2676.78,13383.92,organic,MidSouth
2016-10-09,0.96,3357398.96,1175089.64,1175089.64,167869.95,839349.74,conventional,SouthCentral
2016-10-09,1.55,111581.11,39053.39,39053.39,5579.06,27895.28,organic,SouthCentral
2016-10-16,1.09,2315838.1,810543.34,810543.34,115791.91,578959.53,conventional,California
2016-10-16,1.56,86020.58,30107.2,30107.2,4301.03,21505.14,organic,California
2016-10-16,1.24,2357014.7,824955.14,824955.14,117850.73,589253.67,conventional,West
2016-10-16,1.75,86037.4,30113.09,30113.09,4301.87,21509.35,organic,West
2016-10-16,1.13,2090365.99,731628.1,731628.1,104518.3,522591.5,conventional,Northeast
2016-10-16,1.74,90799.78,31779.92,31779.92,4539.99,22699.94,organic,Northeast
2016-10-16,1.08,1996626.76,698819.37,698819.37,99831.34,499156.69,conventional,Southeast
2016-10-16,1.72,89343.64,31270.27,31270.27,4467.18,22335.91,organic,Southeast
2016-10-16,1.22,1733975.13,606891.3,606891.3,86698.76,433493.78,conventional,Great_Lakes
2016-10-16,1.66,89733.06,31406.57,31406.57,4486.65,22433.27,organic,Great_Lakes
2016-10-16,1.19,1305572.86,456950.5,456950.5,65278.64,326393.22,conventional,MidSouth
2016-10-16,1.86,58823.43,20588.2,20588.2,2941.17,14705.86,organic,MidSouth
2016-10-16,1.11,2584827.37,904689.58,904689.58,129241.37,646206.84,conventional,SouthCentral
2016-10-16,1.69,115686.87,40490.4,40490.4,5784.34,28921.72,organic,SouthCentral
2016-10-23,1.17,2199874.05,769955.92,769955.92,109993.7,549968.51,conventional,California
2016-10-23,1.9,88404.58,30941.6,30941.6,4420.23,22101.14,organic,California
2016-10-23,1.17,2469585.52,864354.93,864354.93,123479.28,617396.38,conventional,West
2016-10-23,1.5,126786.87,44375.41,44375.41,6339.34,31696.72,organic,West
2016-10-23,1.33,1674770.61,586169.71,586169.71,83738.53,418692.65,conventional,Northeast
2016-10-23,1.52,97164.5,34007.58,34007.58,4858.23,24291.13,organic,Northeast
2016-10-23,1.04,1942715.95,679950.58,679950.58,97135.8,485678.99,conventional,Southeast
2016-10-23,1.59,75101.5,26285.53,26285.53,3755.08,18775.38,organic,Southeast
2016-10-23,1.15,1881558.61,658545.51,658545.51,94077.93,470389.65,conventional,Great_Lakes
2016-10-23,1.51,104407.49,36542.62,36542.62,5220.37,26101.87,organic,Great_Lakes
2016-10-23,1.2,1502929.95,526025.48,526025.48,75146.5,375732.49,conventional,MidSouth
2016-10-23,1.55,78477.42,27467.1,27467.1,3923.87,19619.35,organic,MidSouth
2016-10-23,1.04,3110664.16,1088732.46,1088732.46,155533.21,777666.04,conventional,SouthCentral
2016-10-23,1.68,118694.0,41542.9,41542.9,5934.7,29673.5,organic,SouthCentral
2016-10-30,1.03,2334851.69,817198.09,817198.09,116742.58,583712.92,conventional,California
2016-10-30,1.74,82779.74,28972.91,28972.91,4138.99,20694.94,organic,California
2016-10-30,1.2,1994842.09,698194.73,698194.73,99742.1,498710.52,conventional,West
2016-10-30,1.78,83112.32,29089.31,29089.31,4155.62,20778.08,organic,West
2016-10-30,1.21,2028264.22,709892.48,709892.48,101413.21,507066.05,conventional,Northeast
2016-10-30,1.55,107521.55,37632.54,37632.54,5376.08,26880.39,organic,Northeast
2016-10-30,1.18,1701204.11,595421.44,595421.44,85060.21,425301.03,conventional,Southeast
2016-10-30,1.5,77943.9,27280.37,27280.37,3897.2,19485.98,organic,Southeast
2016-10-30,1.18,1490320.88,521612.31,521612.31,74516.04,372580.22,conventional,Great_Lakes
2016-10-30,1.66,75784.26,26524.49,26524.49,3789.21,18946.07,organic,Great_Lakes
2016-10-30,1.22,1327645.8,464676.03,464676.03,66382.29,331911.45,conventional,MidSouth
2016-10-30,1.6,73969.85,25889.45,25889.45,3698.49,18492.46,organic,MidSouth
2016-10-30,1.18,2530210.8,885573.78,885573.78,126510.54,632552.7,conventional,SouthCentral
2016-10-30,1.72,92596.77,32408.87,32408.87,4629.84,23149.19,organic,SouthCentral
2016-11-06,1.23,2259807.57,790932.65,790932.65,112990.38,564951.89,conventional,California
2016-11-06,1.5,118223.42,41378.2,41378.2,5911.17,29555.86,organic,California
2016-11-06,1.15,2469478.38,864317.43,864317.43,123473.92,617369.6,conventional,West
2016-11-06,1.7,123265.49,43142.92,43142.92,6163.27,30816.37,organic,West
2016-11-06,1.26,1749973.87,612490.85,612490.85,87498.69,437493.47,conventional,Northeast
2016-11-06,1.74,102811.68,35984.09,35984.09,5140.58,25702.92,organic,Northeast
2016-11-06,1.19,2033081.09,711578.38,711578.38,101654.05,508270.27,conventional,Southeast
2016-11-06,1.95,75156.12,26304.64,26304.64,3757.81,18789.03,organic,Southeast
2016-11-06,1.17,1973093.56,690582.75,690582.75,98654.68,493273.39,conventional,Great_Lakes
2016-11-06,1.67,82362.71,28826.95,28826.95,4118.14,20590.68,organic,Great_Lakes
2016-11-06,1.11,1830060.92,640521.32,640521.32,91503.05,457515.23,conventional,MidSouth
2016-11-06,1.53,91401.33,31990.46,31990.46,4570.07,22850.33,organic,MidSouth
2016-11-06,1.2,2304742.92,806660.02,806660.02,115237.15,576185.73,conventional,SouthCentral
2016-11-06,1.71,94287.45,33000.61,33000.61,4714.37,23571.86,organic,SouthCentral
2016-11-13,1.21,2340960.85,819336.3,819336.3,117048.04,585240.21,conventional,California
2016-11-13,1.56,115226.68,40329.34,40329.34,5761.33,28806.67,organic,California
2016-11-13,1.35,1961777.0,686621.95,686621.95,98088.85,490444.25,conventional,West
2016-11-13,1.49,150813.93,52784.88,52784.88,7540.7,37703.48,organic,West
2016-11-13,1.35,1786559.58,625295.85,625295.85,89327.98,446639.89,conventional,Northeast
2016-11-13,1.8,97975.74,34291.51,34291.51,4898.79,24493.94,organic,Northeast
2016-11-13,1.08,2030394.84,710638.19,710638.19,101519.74,507598.71,conventional,Southeast
2016-11-13,1.83,88110.53,30838.69,30838.69,4405.53,22027.63,organic,Southeast
2016-11-13,1.21,1636708.34,572847.92,572847.92,81835.42,409177.08,conventional,Great_Lakes
2016-11-13,1.95,61941.25,21679.44,21679.44,3097.06,15485.31,organic,Great_Lakes
2016-11-13,1.12,1656719.76,579851.92,579851.92,82835.99,414179.94,conventional,MidSouth
2016-11-13,1.88,62377.94,21832.28,21832.28,3118.9,15594.48,organic,MidSouth
2016-11-13,1.19,2698948.76,944632.06,944632.06,134947.44,674737.19,conventional,SouthCentral
2016-11-13,1.66,128452.22,44958.28,44958.28,6422.61,32113.05,organic,SouthCentral
2016-11-20,0.9,3104135.08,1086447.28,1086447.28,155206.75,776033.77,conventional,California
2016-11-20,1.69,90365.38,31627.88,31627.88,4518.27,22591.35,organic,California
2016-11-20,1.19,2346271.3,821194.96,821194.96,117313.57,586567.83,conventional,West
2016-11-20,1.91,104716.52,36650.78,36650.78,5235.83,26179.13,organic,West
2016-11-20,1.1,2262733.13,791956.59,791956.59,113136.66,565683.28,conventional,Northeast
2016-11-20,1.64,94393.62,33037.77,33037.77,4719.68,23598.4,organic,Northeast
2016-11-20,1.17,1789513.1,626329.58,626329.58,89475.65,447378.27,conventional,Southeast
2016-11-20,1.48,109305.93,38257.08,38257.08,5465.3,27326.48,organic,Southeast
2016-11-20,1.21,1635321.83,572362.64,572362.64,81766.09,408830.46,conventional,Great_Lakes
2016-11-20,1.78,69953.73,24483.8,24483.8,3497.69,17488.43,organic,Great_Lakes
2016-11-20,1.18,1614283.64,564999.28,564999.28,80714.18,403570.91,conventional,MidSouth
2016-11-20,1.64,73413.95,25694.88,25694.88,3670.7,18353.49,organic,MidSouth
2016-11-20,1.1,2834356.07,992024.63,992024.63,141717.8,708589.02,conventional,SouthCentral
2016-11-20,1.62,116669.49,40834.32,40834.32,5833.47,29167.37,organic,SouthCentral
2016-11-27,1.13,2098919.42,734621.8,734621.8,104945.97,524729.85,conventional,California
2016-11-27,1.58,109021.35,38157.47,38157.47,5451.07,27255.34,organic,California
2016-11-27,1.12,2507603.47,877661.22,877661.22,125380.17,626900.87,conventional,West
2016-11-27,1.64,118207.7,41372.7,41372.7,5910.39,29551.93,organic,West
2016-11-27,1.24,1883927.93,659374.77,659374.77,94196.4,470981.98,conventional,Northeast
2016-11-27,1.47,104802.38,36680.83,36680.83,5240.12,26200.59,organic,Northeast
2016-11-27,1.1,1992887.1,697510.49,697510.49,99644.36,498221.78,conventional,Southeast
2016-11-27,1.53,85493.19,29922.62,29922.62,4274.66,21373.3,organic,Southeast
2016-11-27,1.1,1989547.55,696341.64,696341.64,99477.38,497386.89,conventional,Great_Lakes
2016-11-27,1.74,73230.11,25630.54,25630.54,3661.51,18307.53,organic,Great_Lakes
2016-11-27,1.11,1509931.57,528476.05,528476.05,75496.58,377482.89,conventional,MidSouth
2016-11-27,1.65,64424.87,22548.71,22548.71,3221.24,16106.22,organic,MidSouth
2016-11-27,1.21,2217622.77,776167.97,776167.97,110881.14,554405.69,conventional,SouthCentral
2016-11-27,1.6,132374.61,46331.11,46331.11,6618.73,33093.65,organic,SouthCentral
2016-12-04,1.17,3063409.68,1072193.39,1072193.39,153170.48,765852.42,conventional,California
2016-12-04,1.7,97720.68,34202.24,34202.24,4886.03,24430.17,organic,California
2016-12-04,1.14,2355536.54,824437.79,824437.79,117776.83,588884.14,conventional,West
2016-12-04,1.64,112363.62,39327.27,39327.27,5618.18,28090.91,organic,West
2016-12-04,1.24,2044629.28,715620.25,715620.25,102231.46,511157.32,conventional,Northeast
2016-12-04,1.63,100779.51,35272.83,35272.83,5038.98,25194.88,organic,Northeast
2016-12-04,1.32,1715797.42,600529.1,600529.1,85789.87,428949.35,conventional,Southeast
2016-12-04,1.92,81242.16,28434.76,28434.76,4062.11,20310.54,organic,Southeast
2016-12-04,1.2,1971776.45,690121.76,690121.76,98588.82,492944.11,conventional,Great_Lakes
2016-12-04,1.71,70866.97,24803.44,24803.44,3543.35,17716.74,organic,Great_Lakes
2016-12-04,1.12,1852885.99,648510.1,648510.1,92644.3,463221.5,conventional,MidSouth
2016-12-04,1.64,66034.32,23112.01,23112.01,3301.72,16508.58,organic,MidSouth
2016-12-04,1.14,3387520.15,1185632.05,1185632.05,169376.01,846880.04,conventional,SouthCentral
2016-12-04,1.84,111760.81,39116.28,39116.28,5588.04,27940.2,organic,SouthCentral
2016-12-11,1.25,2214943.32,775230.16,775230.16,110747.17,553735.83,conventional,California
2016-12-11,1.39,132883.83,46509.34,46509.34,6644.19,33220.96,organic,California
2016-12-11,1.31,2241720.42,784602.15,784602.15,112086.02,560430.1,conventional,West
2016-12-11,1.61,121218.18,42426.36,42426.36,6060.91,30304.55,organic,West
2016-12-11,1.34,2211062.78,773871.97,773871.97,110553.14,552765.7,conventional,Northeast
2016-12-11,1.98,78961.76,27636.62,27636.62,3948.09,19740.44,organic,Northeast
2016-12-11,1.18,1801338.27,630468.4,630468.4,90066.91,450334.57,conventional,Southeast
2016-12-11,1.87,69504.87,24326.71,24326.71,3475.24,17376.22,organic,Southeast
2016-12-11,1.17,1803337.06,631167.97,631167.97,90166.85,450834.27,conventional,Great_Lakes
2016-12-11,1.56,90480.6,31668.21,31668.21,4524.03,22620.15,organic,Great_Lakes
2016-12-11,1.09,1721504.64,602526.62,602526.62,86075.23,430376.16,conventional,MidSouth
2016-12-11,1.57,88591.48,31007.02,31007.02,4429.57,22147.87,organic,MidSouth
2016-12-11,1.04,3393850.1,1187847.53,1187847.53,169692.5,848462.52,conventional,SouthCentral
2016-12-11,1.83,107210.0,37523.5,37523.5,5360.5,26802.5,organic,SouthCentral
2016-12-18,1.08,2680610.82,938213.79,938213.79,134030.54,670152.7,conventional,California
2016-12-18,1.83,99094.17,34682.96,34682.96,4954.71,24773.54,organic,California
2016-12-18,1.1,2963216.51,1037125.78,1037125.78,148160.83,740804.13,conventional,West
2016-12-18,1.48,151492.87,53022.51,53022.51,7574.64,37873.22,organic,West
2016-12-18,1.19,2196025.87,768609.05,768609.05,109801.29,549006.47,conventional,Northeast
2016-12-18,1.52,108936.1,38127.64,38127.64,5446.81,27234.03,organic,Northeast
2016-12-18,1.2,2188213.97,765874.89,765874.89,109410.7,547053.49,conventional,Southeast
2016-12-18,1.55,108041.77,37814.62,37814.62,5402.09,27010.44,organic,Southeast
2016-12-18,0.94,2470250.67,864587.74,864587.74,123512.53,617562.67,conventional,Great_Lakes
2016-12-18,1.65,83063.5,29072.23,29072.23,4153.18,20765.88,organic,Great_Lakes
2016-12-18,1.06,1770392.21,619637.27,619637.27,88519.61,442598.05,conventional,MidSouth
2016-12-18,1.69,71232.81,24931.48,24931.48,3561.64,17808.2,organic,MidSouth
2016-12-18,0.93,3251022.36,1137857.83,1137857.83,162551.12,812755.59,conventional,SouthCentral
2016-12-18,1.56,150583.84,52704.35,52704.35,7529.19,37645.96,organic,SouthCentral
2016-12-25,0.88,3404818.78,1191686.57,1191686.57,170240.94,851204.69,conventional,California
2016-12-25,1.57,140028.25,49009.89,49009.89,7001.41,35007.06,organic,California
2016-12-25,1.11,2891149.9,1011902.47,1011902.47,144557.5,722787.48,conventional,West
2016-12-25,1.67,95757.42,33515.1,33515.1,4787.87,23939.36,organic,West
2016-12-25,1.23,2206303.7,772206.3,772206.3,110315.19,551575.93,conventional,Northeast
2016-12-25,1.73,146254.92,51189.22,51189.22,7312.75,36563.73,organic,Northeast
2016-12-25,0.94,3094108.63,1082938.02,1082938.02,154705.43,773527.16,conventional,Southeast
2016-12-25,1.61,101049.04,35367.16,35367.16,5052.45,25262.26,organic,Southeast
2016-12-25,1.15,1957727.18,685204.51,685204.51,97886.36,489431.8,conventional,Great_Lakes
2016-12-25,1.56,101399.97,35489.99,35489.99,5070.0,25349.99,organic,Great_Lakes
2016-12-25,1.0,2128339.44,744918.81,744918.81,106416.97,532084.86,conventional,MidSouth
2016-12-25,1.59,71440.1,25004.03,25004.03,3572.0,17860.02,organic,MidSouth
2016-12-25,1.1,3416202.97,1195671.04,1195671.04,170810.15,854050.74,conventional,SouthCentral
2016-12-25,1.57,147570.86,51649.8,51649.8,7378.54,36892.71,organic,SouthCentral
2017-01-01,1.08,3123497.74,1093224.21,1093224.21,156174.89,780874.43,conventional,California
2017-01-01,1.75,133750.53,46812.68,46812.68,6687.53,33437.63,organic,California
2017-01-01,1.13,3106484.28,1087269.5,1087269.5,155324.21,776621.07,conventional,West
2017-01-01,1.66,145854.39,51049.03,51049.03,7292.72,36463.6,organic,West
2017-01-01,1.08,2908160.58,1017856.2,1017856.2,145408.03,727040.15,conventional,Northeast
2017-01-01,1.62,115951.54,40583.04,40583.04,5797.58,28987.89,organic,Northeast
2017-01-01,1.16,2279952.65,797983.43,797983.43,113997.63,569988.16,conventional,Southeast
2017-01-01,1.63,105307.03,36857.46,36857.46,5265.35,26326.76,organic,Southeast
2017-01-01,1.31,1996071.84,698625.14,698625.14,99803.59,499017.96,conventional,Great_Lakes
2017-01-01,1.78,83015.52,29055.43,29055.43,4150.78,20753.88,organic,Great_Lakes
2017-01-01,1.06,2154993.32,754247.66,754247.66,107749.67,538748.33,conventional,MidSouth
2017-01-01,1.78,83818.71,29336.55,29336.55,4190.94,20954.68,organic,MidSouth
2017-01-01,1.09,3318305.28,1161406.85,1161406.85,165915.26,829576.32,conventional,SouthCentral
2017-01-01,1.4,173954.28,60884.0,60884.0,8697.71,43488.57,organic,SouthCentral
2017-01-08,1.25,2351437.58,823003.15,823003.15,117571.88,587859.39,conventional,California
2017-01-08,1.75,109711.73,38399.1,38399.1,5485.59,27427.93,organic,California
2017-01-08,1.18,2545220.51,890827.18,890827.18,127261.03,636305.13,conventional,West
2017-01-08,1.66,95168.3,33308.9,33308.9,4758.41,23792.07,organic,West
2017-01-08,1.13,2264335.82,792517.54,792517.54,113216.79,566083.95,conventional,Northeast
2017-01-08,1.83,105056.33,36769.71,36769.71,5252.82,26264.08,organic,Northeast
2017-01-08,1.2,2425084.94,848779.73,848779.73,121254.25,606271.23,conventional,Southeast
2017-01-08,1.51,138315.0,48410.25,48410.25,6915.75,34578.75,organic,Southeast
2017-01-08,1.24,1928485.23,674969.83,674969.83,96424.26,482121.31,conventional,Great_Lakes
2017-01-08,1.82,75237.46,26333.11,26333.11,3761.87,18809.37,organic,Great_Lakes
2017-01-08,1.07,1887162.62,660506.92,660506.92,94358.13,471790.66,conventional,MidSouth
2017-01-08,1.57,78618.04,27516.31,27516.31,3930.9,19654.51,organic,MidSouth
2017-01-08,1.27,2727360.41,954576.14,954576.14,136368.02,681840.1,conventional,SouthCentral
2017-01-08,1.7,127944.61,44780.62,44780.62,6397.23,31986.15,organic,SouthCentral
2017-01-15,0.97,3432433.33,1201351.67,1201351.67,171621.67,858108.33,conventional,California
2017-01-15,1.36,160997.04,56348.96,56348.96,8049.85,40249.26,organic,California
2017-01-15,1.01,3967357.95,1388575.28,1388575.28,198367.9,991839.49,conventional,West
2017-01-15,1.79,116456.09,40759.63,40759.63,5822.8,29114.02,organic,West
2017-01-15,1.28,2073439.88,725703.96,725703.96,103671.99,518359.97,conventional,Northeast
2017-01-15,1.73,107818.22,37736.38,37736.38,5390.91,26954.55,organic,Northeast
2017-01-15,1.18,2428621.66,850017.58,850017.58,121431.08,607155.42,conventional,Southeast
2017-01-15,1.76,94788.42,33175.95,33175.95,4739.42,23697.1,organic,Southeast
2017-01-15,0.98,2436342.96,852720.04,852720.04,121817.15,609085.74,conventional,Great_Lakes
2017-01-15,1.63,99964.73,34987.65,34987.65,4998.24,24991.18,organic,Great_Lakes
2017-01-15,1.04,2491815.65,872135.48,872135.48,124590.78,622953.91,conventional,MidSouth
2017-01-15,1.88,71010.47,24853.66,24853.66,3550.52,17752.62,organic,MidSouth
2017-01-15,1.16,3082061.88,1078721.66,1078721.66,154103.09,770515.47,conventional,SouthCentral
2017-01-15,1.51,163934.29,57377.0,57377.0,8196.71,40983.57,organic,SouthCentral
2017-01-22,1.18,2384960.24,834736.08,834736.08,119248.01,596240.06,conventional,California
2017-01-22,1.7,114592.2,40107.27,40107.27,5729.61,28648.05,organic,California
2017-01-22,0.96,3382737.14,1183958.0,1183958.0,169136.86,845684.28,conventional,West
2017-01-22,1.59,166100.4,58135.14,58135.14,8305.02,41525.1,organic,West
2017-01-22,1.21,2141105.95,749387.08,749387.08,107055.3,535276.49,conventional,Northeast
2017-01-22,1.72,91214.89,31925.21,31925.21,4560.74,22803.72,organic,Northeast
2017-01-22,1.26,1942061.64,679721.57,679721.57,97103.08,485515.41,conventional,Southeast
2017-01-22,1.64,117316.8,41060.88,41060.88,5865.84,29329.2,organic,Southeast
2017-01-22,1.02,2247221.48,786527.52,786527.52,112361.07,561805.37,conventional,Great_Lakes
2017-01-22,1.56,117244.51,41035.58,41035.58,5862.23,29311.13,organic,Great_Lakes
2017-01-22,1.0,1718266.61,601393.31,601393.31,85913.33,429566.65,conventional,MidSouth
2017-01-22,1.58,91315.86,31960.55,31960.55,4565.79,22828.97,organic,MidSouth
2017-01-22,1.27,2689173.33,941210.66,941210.66,134458.67,672293.33,conventional,SouthCentral
2017-01-22,1.59,168766.68,59068.34,59068.34,8438.33,42191.67,organic,SouthCentral
2017-01-29,0.96,3277054.81,1146969.18,1146969.18,163852.74,819263.7,conventional,California
2017-01-29,1.68,124085.87,43430.05,43430.05,6204.29,31021.47,organic,California
2017-01-29,1.1,3065479.26,1072917.74,1072917.74,153273.96,766369.81,conventional,West
2017-01-29,1.28,178608.37,62512.93,62512.93,8930.42,44652.09,organic,West
2017-01-29,1.2,2226223.96,779178.39,779178.39,111311.2,556555.99,conventional,Northeast
2017-01-29,1.66,117856.67,41249.83,41249.83,5892.83,29464.17,organic,Northeast
2017-01-29,1.12,2375826.74,831539.36,831539.36,118791.34,593956.68,conventional,Southeast
2017-01-29,1.51,114000.12,39900.04,39900.04,5700.01,28500.03,organic,Southeast
2017-01-29,1.21,2056523.31,719783.16,719783.16,102826.17,514130.83,conventional,Great_Lakes
2017-01-29,1.56,108122.8,37842.98,37842.98,5406.14,27030.7,organic,Great_Lakes
2017-01-29,1.22,1421074.05,497375.92,497375.92,71053.7,355268.51,conventional,MidSouth
2017-01-29,1.82,67520.78,23632.27,23632.27,3376.04,16880.19,organic,MidSouth
2017-01-29,1.19,3322598.31,1162909.41,1162909.41,166129.92,830649.58,conventional,SouthCentral
2017-01-29,1.44,161544.72,56540.65,56540.65,8077.24,40386.18,organic,SouthCentral
2017-02-05,1.12,2759656.63,965879.82,965879.82,137982.83,689914.16,conventional,California
2017-02-05,1.91,94278.25,32997.39,32997.39,4713.91,23569.56,organic,California
2017-02-05,1.09,3283220.62,1149127.22,1149127.22,164161.03,820805.16,conventional,West
2017-02-05,1.47,156050.13,54617.55,54617.55,7802.51,39012.53,organic,West
2017-02-05,1.18,2500229.55,875080.34,875080.34,125011.48,625057.39,conventional,Northeast
2017-02-05,1.64,114717.36,40151.08,40151.08,5735.87,28679.34,organic,Northeast
2017-02-05,1.0,2903627.43,1016269.6,1016269.6,145181.37,725906.86,conventional,Southeast
2017-02-05,1.91,85549.3,29942.26,29942.26,4277.47,21387.33,organic,Southeast
2017-02-05,1.17,2349184.23,822214.48,822214.48,117459.21,587296.06,conventional,Great_Lakes
2017-02-05,1.46,145858.25,51050.39,51050.39,7292.91,36464.56,organic,Great_Lakes
2017-02-05,1.17,2115571.05,740449.87,740449.87,105778.55,528892.76,conventional,MidSouth
2017-02-05,1.54,113453.72,39708.8,39708.8,5672.69,28363.43,organic,MidSouth
2017-02-05,1.23,3199192.3,1119717.3,1119717.3,159959.61,799798.07,conventional,SouthCentral
2017-02-05,1.69,141080.21,49378.07,49378.07,7054.01,35270.05,organic,SouthCentral
2017-02-12,1.27,2542505.8,889877.03,889877.03,127125.29,635626.45,conventional,California
2017-02-12,1.35,153763.78,53817.32,53817.32,7688.19,38440.94,organic,California
2017-02-12,1.13,3176393.51,1111737.73,1111737.73,158819.68,794098.38,conventional,West
2017-02-12,1.64,155365.53,54377.94,54377.94,7768.28,38841.38,organic,West
2017-02-12,0.95,3390366.79,1186628.38,1186628.38,169518.34,847591.7,conventional,Northeast
2017-02-12,1.38,168942.56,59129.9,59129.9,8447.13,42235.64,organic,Northeast
2017-02-12,1.14,2478365.47,867427.91,867427.91,123918.27,619591.37,conventional,Southeast
2017-02-12,1.52,136991.5,47947.02,47947.02,6849.57,34247.87,organic,Southeast
2017-02-12,1.25,2140821.92,749287.67,749287.67,107041.1,535205.48,conventional,Great_Lakes
2017-02-12,1.63,110411.79,38644.13,38644.13,5520.59,27602.95,organic,Great_Lakes
2017-02-12,1.08,2199699.68,769894.89,769894.89,109984.98,549924.92,conventional,MidSouth
2017-02-12,1.9,76985.96,26945.09,26945.09,3849.3,19246.49,organic,MidSouth
2017-02-12,1.08,3710024.48,1298508.57,1298508.57,185501.22,927506.12,conventional,SouthCentral
2017-02-12,1.46,190679.13,66737.7,66737.7,9533.96,47669.78,organic,SouthCentral
2017-02-19,1.2,2335938.27,817578.39,817578.39,116796.91,583984.57,conventional,California
2017-02-19,1.48,147043.12,51465.09,51465.09,7352.16,36760.78,organic,California
2017-02-19,1.12,2848977.8,997142.23,997142.23,142448.89,712244.45,conventional,West
2017-02-19,1.71,132843.02,46495.06,46495.06,6642.15,33210.75,organic,West
2017-02-19,1.13,2554567.1,894098.49,894098.49,127728.36,638641.78,conventional,Northeast
2017-02-19,1.81,122923.62,43023.27,43023.27,6146.18,30730.91,organic,Northeast
2017-02-19,1.1,2383203.38,834121.18,834121.18,119160.17,595800.84,conventional,Southeast
2017-02-19,1.72,96346.75,33721.36,33721.36,4817.34,24086.69,organic,Southeast
2017-02-19,1.14,2453009.2,858553.22,858553.22,122650.46,613252.3,conventional,Great_Lakes
2017-02-19,1.36,155441.5,54404.53,54404.53,7772.08,38860.38,organic,Great_Lakes
2017-02-19,1.16,1821722.73,637602.96,637602.96,91086.14,455430.68,conventional,MidSouth
2017-02-19,1.64,86022.1,30107.74,30107.74,4301.11,21505.53,organic,MidSouth
2017-02-19,0.98,4589311.55,1606259.04,1606259.04,229465.58,1147327.89,conventional,SouthCentral
2017-02-19,1.66,155156.55,54304.79,54304.79,7757.83,38789.14,organic,SouthCentral
2017-02-26,1.25,2374950.98,831232.84,831232.84,118747.55,593737.74,conventional,California
2017-02-26,1.72,116936.49,40927.77,40927.77,5846.82,29234.12,organic,California
2017-02-26,1.23,2343377.57,820182.15,820182.15,117168.88,585844.39,conventional,West
2017-02-26,1.64,130247.83,45586.74,45586.74,6512.39,32561.96,organic,West
2017-02-26,1.19,2634068.07,921923.82,921923.82,131703.4,658517.02,conventional,Northeast
2017-02-26,1.54,122871.15,43004.9,43004.9,6143.56,30717.79,organic,Northeast
2017-02-26,1.14,2234631.92,782121.17,782121.17,111731.6,558657.98,conventional,Southeast
2017-02-26,1.78,91994.83,32198.19,32198.19,4599.74,22998.71,organic,Southeast
2017-02-26,0.86,3180887.46,1113310.61,1113310.61,159044.37,795221.86,conventional,Great_Lakes
2017-02-26,1.49,100896.51,35313.78,35313.78,5044.83,25224.13,organic,Great_Lakes
2017-02-26,1.03,2207000.16,772450.06,772450.06,110350.01,551750.04,conventional,MidSouth
2017-02-26,1.85,74174.26,25960.99,25960.99,3708.71,18543.56,organic,MidSouth
2017-02-26,1.09,3685446.6,1289906.31,1289906.31,184272.33,921361.65,conventional,SouthCentral
2017-02-26,1.58,148449.71,51957.4,51957.4,7422.49,37112.43,organic,SouthCentral
2017-03-05,1.03,2874138.99,1005948.65,1005948.65,143706.95,718534.75,conventional,California
2017-03-05,1.59,139655.68,48879.49,48879.49,6982.78,34913.92,organic,California
2017-03-05,1.14,3020673.78,1057235.82,1057235.82,151033.69,755168.45,conventional,West
2017-03-05,1.51,168924.23,59123.48,59123.48,8446.21,42231.06,organic,West
2017-03-05,1.02,3349501.65,1172325.58,1172325.58,167475.08,837375.41,conventional,Northeast
2017-03-05,1.5,130099.48,45534.82,45534.82,6504.97,32524.87,organic,Northeast
2017-03-05,1.0,2750535.26,962687.34,962687.34,137526.76,687633.81,conventional,Southeast
2017-03-05,1.8,100589.84,35206.44,35206.44,5029.49,25147.46,organic,Southeast
2017-03-05,1.25,2181979.08,763692.68,763692.68,109098.95,545494.77,conventional,Great_Lakes
2017-03-05,1.48,118109.52,41338.33,41338.33,5905.48,29527.38,organic,Great_Lakes
2017-03-05,1.07,2345434.7,820902.14,820902.14,117271.73,586358.67,conventional,MidSouth
2017-03-05,1.47,112834.31,39492.01,39492.01,5641.72,28208.58,organic,MidSouth
2017-03-05,1.24,3563402.33,1247190.82,1247190.82,178170.12,890850.58,conventional,SouthCentral
2017-03-05,1.59,172699.68,60444.89,60444.89,8634.98,43174.92,organic,SouthCentral
2017-03-12,1.38,2199041.54,769664.54,769664.54,109952.08,549760.38,conventional,California
2017-03-12,1.42,135190.52,47316.68,47316.68,6759.53,33797.63,organic,California
2017-03-12,1.22,2465501.85,862925.65,862925.65,123275.09,616375.46,conventional,West
2017-03-12,1.59,152804.25,53481.49,53481.49,7640.21,38201.06,organic,West
2017-03-12,1.17,2742163.14,959757.1,959757.1,137108.16,685540.79,conventional,Northeast
2017-03-12,1.68,134037.77,46913.22,46913.22,6701.89,33509.44,organic,Northeast
2017-03-12,1.05,2547828.91,891740.12,891740.12,127391.45,636957.23,conventional,Southeast
2017-03-12,1.53,131522.98,46033.04,46033.04,6576.15,32880.75,organic,Southeast
2017-03-12,1.24,2186712.56,765349.4,765349.4,109335.63,546678.14,conventional,Great_Lakes
2017-03-12,1.83,79440.64,27804.23,27804.23,3972.03,19860.16,organic,Great_Lakes
2017-03-12,1.32,1841970.97,644689.84,644689.84,92098.55,460492.74,conventional,MidSouth
2017-03-12,1.76,94146.53,32951.28,32951.28,4707.33,23536.63,organic,MidSouth
2017-03-12,0.98,3936538.95,1377788.63,1377788.63,196826.95,984134.74,conventional,SouthCentral
2017-03-12,1.54,181147.88,63401.76,63401.76,9057.39,45286.97,organic,SouthCentral
2017-03-19,1.04,3469358.03,1214275.31,1214275.31,173467.9,867339.51,conventional,California
2017-03-19,1.86,117052.77,40968.47,40968.47,5852.64,29263.19,organic,California
2017-03-19,1.18,2769626.06,969369.12,969369.12,138481.3,692406.51,conventional,West
2017-03-19,1.52,177488.42,62120.95,62120.95,8874.42,44372.11,organic,West
2017-03-19,1.23,2483310.45,869158.66,869158.66,124165.52,620827.61,conventional,Northeast
2017-03-19,1.59,105189.42,36816.3,36816.3,5259.47,26297.35,organic,Northeast
2017-03-19,1.04,3178603.33,1112511.16,1112511.16,158930.17,794650.83,conventional,Southeast
2017-03-19,1.46,133153.04,46603.56,46603.56,6657.65,33288.26,organic,Southeast
2017-03-19,1.25,1887330.23,660565.58,660565.58,94366.51,471832.56,conventional,Great_Lakes
2017-03-19,1.68,111598.46,39059.46,39059.46,5579.92,27899.62,organic,Great_Lakes
2017-03-19,1.15,2426187.4,849165.59,849165.59,121309.37,606546.85,conventional,MidSouth
2017-03-19,1.4,123520.96,43232.34,43232.34,6176.05,30880.24,organic,MidSouth
2017-03-19,1.13,3663802.12,1282330.74,1282330.74,183190.11,915950.53,conventional,SouthCentral
2017-03-19,1.72,133095.98,46583.59,46583.59,6654.8,33274.0,organic,SouthCentral
2017-03-26,1.17,2436087.71,852630.7,852630.7,121804.39,609021.93,conventional,California
2017-03-26,1.74,123837.37,43343.08,43343.08,6191.87,30959.34,organic,California
2017-03-26,1.21,3143382.08,1100183.73,1100183.73,157169.1,785845.52,conventional,West
2017-03-26,1.71,134192.44,46967.35,46967.35,6709.62,33548.11,organic,West
2017-03-26,1.06,2821692.97,987592.54,987592.54,141084.65,705423.24,conventional,Northeast
2017-03-26,1.83,120325.37,42113.88,42113.88,6016.27,30081.34,organic,Northeast
2017-03-26,1.13,2487265.05,870542.77,870542.77,124363.25,621816.26,conventional,Southeast
2017-03-26,1.51,138783.8,48574.33,48574.33,6939.19,34695.95,organic,Southeast
2017-03-26,1.22,2523162.04,883106.71,883106.71,126158.1,630790.51,conventional,Great_Lakes
2017-03-26,1.52,113649.31,39777.26,39777.26,5682.47,28412.33,organic,Great_Lakes
2017-03-26,1.17,1983808.53,694332.99,694332.99,99190.43,495952.13,conventional,MidSouth
2017-03-26,1.62,81955.64,28684.47,28684.47,4097.78,20488.91,organic,MidSouth
2017-03-26,1.24,3264811.94,1142684.18,1142684.18,163240.6,816202.99,conventional,SouthCentral
2017-03-26,1.51,198222.78,69377.97,69377.97,9911.14,49555.7,organic,SouthCentral
2017-04-02,1.27,2548879.97,892107.99,892107.99,127444.0,637219.99,conventional,California
2017-04-02,1.66,133780.33,46823.11,46823.11,6689.02,33445.08,organic,California
2017-04-02,1.06,3354630.7,1174120.75,1174120.75,167731.54,838657.68,conventional,West
2017-04-02,1.33,206523.32,72283.16,72283.16,10326.17,51630.83,organic,West
2017-04-02,0.99,3595689.95,1258491.48,1258491.48,179784.5,898922.49,conventional,Northeast
2017-04-02,1.6,122382.9,42834.01,42834.01,6119.14,30595.72,organic,Northeast
2017-04-02,1.09,2486416.59,870245.81,870245.81,124320.83,621604.15,conventional,Southeast
2017-04-02,1.86,69308.27,24257.89,24257.89,3465.41,17327.07,organic,Southeast
2017-04-02,1.28,2050983.69,717844.29,717844.29,102549.18,512745.92,conventional,Great_Lakes
2017-04-02,1.47,109429.24,38300.24,38300.24,5471.46,27357.31,organic,Great_Lakes
2017-04-02,1.32,1484142.22,519449.78,519449.78,74207.11,371035.55,conventional,MidSouth
2017-04-02,1.48,112845.64,39495.97,39495.97,5642.28,28211.41,organic,MidSouth
2017-04-02,1.18,2970977.57,1039842.15,1039842.15,148548.88,742744.39,conventional,SouthCentral
2017-04-02,1.68,130834.25,45791.99,45791.99,6541.71,32708.56,organic,SouthCentral
2017-04-09,1.26,2764012.24,967404.28,967404.28,138200.61,691003.06,conventional,California
2017-04-09,1.73,123584.86,43254.7,43254.7,6179.24,30896.21,organic,California
2017-04-09,1.33,2540694.86,889243.2,889243.2,127034.74,635173.71,conventional,West
2017-04-09,1.47,169286.4,59250.24,59250.24,8464.32,42321.6,organic,West
2017-04-09,1.36,1988734.26,696056.99,696056.99,99436.71,497183.57,conventional,Northeast
2017-04-09,1.6,130892.8,45812.48,45812.48,6544.64,32723.2,organic,Northeast
2017-04-09,1.14,2205621.92,771967.67,771967.67,110281.1,551405.48,conventional,Southeast
2017-04-09,1.82,116235.53,40682.43,40682.43,5811.78,29058.88,organic,Southeast
2017-04-09,1.17,2073907.41,725867.6,725867.6,103695.37,518476.85,conventional,Great_Lakes
2017-04-09,1.42,131883.42,46159.2,46159.2,6594.17,32970.86,organic,Great_Lakes
2017-04-09,1.26,1757722.36,615202.83,615202.83,87886.12,439430.59,conventional,MidSouth
2017-04-09,1.65,80442.61,28154.91,28154.91,4022.13,20110.65,organic,MidSouth
2017-04-09,1.04,4021713.97,1407599.89,1407599.89,201085.7,1005428.49,conventional,SouthCentral
2017-04-09,1.79,113464.11,39712.44,39712.44,5673.21,28366.03,organic,SouthCentral
2017-04-16,1.31,2534779.14,887172.7,887172.7,126738.96,633694.79,conventional,California
2017-04-16,1.86,93479.57,32717.85,32717.85,4673.98,23369.89,organic,California
2017-04-16,1.01,3513825.44,1229838.9,1229838.9,175691.27,878456.36,conventional,West
2017-04-16,1.73,152740.79,53459.28,53459.28,7637.04,38185.2,organic,West
2017-04-16,1.22,2418508.83,846478.09,846478.09,120925.44,604627.21,conventional,Northeast
2017-04-16,1.5,156419.51,54746.83,54746.83,7820.98,39104.88,organic,Northeast
2017-04-16,1.05,3014754.28,1055164.0,1055164.0,150737.71,753688.57,conventional,Southeast
2017-04-16,1.61,130013.07,45504.57,45504.57,6500.65,32503.27,organic,Southeast
2017-04-16,1.22,2096435.61,733752.46,733752.46,104821.78,524108.9,conventional,Great_Lakes
2017-04-16,1.57,106370.43,37229.65,37229.65,5318.52,26592.61,organic,Great_Lakes
2017-04-16,1.19,1824014.17,638404.96,638404.96,91200.71,456003.54,conventional,MidSouth
2017-04-16,1.56,91178.77,31912.57,31912.57,4558.94,22794.69,organic,MidSouth
2017-04-16,1.16,2777031.04,971960.86,971960.86,138851.55,694257.76,conventional,SouthCentral
2017-04-16,1.72,127303.72,44556.3,44556.3,6365.19,31825.93,organic,SouthCentral
2017-04-23,1.03,2838165.78,993358.02,993358.02,141908.29,709541.45,conventional,California
2017-04-23,1.38,145926.92,51074.42,51074.42,7296.35,36481.73,organic,California
2017-04-23,1.08,3843514.85,1345230.2,1345230.2,192175.74,960878.71,conventional,West
2017-04-23,1.57,149516.05,52330.62,52330.62,7475.8,37379.01,organic,West
2017-04-23,1.19,2572157.24,900255.03,900255.03,128607.86,643039.31,conventional,Northeast
2017-04-23,1.64,107091.55,37482.04,37482.04,5354.58,26772.89,organic,Northeast
2017-04-23,1.3,2362619.76,826916.92,826916.92,118130.99,590654.94,conventional,Southeast
2017-04-23,1.4,123459.23,43210.73,43210.73,6172.96,30864.81,organic,Southeast
2017-04-23,1.12,2173907.16,760867.5,760867.5,108695.36,543476.79,conventional,Great_Lakes
2017-04-23,1.73,88959.59,31135.85,31135.85,4447.98,22239.9,organic,Great_Lakes
2017-04-23,1.37,1682368.36,588828.93,588828.93,84118.42,420592.09,conventional,MidSouth
2017-04-23,1.68,91847.65,32146.68,32146.68,4592.38,22961.91,organic,MidSouth
2017-04-23,1.26,2830079.5,990527.82,990527.82,141503.97,707519.87,conventional,SouthCentral
2017-04-23,1.53,168885.61,59109.96,59109.96,8444.28,42221.4,organic,SouthCentral
2017-04-30,1.24,2629657.8,920380.23,920380.23,131482.89,657414.45,conventional,California
2017-04-30,1.41,148924.3,52123.51,52123.51,7446.22,37231.08,organic,California
2017-04-30,1.14,3042240.16,1064784.06,1064784.06,152112.01,760560.04,conventional,West
2017-04-30,1.95,92771.42,32470.0,32470.0,4638.57,23192.86,organic,West
2017-04-30,1.2,2836006.64,992602.32,992602.32,141800.33,709001.66,conventional,Northeast
2017-04-30,1.99,86539.08,30288.68,30288.68,4326.95,21634.77,organic,Northeast
2017-04-30,1.2,2356070.54,824624.69,824624.69,117803.53,589017.63,conventional,Southeast
2017-04-30,1.68,102820.0,35987.0,35987.0,5141.0,25705.0,organic,Southeast
2017-04-30,1.19,1775011.13,621253.9,621253.9,88750.56,443752.78,conventional,Great_Lakes
2017-04-30,1.75,94712.21,33149.27,33149.27,4735.61,23678.05,organic,Great_Lakes
2017-04-30,1.13,2290443.02,801655.06,801655.06,114522.15,572610.76,conventional,MidSouth
2017-04-30,1.55,90090.7,31531.74,31531.74,4504.53,22522.67,organic,MidSouth
2017-04-30,1.35,2544622.16,890617.76,890617.76,127231.11,636155.54,conventional,SouthCentral
2017-04-30,1.57,158858.38,55600.43,55600.43,7942.92,39714.6,organic,SouthCentral
2017-05-07,1.23,2521002.39,882350.84,882350.84,126050.12,630250.6,conventional,California
2017-05-07,1.46,139225.36,48728.88,48728.88,6961.27,34806.34,organic,California
2017-05-07,1.09,3072265.85,1075293.05,1075293.05,153613.29,768066.46,conventional,West
2017-05-07,1.71,127891.47,44762.01,44762.01,6394.57,31972.87,organic,West
2017-05-07,0.97,3394111.15,1187938.9,1187938.9,169705.56,848527.79,conventional,Northeast
2017-05-07,1.69,126116.39,44140.74,44140.74,6305.82,31529.1,organic,Northeast
2017-05-07,1.19,2350531.6,822686.06,822686.06,117526.58,587632.9,conventional,Southeast
2017-05-07,1.72,109048.21,38166.87,38166.87,5452.41,27262.05,organic,Southeast
2017-05-07,1.2,2033459.65,711710.88,711710.88,101672.98,508364.91,conventional,Great_Lakes
2017-05-07,1.99,80307.72,28107.7,28107.7,4015.39,20076.93,organic,Great_Lakes
2017-05-07,1.21,1533884.4,536859.54,536859.54,76694.22,383471.1,conventional,MidSouth
2017-05-07,1.46,100730.65,35255.73,35255.73,5036.53,25182.66,organic,MidSouth
2017-05-07,1.16,2961017.97,1036356.29,1036356.29,148050.9,740254.49,conventional,SouthCentral
2017-05-07,1.67,163319.31,57161.76,57161.76,8165.97,40829.83,organic,SouthCentral
2017-05-14,1.22,2296898.75,803914.56,803914.56,114844.94,574224.69,conventional,California
2017-05-14,1.63,114043.89,39915.36,39915.36,5702.19,28510.97,organic,California
2017-05-14,1.11,2916977.04,1020941.97,1020941.97,145848.85,729244.26,conventional,West
2017-05-14,1.58,122414.35,42845.02,42845.02,6120.72,30603.59,organic,West
2017-05-14,1.14,2450622.65,857717.93,857717.93,122531.13,612655.66,conventional,Northeast
2017-05-14,1.21,221985.31,77694.86,77694.86,11099.27,55496.33,organic,Northeast
2017-05-14,1.26,1955668.94,684484.13,684484.13,97783.45,488917.23,conventional,Southeast
2017-05-14,1.65,89994.24,31497.98,31497.98,4499.71,22498.56,organic,Southeast
2017-05-14,1.32,2123228.74,743130.06,743130.06,106161.44,530807.18,conventional,Great_Lakes
2017-05-14,1.67,105613.86,36964.85,36964.85,5280.69,26403.46,organic,Great_Lakes
2017-05-14,1.17,1591883.99,557159.4,557159.4,79594.2,397971.0,conventional,MidSouth
2017-05-14,1.59,87074.17,30475.96,30475.96,4353.71,21768.54,organic,MidSouth
2017-05-14,1.1,3265128.94,1142795.13,1142795.13,163256.45,816282.23,conventional,SouthCentral
2017-05-14,1.64,142647.3,49926.55,49926.55,7132.36,35661.82,organic,SouthCentral
2017-05-21,1.16,2473699.28,865794.75,865794.75,123684.96,618424.82,conventional,California
2017-05-21,1.54,118444.61,41455.61,41455.61,5922.23,29611.15,organic,California
2017-05-21,1.25,2204081.11,771428.39,771428.39,110204.06,551020.28,conventional,West
2017-05-21,1.82,128428.98,44950.14,44950.14,6421.45,32107.25,organic,West
2017-05-21,1.12,2121814.56,742635.1,742635.1,106090.73,530453.64,conventional,Northeast
2017-05-21,1.6,118686.12,41540.14,41540.14,5934.31,29671.53,organic,Northeast
2017-05-21,1.05,2429458.87,850310.61,850310.61,121472.94,607364.72,conventional,Southeast
2017-05-21,1.88,89174.82,31211.19,31211.19,4458.74,22293.7,organic,Southeast
2017-05-21,1.06,2117096.14,740983.65,740983.65,105854.81,529274.03,conventional,Great_Lakes
2017-05-21,1.6,99741.02,34909.36,34909.36,4987.05,24935.25,organic,Great_Lakes
2017-05-21,1.2,1640722.25,574252.79,574252.79,82036.11,410180.56,conventional,MidSouth
2017-05-21,1.73,91989.1,32196.19,32196.19,4599.46,22997.28,organic,MidSouth
2017-05-21,1.23,2888954.07,1011133.92,1011133.92,144447.7,722238.52,conventional,SouthCentral
2017-05-21,1.62,140536.23,49187.68,49187.68,7026.81,35134.06,organic,SouthCentral
2017-05-28,1.27,2279334.75,797767.16,797767.16,113966.74,569833.69,conventional,California
2017-05-28,1.66,121603.09,42561.08,42561.08,6080.15,30400.77,organic,California
2017-05-28,1.1,2736662.93,957832.02,957832.02,136833.15,684165.73,conventional,West
2017-05-28,1.7,123572.37,43250.33,43250.33,6178.62,30893.09,organic,West
2017-05-28,1.2,2296359.54,803725.84,803725.84,114817.98,574089.88,conventional,Northeast
2017-05-28,1.83,88877.37,31107.08,31107.08,4443.87,22219.34,organic,Northeast
2017-05-28,1.32,1649745.68,577410.99,577410.99,82487.28,412436.42,conventional,Southeast
2017-05-28,1.72,100370.97,35129.84,35129.84,5018.55,25092.74,organic,Southeast
2017-05-28,1.07,2451373.98,857980.89,857980.89,122568.7,612843.5,conventional,Great_Lakes
2017-05-28,1.84,66149.35,23152.27,23152.27,3307.47,16537.34,organic,Great_Lakes
2017-05-28,1.2,1401885.82,490660.04,490660.04,70094.29,350471.46,conventional,MidSouth
2017-05-28,1.51,109625.72,38369.0,38369.0,5481.29,27406.43,organic,MidSouth
2017-05-28,1.09,3069036.41,1074162.74,1074162.74,153451.82,767259.1,conventional,SouthCentral
2017-05-28,1.62,179464.12,62812.44,62812.44,8973.21,44866.03,organic,SouthCentral
2017-06-04,0.97,2876778.1,1006872.33,1006872.33,143838.9,719194.52,conventional,California
2017-06-04,1.87,112595.8,39408.53,39408.53,5629.79,28148.95,organic,California
2017-06-04,1.14,2461122.52,861392.88,861392.88,123056.13,615280.63,conventional,West
2017-06-04,1.96,109055.76,38169.52,38169.52,5452.79,27263.94,organic,West
2017-06-04,1.22,2050784.88,717774.71,717774.71,102539.24,512696.22,conventional,Northeast
2017-06-04,1.64,104705.11,36646.79,36646.79,5235.26,26176.28,organic,Northeast
2017-06-04,1.18,2275532.1,796436.24,796436.24,113776.61,568883.03,conventional,Southeast
2017-06-04,1.78,75493.67,26422.79,26422.79,3774.68,18873.42,organic,Southeast
2017-06-04,1.29,1794086.7,627930.34,627930.34,89704.33,448521.67,conventional,Great_Lakes
2017-06-04,1.75,95784.93,33524.72,33524.72,4789.25,23946.23,organic,Great_Lakes
2017-06-04,1.04,1901509.18,665528.21,665528.21,95075.46,475377.29,conventional,MidSouth
2017-06-04,1.57,69512.4,24329.34,24329.34,3475.62,17378.1,organic,MidSouth
2017-06-04,1.18,3462033.46,1211711.71,1211711.71,173101.67,865508.36,conventional,SouthCentral
2017-06-04,1.37,173293.2,60652.62,60652.62,8664.66,43323.3,organic,SouthCentral
2017-06-11,1.21,2377386.5,832085.28,832085.28,118869.33,594346.63,conventional,California
2017-06-11,1.63,100993.97,35347.89,35347.89,5049.7,25248.49,organic,California
2017-06-11,1.17,2466640.36,863324.13,863324.13,123332.02,616660.09,conventional,West
2017-06-11,1.32,189895.16,66463.31,66463.31,9494.76,47473.79,organic,West
2017-06-11,1.25,2136120.25,747642.09,747642.09,106806.01,534030.06,conventional,Northeast
2017-06-11,1.68,114091.22,39931.93,39931.93,5704.56,28522.8,organic,Northeast
2017-06-11,1.17,2202867.15,771003.5,771003.5,110143.36,550716.79,conventional,Southeast
2017-06-11,1.61,112109.62,39238.37,39238.37,5605.48,28027.41,organic,Southeast
2017-06-11,1.18,1977631.48,692171.02,692171.02,98881.57,494407.87,conventional,Great_Lakes
2017-06-11,1.46,112062.81,39221.98,39221.98,5603.14,28015.7,organic,Great_Lakes
2017-06-11,1.07,1752862.01,613501.7,613501.7,87643.1,438215.5,conventional,MidSouth
2017-06-11,1.53,76165.72,26658.0,26658.0,3808.29,19041.43,organic,MidSouth
2017-06-11,1.36,2644916.53,925720.78,925720.78,132245.83,661229.13,conventional,SouthCentral
2017-06-11,1.94,91833.09,32141.58,32141.58,4591.65,22958.27,organic,SouthCentral
2017-06-18,1.16,2254003.96,788901.39,788901.39,112700.2,563500.99,conventional,California
2017-06-18,1.55,113939.04,39878.66,39878.66,5696.95,28484.76,organic,California
2017-06-18,1.27,2290548.49,801691.97,801691.97,114527.42,572637.12,conventional,West
2017-06-18,1.81,111651.94,39078.18,39078.18,5582.6,27912.99,organic,West
2017-06-18,1.38,1662512.4,581879.34,581879.34,83125.62,415628.1,conventional,Northeast
2017-06-18,1.84,100740.82,35259.29,35259.29,5037.04,25185.2,organic,Northeast
2017-06-18,1.05,2541383.25,889484.14,889484.14,127069.16,635345.81,conventional,Southeast
2017-06-18,1.7,88168.99,30859.15,30859.15,4408.45,22042.25,organic,Southeast
2017-06-18,1.07,2087915.09,730770.28,730770.28,104395.75,521978.77,conventional,Great_Lakes
2017-06-18,1.96,70111.23,24538.93,24538.93,3505.56,17527.81,organic,Great_Lakes
2017-06-18,1.23,1451975.29,508191.35,508191.35,72598.76,362993.82,conventional,MidSouth
2017-06-18,1.53,93926.34,32874.22,32874.22,4696.32,23481.58,organic,MidSouth
2017-06-18,1.02,3323049.59,1163067.36,1163067.36,166152.48,830762.4,conventional,SouthCentral
2017-06-18,1.66,132970.99,46539.85,46539.85,6648.55,33242.75,organic,SouthCentral
2017-06-25,1.13,2651684.97,928089.74,928089.74,132584.25,662921.24,conventional,California
2017-06-25,1.75,111198.36,38919.42,38919.42,5559.92,27799.59,organic,California
2017-06-25,1.05,2938037.42,1028313.1,1028313.1,146901.87,734509.36,conventional,West
2017-06-25,1.83,113161.08,39606.38,39606.38,5658.05,28290.27,organic,West
2017-06-25,1.01,2834726.39,992154.24,992154.24,141736.32,708681.6,conventional,Northeast
2017-06-25,1.35,142959.01,50035.65,50035.65,7147.95,35739.75,organic,Northeast
2017-06-25,1.34,1607741.85,562709.65,562709.65,80387.09,401935.46,conventional,Southeast
2017-06-25,1.52,114648.94,40127.13,40127.13,5732.45,28662.23,organic,Southeast
2017-06-25,1.0,2293800.4,802830.14,802830.14,114690.02,573450.1,conventional,Great_Lakes
2017-06-25,1.74,78547.17,27491.51,27491.51,3927.36,19636.79,organic,Great_Lakes
2017-06-25,1.13,1829230.39,640230.63,640230.63,91461.52,457307.6,conventional,MidSouth
2017-06-25,1.71,73279.67,25647.89,25647.89,3663.98,18319.92,organic,MidSouth
2017-06-25,1.12,3142695.81,1099943.53,1099943.53,157134.79,785673.95,conventional,SouthCentral
2017-06-25,1.63,140664.2,49232.47,49232.47,7033.21,35166.05,organic,SouthCentral
2017-07-02,1.1,2426764.58,849367.6,849367.6,121338.23,606691.14,conventional,California
2017-07-02,1.5,120238.03,42083.31,42083.31,6011.9,30059.51,organic,California
2017-07-02,1.07,2491233.7,871931.8,871931.8,124561.69,622808.43,conventional,West
2017-07-02,1.69,110218.34,38576.42,38576.42,5510.92,27554.58,organic,West
2017-07-02,1.23,1935066.72,677273.35,677273.35,96753.34,483766.68,conventional,Northeast
2017-07-02,1.71,97803.95,34231.38,34231.38,4890.2,24450.99,organic,Northeast
2017-07-02,1.19,1733497.35,606724.07,606724.07,86674.87,433374.34,conventional,Southeast
2017-07-02,1.67,88710.32,31048.61,31048.61,4435.52,22177.58,organic,Southeast
2017-07-02,1.15,1576341.3,551719.46,551719.46,78817.07,394085.33,conventional,Great_Lakes
2017-07-02,1.67,102298.72,35804.55,35804.55,5114.94,25574.68,organic,Great_Lakes
2017-07-02,1.11,1525004.64,533751.62,533751.62,76250.23,381251.16,conventional,MidSouth
2017-07-02,1.71,68526.53,23984.28,23984.28,3426.33,17131.63,organic,MidSouth
2017-07-02,1.27,2173016.07,760555.62,760555.62,108650.8,543254.02,conventional,SouthCentral
2017-07-02,1.76,117701.21,41195.42,41195.42,5885.06,29425.3,organic,SouthCentral
2017-07-09,1.14,2431699.27,851094.74,851094.74,121584.96,607924.82,conventional,California
2017-07-09,1.8,99938.13,34978.34,34978.34,4996.91,24984.53,organic,California
2017-07-09,1.04,3025139.92,1058798.97,1058798.97,151257.0,756284.98,conventional,West
2017-07-09,1.64,113543.68,39740.29,39740.29,5677.18,28385.92,organic,West
2017-07-09,1.16,2131881.72,746158.6,746158.6,106594.09,532970.43,conventional,Northeast
2017-07-09,1.83,83084.54,29079.59,29079.59,4154.23,20771.14,organic,Northeast
2017-07-09,1.04,2138644.92,748525.72,748525.72,106932.25,534661.23,conventional,Southeast
2017-07-09,1.68,96345.7,33720.99,33720.99,4817.28,24086.42,organic,Southeast
2017-07-09,1.21,1633735.75,571807.51,571807.51,81686.79,408433.94,conventional,Great_Lakes
2017-07-09,2.02,63389.82,22186.44,22186.44,3169.49,15847.45,organic,Great_Lakes
2017-07-09,1.28,1345652.4,470978.34,470978.34,67282.62,336413.1,conventional,MidSouth
2017-07-09,1.73,70737.34,24758.07,24758.07,3536.87,17684.34,organic,MidSouth
2017-07-09,1.27,2608643.17,913025.11,913025.11,130432.16,652160.79,conventional,SouthCentral
2017-07-09,1.78,105604.44,36961.56,36961.56,5280.22,26401.11,organic,SouthCentral
2017-07-16,1.09,2550530.27,892685.59,892685.59,127526.51,637632.57,conventional,California
2017-07-16,1.79,90659.22,31730.73,31730.73,4532.96,22664.81,organic,California
2017-07-16,1.26,2499195.56,874718.45,874718.45,124959.78,624798.89,conventional,West
2017-07-16,1.51,117076.38,40976.73,40976.73,5853.82,29269.09,organic,West
2017-07-16,1.14,2263509.55,792228.34,792228.34,113175.48,565877.39,conventional,Northeast
2017-07-16,1.57,120426.01,42149.1,42149.1,6021.3,30106.5,organic,Northeast
2017-07-16,1.19,1861751.74,651613.11,651613.11,93087.59,465437.94,conventional,Southeast
2017-07-16,1.43,94389.61,33036.36,33036.36,4719.48,23597.4,organic,Southeast
2017-07-16,1.18,1525038.8,533763.58,533763.58,76251.94,381259.7,conventional,Great_Lakes
2017-07-16,1.8,72273.65,25295.78,25295.78,3613.68,18068.41,organic,Great_Lakes
2017-07-16,1.47,1369686.57,479390.3,479390.3,68484.33,342421.64,conventional,MidSouth
2017-07-16,1.62,70835.84,24792.54,24792.54,3541.79,17708.96,organic,MidSouth
2017-07-16,1.25,2808267.44,982893.6,982893.6,140413.37,702066.86,conventional,SouthCentral
2017-07-16,1.4,130175.92,45561.57,45561.57,6508.8,32543.98,organic,SouthCentral
2017-07-23,1.09,2617126.91,915994.42,915994.42,130856.35,654281.73,conventional,California
2017-07-23,1.72,109095.3,38183.35,38183.35,5454.76,27273.82,organic,California
2017-07-23,1.03,2370053.55,829518.74,829518.74,118502.68,592513.39,conventional,West
2017-07-23,1.78,91887.99,32160.8,32160.8,4594.4,22972.0,organic,West
2017-07-23,0.95,2800546.5,980191.28,980191.28,140027.33,700136.63,conventional,Northeast
2017-07-23,1.77,86997.31,30449.06,30449.06,4349.87,21749.33,organic,Northeast
2017-07-23,1.1,2017101.71,705985.6,705985.6,100855.09,504275.43,conventional,Southeast
2017-07-23,1.59,80301.88,28105.66,28105.66,4015.09,20075.47,organic,Southeast
2017-07-23,1.08,2105827.7,737039.69,737039.69,105291.38,526456.92,conventional,Great_Lakes
2017-07-23,1.7,81609.1,28563.18,28563.18,4080.45,20402.27,organic,Great_Lakes
2017-07-23,1.05,1714463.58,600062.25,600062.25,85723.18,428615.9,conventional,MidSouth
2017-07-23,1.32,98959.24,34635.73,34635.73,4947.96,24739.81,organic,MidSouth
2017-07-23,1.29,2087098.69,730484.54,730484.54,104354.93,521774.67,conventional,SouthCentral
2017-07-23,1.56,137096.04,47983.61,47983.61,6854.8,34274.01,organic,SouthCentral
2017-07-30,1.28,1975519.49,691431.82,691431.82,98775.97,493879.87,conventional,California
2017-07-30,1.55,94833.34,33191.67,33191.67,4741.67,23708.33,organic,California
2017-07-30,1.16,2894058.7,1012920.55,1012920.55,144702.94,723514.68,conventional,West
2017-07-30,1.69,107390.58,37586.7,37586.7,5369.53,26847.64,organic,West
2017-07-30,1.18,2099166.64,734708.32,734708.32,104958.33,524791.66,conventional,Northeast
2017-07-30,1.53,119107.45,41687.61,41687.61,5955.37,29776.86,organic,Northeast
2017-07-30,1.17,1897873.96,664255.89,664255.89,94893.7,474468.49,conventional,Southeast
2017-07-30,1.5,114299.07,40004.67,40004.67,5714.95,28574.77,organic,Southeast
2017-07-30,1.22,1662515.34,581880.37,581880.37,83125.77,415628.83,conventional,Great_Lakes
2017-07-30,1.8,69956.15,24484.65,24484.65,3497.81,17489.04,organic,Great_Lakes
2017-07-30,1.07,1596375.02,558731.26,558731.26,79818.75,399093.76,conventional,MidSouth
2017-07-30,1.38,95252.53,33338.39,33338.39,4762.63,23813.13,organic,MidSouth
2017-07-30,0.97,3060627.32,1071219.56,1071219.56,153031.37,765156.83,conventional,SouthCentral
2017-07-30,1.34,165788.92,58026.12,58026.12,8289.45,41447.23,organic,SouthCentral
2017-08-06,1.13,2170743.12,759760.09,759760.09,108537.16,542685.78,conventional,California
2017-08-06,1.49,101744.69,35610.64,35610.64,5087.23,25436.17,organic,California
2017-08-06,1.2,2129250.82,745237.79,745237.79,106462.54,532312.71,conventional,West
2017-08-06,1.7,92185.89,32265.06,32265.06,4609.29,23046.47,organic,West
2017-08-06,1.17,2226654.68,779329.14,779329.14,111332.73,556663.67,conventional,Northeast
2017-08-06,1.74,81631.52,28571.03,28571.03,4081.58,20407.88,organic,Northeast
2017-08-06,1.18,1742873.54,610005.74,610005.74,87143.68,435718.38,conventional,Southeast
2017-08-06,1.65,79389.62,27786.37,27786.37,3969.48,19847.41,organic,Southeast
2017-08-06,1.13,1815886.26,635560.19,635560.19,90794.31,453971.57,conventional,Great_Lakes
2017-08-06,1.5,82069.17,28724.21,28724.21,4103.46,20517.29,organic,Great_Lakes
2017-08-06,1.01,1510013.92,528504.87,528504.87,75500.7,377503.48,conventional,MidSouth
2017-08-06,1.47,79576.8,27851.88,27851.88,3978.84,19894.2,organic,MidSouth
2017-08-06,1.06,2947667.68,1031683.69,1031683.69,147383.38,736916.92,conventional,SouthCentral
2017-08-06,1.66,93962.76,32886.96,32886.96,4698.14,23490.69,organic,SouthCentral
2017-08-13,1.22,2182307.46,763807.61,763807.61,109115.37,545576.87,conventional,California
2017-08-13,1.5,118437.88,41453.26,41453.26,5921.89,29609.47,organic,California
2017-08-13,1.06,2595702.95,908496.03,908496.03,129785.15,648925.74,conventional,West
2017-08-13,1.46,105501.64,36925.57,36925.57,5275.08,26375.41,organic,West
2017-08-13,1.11,2113163.4,739607.19,739607.19,105658.17,528290.85,conventional,Northeast
2017-08-13,1.59,86328.7,30215.05,30215.05,4316.44,21582.18,organic,Northeast
2017-08-13,1.11,1950764.63,682767.62,682767.62,97538.23,487691.16,conventional,Southeast
2017-08-13,1.64,84132.03,29446.21,29446.21,4206.6,21033.01,organic,Southeast
2017-08-13,1.08,2075909.24,726568.23,726568.23,103795.46,518977.31,conventional,Great_Lakes
2017-08-13,1.47,98058.45,34320.46,34320.46,4902.92,24514.61,organic,Great_Lakes
2017-08-13,1.27,1343772.34,470320.32,470320.32,67188.62,335943.08,conventional,MidSouth
2017-08-13,1.62,64065.37,22422.88,22422.88,3203.27,16016.34,organic,MidSouth
2017-08-13,1.25,2048771.73,717070.11,717070.11,102438.59,512192.93,conventional,SouthCentral
2017-08-13,1.5,126875.97,44406.59,44406.59,6343.8,31718.99,organic,SouthCentral
2017-08-20,1.27,1988479.88,695967.96,695967.96,99423.99,497119.97,conventional,California
2017-08-20,1.5,109669.74,38384.41,38384.41,5483.49,27417.43,organic,California
2017-08-20,1.09,2365850.8,828047.78,828047.78,118292.54,591462.7,conventional,West
2017-08-20,1.8,80625.32,28218.86,28218.86,4031.27,20156.33,organic,West
2017-08-20,1.31,1855872.2,649555.27,649555.27,92793.61,463968.05,conventional,Northeast
2017-08-20,1.81,76188.13,26665.85,26665.85,3809.41,19047.03,organic,Northeast
2017-08-20,1.14,1655643.46,579475.21,579475.21,82782.17,413910.87,conventional,Southeast
2017-08-20,1.57,92821.27,32487.44,32487.44,4641.06,23205.32,organic,Southeast
2017-08-20,1.28,1404321.28,491512.45,491512.45,70216.06,351080.32,conventional,Great_Lakes
2017-08-20,1.6,81674.32,28586.01,28586.01,4083.72,20418.58,organic,Great_Lakes
2017-08-20,1.01,1801004.68,630351.64,630351.64,90050.23,450251.17,conventional,MidSouth
2017-08-20,1.54,71339.15,24968.7,24968.7,3566.96,17834.79,organic,MidSouth
2017-08-20,1.1,2524084.05,883429.42,883429.42,126204.2,631021.01,conventional,SouthCentral
2017-08-20,1.65,112603.77,39411.32,39411.32,5630.19,28150.94,organic,SouthCentral
2017-08-27,1.11,2154521.55,754082.54,754082.54,107726.08,538630.39,conventional,California
2017-08-27,1.7,111356.36,38974.73,38974.73,5567.82,27839.09,organic,California
2017-08-27,1.16,2493962.8,872886.98,872886.98,124698.14,623490.7,conventional,West
2017-08-27,1.44,130753.04,45763.56,45763.56,6537.65,32688.26,organic,West
2017-08-27,1.04,2060547.56,721191.65,721191.65,103027.38,515136.89,conventional,Northeast
2017-08-27,1.54,114995.53,40248.44,40248.44,5749.78,28748.88,organic,Northeast
2017-08-27,1.25,1686505.43,590276.9,590276.9,84325.27,421626.36,conventional,Southeast
2017-08-27,1.42,100831.64,35291.07,35291.07,5041.58,25207.91,organic,Southeast
2017-08-27,1.18,1721656.66,602579.83,602579.83,86082.83,430414.17,conventional,Great_Lakes
2017-08-27,1.37,94949.4,33232.29,33232.29,4747.47,23737.35,organic,Great_Lakes
2017-08-27,1.14,1535998.97,537599.64,537599.64,76799.95,383999.74,conventional,MidSouth
2017-08-27,1.32,90260.72,31591.25,31591.25,4513.04,22565.18,organic,MidSouth
2017-08-27,1.16,2695072.54,943275.39,943275.39,134753.63,673768.14,conventional,SouthCentral
2017-08-27,1.75,111175.26,38911.34,38911.34,5558.76,27793.82,organic,SouthCentral
2017-09-03,1.07,2011484.34,704019.52,704019.52,100574.22,502871.09,conventional,California
2017-09-03,1.59,112359.03,39325.66,39325.66,5617.95,28089.76,organic,California
2017-09-03,1.29,2095531.98,733436.19,733436.19,104776.6,523882.99,conventional,West
2017-09-03,1.71,100688.01,35240.8,35240.8,5034.4,25172.0,organic,West
2017-09-03,1.09,2104233.76,736481.82,736481.82,105211.69,526058.44,conventional,Northeast
2017-09-03,1.9,66142.13,23149.75,23149.75,3307.11,16535.53,organic,Northeast
2017-09-03,1.31,1475602.28,516460.8,516460.8,73780.11,368900.57,conventional,Southeast
2017-09-03,1.85,58750.5,20562.68,20562.68,2937.53,14687.63,organic,Southeast
2017-09-03,1.21,1517690.5,531191.68,531191.68,75884.53,379422.63,conventional,Great_Lakes
2017-09-03,1.44,96761.83,33866.64,33866.64,4838.09,24190.46,organic,Great_Lakes
2017-09-03,1.25,1201002.56,420350.9,420350.9,60050.13,300250.64,conventional,MidSouth
2017-09-03,1.43,79206.42,27722.25,27722.25,3960.32,19801.6,organic,MidSouth
2017-09-03,1.14,2635169.05,922309.17,922309.17,131758.45,658792.26,conventional,SouthCentral
2017-09-03,1.79,98589.34,34506.27,34506.27,4929.47,24647.33,organic,SouthCentral
2017-09-10,1.34,1808237.91,632883.27,632883.27,90411.9,452059.48,conventional,California
2017-09-10,1.6,85952.96,30083.54,30083.54,4297.65,21488.24,organic,California
2017-09-10,1.12,2288506.76,800977.37,800977.37,114425.34,572126.69,conventional,West
2017-09-10,1.79,94840.54,33194.19,33194.19,4742.03,23710.14,organic,West
2017-09-10,1.03,2319684.29,811889.5,811889.5,115984.21,579921.07,conventional,Northeast
2017-09-10,1.75,95763.47,33517.21,33517.21,4788.17,23940.87,organic,Northeast
2017-09-10,1.24,1728079.41,604827.79,604827.79,86403.97,432019.85,conventional,Southeast
2017-09-10,1.66,82706.27,28947.2,28947.2,4135.31,20676.57,organic,Southeast
2017-09-10,1.27,1353499.46,473724.81,473724.81,67674.97,338374.87,conventional,Great_Lakes
2017-09-10,1.6,74812.18,26184.26,26184.26,3740.61,18703.05,organic,Great_Lakes
2017-09-10,1.19,1512548.7,529392.05,529392.05,75627.44,378137.18,conventional,MidSouth
2017-09-10,1.56,54935.48,19227.42,19227.42,2746.77,13733.87,organic,MidSouth
2017-09-10,1.11,2812992.57,984547.4,984547.4,140649.63,703248.14,conventional,SouthCentral
2017-09-10,1.73,109109.12,38188.19,38188.19,5455.46,27277.28,organic,SouthCentral
2017-09-17,1.12,1993474.6,697716.11,697716.11,99673.73,498368.65,conventional,California
2017-09-17,1.73,82670.07,28934.53,28934.53,4133.5,20667.52,organic,California
2017-09-17,1.37,1923623.99,673268.4,673268.4,96181.2,480906.0,conventional,West
2017-09-17,1.56,104763.22,36667.13,36667.13,5238.16,26190.8,organic,West
2017-09-17,1.14,1980563.86,693197.35,693197.35,99028.19,495140.97,conventional,Northeast
2017-09-17,1.82,79166.65,27708.33,27708.33,3958.33,19791.66,organic,Northeast
2017-09-17,1.08,2253472.16,788715.26,788715.26,112673.61,563368.04,conventional,Southeast
2017-09-17,1.66,86039.86,30113.95,30113.95,4301.99,21509.96,organic,Southeast
2017-09-17,1.09,1887438.65,660603.53,660603.53,94371.93,471859.66,conventional,Great_Lakes
2017-09-17,1.7,61130.65,21395.73,21395.73,3056.53,15282.66,organic,Great_Lakes
2017-09-17,1.35,1293479.02,452717.66,452717.66,64673.95,323369.76,conventional,MidSouth
2017-09-17,1.59,60729.53,21255.34,21255.34,3036.48,15182.38,organic,MidSouth
2017-09-17,1.18,2423611.12,848263.89,848263.89,121180.56,605902.78,conventional,SouthCentral
2017-09-17,1.7,109129.23,38195.23,38195.23,5456.46,27282.31,organic,SouthCentral
2017-09-24,1.2,2278063.94,797322.38,797322.38,113903.2,569515.99,conventional,California
2017-09-24,1.74,80355.22,28124.33,28124.33,4017.76,20088.8,organic,California
2017-09-24,1.29,2264176.64,792461.82,792461.82,113208.83,566044.16,conventional,West
2017-09-24,2.12,62878.18,22007.36,22007.36,3143.91,15719.54,organic,West
2017-09-24,1.17,1648234.75,576882.16,576882.16,82411.74,412058.69,conventional,Northeast
2017-09-24,1.73,79008.07,27652.82,27652.82,3950.4,19752.02,organic,Northeast
2017-09-24,1.34,1382343.7,483820.29,483820.29,69117.18,345585.92,conventional,Southeast
2017-09-24,1.4,98257.03,34389.96,34389.96,4912.85,24564.26,organic,Southeast
2017-09-24,0.95,2302356.68,805824.84,805824.84,115117.83,575589.17,conventional,Great_Lakes
2017-09-24,1.34,105483.22,36919.13,36919.13,5274.16,26370.81,organic,Great_Lakes
2017-09-24,0.94,1784969.99,624739.5,624739.5,89248.5,446242.5,conventional,MidSouth
2017-09-24,1.9,53984.62,18894.62,18894.62,2699.23,13496.16,organic,MidSouth
2017-09-24,1.06,2747287.39,961550.59,961550.59,137364.37,686821.85,conventional,SouthCentral
2017-09-24,1.65,117438.63,41103.52,41103.52,5871.93,29359.66,organic,SouthCentral
2017-10-01,1.01,2692131.54,942246.04,942246.04,134606.58,673032.88,conventional,California
2017-10-01,1.24,141258.22,49440.38,49440.38,7062.91,35314.55,organic,California
2017-10-01,1.1,2596581.86,908803.65,908803.65,129829.09,649145.47,conventional,West
2017-10-01,1.65,91033.16,31861.61,31861.61,4551.66,22758.29,organic,West
2017-10-01,1.05,2324696.16,813643.65,813643.65,116234.81,581174.04,conventional,Northeast
2017-10-01,1.64,87727.91,30704.77,30704.77,4386.4,21931.98,organic,Northeast
2017-10-01,1.1,2037082.94,712979.03,712979.03,101854.15,509270.73,conventional,Southeast
2017-10-01,1.57,87488.16,30620.86,30620.86,4374.41,21872.04,organic,Southeast
2017-10-01,1.37,1260684.99,441239.75,441239.75,63034.25,315171.25,conventional,Great_Lakes
2017-10-01,1.37,112398.89,39339.61,39339.61,5619.94,28099.72,organic,Great_Lakes
2017-10-01,1.08,1537051.45,537968.01,537968.01,76852.57,384262.86,conventional,MidSouth
2017-10-01,1.53,71476.74,25016.86,25016.86,3573.84,17869.19,organic,MidSouth
2017-10-01,1.31,2317264.31,811042.51,811042.51,115863.22,579316.08,conventional,SouthCentral
2017-10-01,1.78,89090.89,31181.81,31181.81,4454.54,22272.72,organic,SouthCentral
2017-10-08,1.03,1992663.23,697432.13,697432.13,99633.16,498165.81,conventional,California
2017-10-08,1.53,121587.76,42555.72,42555.72,6079.39,30396.94,organic,California
2017-10-08,1.2,2174094.54,760933.09,760933.09,108704.73,543523.64,conventional,West
2017-10-08,1.65,98397.8,34439.23,34439.23,4919.89,24599.45,organic,West
2017-10-08,1.17,2127558.67,744645.53,744645.53,106377.93,531889.67,conventional,Northeast
2017-10-08,1.41,120254.7,42089.15,42089.15,6012.74,30063.68,organic,Northeast
2017-10-08,1.24,1602839.27,560993.74,560993.74,80141.96,400709.82,conventional,Southeast
2017-10-08,1.76,99170.26,34709.59,34709.59,4958.51,24792.57,organic,Southeast
2017-10-08,1.14,1830286.91,640600.42,640600.42,91514.35,457571.73,conventional,Great_Lakes
2017-10-08,1.54,89075.62,31176.47,31176.47,4453.78,22268.9,organic,Great_Lakes
2017-10-08,1.2,1413157.2,494605.02,494605.02,70657.86,353289.3,conventional,MidSouth
2017-10-08,1.5,77588.41,27155.94,27155.94,3879.42,19397.1,organic,MidSouth
2017-10-08,1.3,2282308.18,798807.86,798807.86,114115.41,570577.04,conventional,SouthCentral
2017-10-08,1.79,98989.72,34646.4,34646.4,4949.49,24747.43,organic,SouthCentral
2017-10-15,1.22,2071216.94,724925.93,724925.93,103560.85,517804.24,conventional,California
2017-10-15,1.51,116488.96,40771.13,40771.13,5824.45,29122.24,organic,California
2017-10-15,1.05,2487785.78,870725.02,870725.02,124389.29,621946.45,conventional,West
2017-10-15,1.68,105529.4,36935.29,36935.29,5276.47,26382.35,organic,West
2017-10-15,1.03,2551119.31,892891.76,892891.76,127555.97,637779.83,conventional,Northeast
2017-10-15,1.74,79425.41,27798.89,27798.89,3971.27,19856.35,organic,Northeast
2017-10-15,1.0,2160314.48,756110.07,756110.07,108015.72,540078.62,conventional,Southeast
2017-10-15,1.58,88357.8,30925.23,30925.23,4417.89,22089.45,organic,Southeast
2017-10-15,1.11,1554453.47,544058.71,544058.71,77722.67,388613.37,conventional,Great_Lakes
2017-10-15,1.59,80683.4,28239.19,28239.19,4034.17,20170.85,organic,Great_Lakes
2017-10-15,1.21,1292258.8,452290.58,452290.58,64612.94,323064.7,conventional,MidSouth
2017-10-15,1.9,43844.8,15345.68,15345.68,2192.24,10961.2,organic,MidSouth
2017-10-15,1.28,2194602.07,768110.73,768110.73,109730.1,548650.52,conventional,SouthCentral
2017-10-15,1.78,103502.28,36225.8,36225.8,5175.11,25875.57,organic,SouthCentral
2017-10-22,1.26,1888275.83,660896.54,660896.54,94413.79,472068.96,conventional,California
2017-10-22,1.49,132981.05,46543.37,46543.37,6649.05,33245.26,organic,California
2017-10-22,1.14,2409496.16,843323.66,843323.66,120474.81,602374.04,conventional,West
2017-10-22,1.84,80809.11,28283.19,28283.19,4040.46,20202.28,organic,West
2017-10-22,1.21,1832107.2,641237.52,641237.52,91605.36,458026.8,conventional,Northeast
2017-10-22,1.63,94319.86,33011.95,33011.95,4715.99,23579.96,organic,Northeast
2017-10-22,1.0,2043900.5,715365.17,715365.17,102195.02,510975.12,conventional,Southeast
2017-10-22,1.85,75403.26,26391.14,26391.14,3770.16,18850.82,organic,Southeast
2017-10-22,1.14,1800189.5,630066.32,630066.32,90009.47,450047.37,conventional,Great_Lakes
2017-10-22,1.61,94020.2,32907.07,32907.07,4701.01,23505.05,organic,Great_Lakes
2017-10-22,1.13,1521672.41,532585.34,532585.34,76083.62,380418.1,conventional,MidSouth
2017-10-22,1.82,52376.69,18331.84,18331.84,2618.83,13094.17,organic,MidSouth
2017-10-22,1.31,1930114.16,675539.96,675539.96,96505.71,482528.54,conventional,SouthCentral
2017-10-22,1.89,90015.39,31505.39,31505.39,4500.77,22503.85,organic,SouthCentral
2017-10-29,1.13,1935218.39,677326.44,677326.44,96760.92,483804.6,conventional,California
2017-10-29,1.58,94602.11,33110.74,33110.74,4730.11,23650.53,organic,California
2017-10-29,1.09,2474824.5,866188.57,866188.57,123741.22,618706.12,conventional,West
2017-10-29,1.79,94669.48,33134.32,33134.32,4733.47,23667.37,organic,West
2017-10-29,1.18,1813249.19,634637.22,634637.22,90662.46,453312.3,conventional,Northeast
2017-10-29,1.52,124759.55,43665.84,43665.84,6237.98,31189.89,organic,Northeast
2017-10-29,1.08,2264865.62,792702.97,792702.97,113243.28,566216.4,conventional,Southeast
2017-10-29,1.61,84923.27,29723.14,29723.14,4246.16,21230.82,organic,Southeast
2017-10-29,1.26,1736935.57,607927.45,607927.45,86846.78,434233.89,conventional,Great_Lakes
2017-10-29,1.63,76979.88,26942.96,26942.96,3848.99,19244.97,organic,Great_Lakes
2017-10-29,1.14,1510473.2,528665.62,528665.62,75523.66,377618.3,conventional,MidSouth
2017-10-29,1.78,58464.18,20462.46,20462.46,2923.21,14616.04,organic,MidSouth
2017-10-29,1.21,2730419.46,955646.81,955646.81,136520.97,682604.86,conventional,SouthCentral
2017-10-29,1.71,112676.92,39436.92,39436.92,5633.85,28169.23,organic,SouthCentral
2017-11-05,1.0,2253666.46,788783.26,788783.26,112683.32,563416.61,conventional,California
2017-11-05,1.71,98492.97,34472.54,34472.54,4924.65,24623.24,organic,California
2017-11-05,1.1,2683749.65,939312.38,939312.38,134187.48,670937.41,conventional,West
2017-11-05,1.64,126101.93,44135.68,44135.68,6305.1,31525.48,organic,West
2017-11-05,1.16,2029676.82,710386.89,710386.89,101483.84,507419.2,conventional,Northeast
2017-11-05,1.8,84059.18,29420.71,29420.71,4202.96,21014.8,organic,Northeast
2017-11-05,1.2,1767335.78,618567.52,618567.52,88366.79,441833.94,conventional,Southeast
2017-11-05,1.55,96442.58,33754.9,33754.9,4822.13,24110.64,organic,Southeast
2017-11-05,1.15,1934400.17,677040.06,677040.06,96720.01,483600.04,conventional,Great_Lakes
2017-11-05,1.61,72372.27,25330.29,25330.29,3618.61,18093.07,organic,Great_Lakes
2017-11-05,1.11,1736614.12,607814.94,607814.94,86830.71,434153.53,conventional,MidSouth
2017-11-05,1.61,70988.69,24846.04,24846.04,3549.43,17747.17,organic,MidSouth
2017-11-05,1.25,2317009.21,810953.22,810953.22,115850.46,579252.3,conventional,SouthCentral
2017-11-05,1.42,150849.24,52797.23,52797.23,7542.46,37712.31,organic,SouthCentral
2017-11-12,1.1,2275992.44,796597.35,796597.35,113799.62,568998.11,conventional,California
2017-11-12,1.62,112704.91,39446.72,39446.72,5635.25,28176.23,organic,California
2017-11-12,1.15,2549903.1,892466.09,892466.09,127495.16,637475.78,conventional,West
2017-11-12,1.92,85873.03,30055.56,30055.56,4293.65,21468.26,organic,West
2017-11-12,1.18,2026526.9,709284.42,709284.42,101326.35,506631.73,conventional,Northeast
2017-11-12,1.52,103972.38,36390.33,36390.33,5198.62,25993.1,organic,Northeast
2017-11-12,1.1,2107575.13,737651.29,737651.29,105378.76,526893.78,conventional,Southeast
2017-11-12,2.0,60780.0,21273.0,21273.0,3039.0,15195.0,organic,Southeast
2017-11-12,1.11,1942315.77,679810.52,679810.52,97115.79,485578.94,conventional,Great_Lakes
2017-11-12,1.71,81589.59,28556.36,28556.36,4079.48,20397.4,organic,Great_Lakes
2017-11-12,1.28,1120811.85,392284.15,392284.15,56040.59,280202.96,conventional,MidSouth
2017-11-12,1.29,95907.4,33567.59,33567.59,4795.37,23976.85,organic,MidSouth
2017-11-12,1.26,2140261.03,749091.36,749091.36,107013.05,535065.26,conventional,SouthCentral
2017-11-12,1.2,208908.3,73117.91,73117.91,10445.42,52227.08,organic,SouthCentral
2017-11-19,1.17,2080324.38,728113.53,728113.53,104016.22,520081.1,conventional,California
2017-11-19,1.5,109435.78,38302.52,38302.52,5471.79,27358.94,organic,California
2017-11-19,1.16,2335963.14,817587.1,817587.1,116798.16,583990.78,conventional,West
2017-11-19,1.72,78624.8,27518.68,27518.68,3931.24,19656.2,organic,West
2017-11-19,1.06,2189470.05,766314.52,766314.52,109473.5,547367.51,conventional,Northeast
2017-11-19,1.61,95974.84,33591.19,33591.19,4798.74,23993.71,organic,Northeast
2017-11-19,1.23,1538847.38,538596.58,538596.58,76942.37,384711.85,conventional,Southeast
2017-11-19,1.66,91728.76,32105.07,32105.07,4586.44,22932.19,organic,Southeast
2017-11-19,1.34,1487622.99,520668.05,520668.05,74381.15,371905.75,conventional,Great_Lakes
2017-11-19,1.7,66979.07,23442.68,23442.68,3348.95,16744.77,organic,Great_Lakes
2017-11-19,0.91,2224543.02,778590.06,778590.06,111227.15,556135.75,conventional,MidSouth
2017-11-19,1.65,78622.59,27517.91,27517.91,3931.13,19655.65,organic,MidSouth
2017-11-19,1.01,3322336.46,1162817.76,1162817.76,166116.82,830584.12,conventional,SouthCentral
2017-11-19,1.93,100712.29,35249.3,35249.3,5035.61,25178.07,organic,SouthCentral
2017-11-26,1.18,2263529.73,792235.41,792235.41,113176.49,565882.43,conventional,California
2017-11-26,1.41,151140.63,52899.22,52899.22,7557.03,37785.16,organic,California
2017-11-26,1.09,2770621.25,969717.44,969717.44,138531.06,692655.31,conventional,West
2017-11-26,1.42,124960.56,43736.2,43736.2,6248.03,31240.14,organic,West
2017-11-26,1.29,1826087.31,639130.56,639130.56,91304.37,456521.83,conventional,Northeast
2017-11-26,1.87,80524.86,28183.7,28183.7,4026.24,20131.21,organic,Northeast
2017-11-26,0.97,2593944.01,907880.4,907880.4,129697.2,648486.0,conventional,Southeast
2017-11-26,1.56,101670.67,35584.73,35584.73,5083.53,25417.67,organic,Southeast
2017-11-26,1.15,1643154.71,575104.15,575104.15,82157.74,410788.68,conventional,Great_Lakes
2017-11-26,1.67,102079.82,35727.94,35727.94,5103.99,25519.95,organic,Great_Lakes
2017-11-26,1.2,1467283.99,513549.4,513549.4,73364.2,366821.0,conventional,MidSouth
2017-11-26,1.81,62004.73,21701.65,21701.65,3100.24,15501.18,organic,MidSouth
2017-11-26,1.17,2435613.14,852464.6,852464.6,121780.66,608903.28,conventional,SouthCentral
2017-11-26,1.69,131322.4,45962.84,45962.84,6566.12,32830.6,organic,SouthCentral
2017-12-03,1.07,3102532.23,1085886.28,1085886.28,155126.61,775633.06,conventional,California
2017-12-03,1.64,104926.16,36724.15,36724.15,5246.31,26231.54,organic,California
2017-12-03,1.25,2366742.76,828359.97,828359.97,118337.14,591685.69,conventional,West
2017-12-03,1.76,106132.42,37146.35,37146.35,5306.62,26533.1,organic,West
2017-12-03,1.14,2461870.98,861654.84,861654.84,123093.55,615467.74,conventional,Northeast
2017-12-03,1.69,83244.13,29135.45,29135.45,4162.21,20811.03,organic,Northeast
2017-12-03,1.04,2570688.04,899740.82,899740.82,128534.4,642672.01,conventional,Southeast
2017-12-03,1.63,91186.7,31915.34,31915.34,4559.33,22796.67,organic,Southeast
2017-12-03,1.01,2163084.96,757079.74,757079.74,108154.25,540771.24,conventional,Great_Lakes
2017-12-03,1.35,121613.49,42564.72,42564.72,6080.67,30403.37,organic,Great_Lakes
2017-12-03,1.09,1661829.1,581640.19,581640.19,83091.46,415457.28,conventional,MidSouth
2017-12-03,1.64,79022.01,27657.7,27657.7,3951.1,19755.5,organic,MidSouth
2017-12-03,1.36,2112943.01,739530.05,739530.05,105647.15,528235.75,conventional,SouthCentral
2017-12-03,1.82,125289.65,43851.38,43851.38,6264.48,31322.41,organic,SouthCentral
2017-12-10,1.07,2795071.82,978275.14,978275.14,139753.59,698767.95,conventional,California
2017-12-10,1.58,122950.85,43032.8,43032.8,6147.54,30737.71,organic,California
2017-12-10,1.3,2417578.22,846152.38,846152.38,120878.91,604394.56,conventional,West
2017-12-10,1.73,108113.71,37839.8,37839.8,5405.69,27028.43,organic,West
2017-12-10,1.0,2748212.31,961874.31,961874.31,137410.62,687053.08,conventional,Northeast
2017-12-10,1.83,77605.87,27162.05,27162.05,3880.29,19401.47,organic,Northeast
2017-12-10,1.04,2391641.54,837074.54,837074.54,119582.08,597910.39,conventional,Southeast
2017-12-10,1.5,100340.29,35119.1,35119.1,5017.01,25085.07,organic,Southeast
2017-12-10,1.11,1893505.08,662726.78,662726.78,94675.25,473376.27,conventional,Great_Lakes
2017-12-10,1.5,111694.09,39092.93,39092.93,5584.7,27923.52,organic,Great_Lakes
2017-12-10,1.02,1718527.14,601484.5,601484.5,85926.36,429631.79,conventional,MidSouth
2017-12-10,1.56,88737.04,31057.97,31057.97,4436.85,22184.26,organic,MidSouth
2017-12-10,1.13,2893549.59,1012742.36,1012742.36,144677.48,723387.4,conventional,SouthCentral
2017-12-10,1.66,110279.62,38597.87,38597.87,5513.98,27569.91,organic,SouthCentral
2017-12-17,1.2,2464371.39,862529.99,862529.99,123218.57,616092.85,conventional,California
2017-12-17,1.59,132548.44,46391.95,46391.95,6627.42,33137.11,organic,California
2017-12-17,1.04,3345669.54,1170984.34,1170984.34,167283.48,836417.38,conventional,West
2017-12-17,1.67,114369.97,40029.49,40029.49,5718.5,28592.49,organic,West
2017-12-17,1.15,2336135.0,817647.25,817647.25,116806.75,584033.75,conventional,Northeast
2017-12-17,1.83,81045.64,28365.97,28365.97,4052.28,20261.41,organic,Northeast
2017-12-17,1.07,2484945.46,869730.91,869730.91,124247.27,621236.36,conventional,Southeast
2017-12-17,1.56,112246.58,39286.3,39286.3,5612.33,28061.65,organic,Southeast
2017-12-17,1.32,1642696.13,574943.65,574943.65,82134.81,410674.03,conventional,Great_Lakes
2017-12-17,1.75,73759.83,25815.94,25815.94,3687.99,18439.96,organic,Great_Lakes
2017-12-17,1.23,1576082.2,551628.77,551628.77,78804.11,394020.55,conventional,MidSouth
2017-12-17,1.72,66439.84,23253.94,23253.94,3321.99,16609.96,organic,MidSouth
2017-12-17,0.98,3718507.94,1301477.78,1301477.78,185925.4,929626.99,conventional,SouthCentral
2017-12-17,1.34,174775.49,61171.42,61171.42,8738.77,43693.87,organic,SouthCentral
2017-12-24,1.24,2318523.04,811483.07,811483.07,115926.15,579630.76,conventional,California
2017-12-24,1.94,98236.53,34382.78,34382.78,4911.83,24559.13,organic,California
2017-12-24,1.08,2897389.33,1014086.27,1014086.27,144869.47,724347.33,conventional,West
2017-12-24,1.64,103779.7,36322.9,36322.9,5188.99,25944.93,organic,West
2017-12-24,1.06,2501012.21,875354.27,875354.27,125050.61,625253.05,conventional,Northeast
2017-12-24,1.34,144356.72,50524.85,50524.85,7217.84,36089.18,organic,Northeast
2017-12-24,1.13,1887262.38,660541.83,660541.83,94363.12,471815.59,conventional,Southeast
2017-12-24,1.71,96025.17,33608.81,33608.81,4801.26,24006.29,organic,Southeast
2017-12-24,1.17,1916314.15,670709.95,670709.95,95815.71,479078.54,conventional,Great_Lakes
2017-12-24,1.74,89639.56,31373.85,31373.85,4481.98,22409.89,organic,Great_Lakes
2017-12-24,1.18,1521202.47,532420.87,532420.87,76060.12,380300.62,conventional,MidSouth
2017-12-24,1.69,81966.21,28688.17,28688.17,4098.31,20491.55,organic,MidSouth
2017-12-24,1.09,3715411.65,1300394.08,1300394.08,185770.58,928852.91,conventional,SouthCentral
2017-12-24,1.57,142638.5,49923.47,49923.47,7131.92,35659.62,organic,SouthCentral
2017-12-31,1.08,2765142.49,967799.87,967799.87,138257.12,691285.62,conventional,California
2017-12-31,1.39,138867.27,48603.54,48603.54,6943.36,34716.82,organic,California
2017-12-31,1.04,3077154.71,1077004.15,1077004.15,153857.74,769288.68,conventional,West
2017-12-31,1.8,113158.82,39605.59,39605.59,5657.94,28289.7,organic,West
2017-12-31,0.91,3695021.76,1293257.62,1293257.62,184751.09,923755.44,conventional,Northeast
2017-12-31,1.69,93981.57,32893.55,32893.55,4699.08,23495.39,organic,Northeast
2017-12-31,1.17,2093254.42,732639.05,732639.05,104662.72,523313.61,conventional,Southeast
2017-12-31,1.55,105715.66,37000.48,37000.48,5285.78,26428.92,organic,Southeast
2017-12-31,1.09,2088100.63,730835.22,730835.22,104405.03,522025.16,conventional,Great_Lakes
2017-12-31,1.55,86461.18,30261.41,30261.41,4323.06,21615.29,organic,Great_Lakes
2017-12-31,1.16,1732415.34,606345.37,606345.37,86620.77,433103.84,conventional,MidSouth
2017-12-31,1.73,76507.26,26777.54,26777.54,3825.36,19126.82,organic,MidSouth
2017-12-31,1.18,2720120.35,952042.12,952042.12,136006.02,680030.09,conventional,SouthCentral
2017-12-31,1.78,103289.42,36151.3,36151.3,5164.47,25822.36,organic,SouthCentral
2018-01-07,1.06,2776080.34,971628.12,971628.12,138804.02,694020.09,conventional,California
2018-01-07,1.81,116231.59,40681.06,40681.06,5811.58,29057.9,organic,California
2018-01-07,1.2,2988127.65,1045844.68,1045844.68,149406.38,747031.91,conventional,West
2018-01-07,1.52,152347.0,53321.45,53321.45,7617.35,38086.75,organic,West
2018-01-07,1.14,2741948.3,959681.9,959681.9,137097.41,685487.07,conventional,Northeast
2018-01-07,1.63,111063.79,38872.33,38872.33,5553.19,27765.95,organic,Northeast
2018-01-07,1.2,2285417.96,799896.29,799896.29,114270.9,571354.49,conventional,Southeast
2018-01-07,1.55,110762.88,38767.01,38767.01,5538.14,27690.72,organic,Southeast
2018-01-07,1.04,2001573.19,700550.61,700550.61,100078.66,500393.3,conventional,Great_Lakes
2018-01-07,1.68,100731.07,35255.88,35255.88,5036.55,25182.77,organic,Great_Lakes
2018-01-07,1.18,1501755.38,525614.38,525614.38,75087.77,375438.84,conventional,MidSouth
2018-01-07,1.6,68246.04,23886.12,23886.12,3412.3,17061.51,organic,MidSouth
2018-01-07,1.29,2516416.54,880745.79,880745.79,125820.83,629104.14,conventional,SouthCentral
2018-01-07,1.84,132744.57,46460.6,46460.6,6637.23,33186.14,organic,SouthCentral
2018-01-14,1.06,2738865.1,958602.79,958602.79,136943.26,684716.28,conventional,California
2018-01-14,1.7,106733.13,37356.6,37356.6,5336.66,26683.28,organic,California
2018-01-14,1.16,2748492.4,961972.34,961972.34,137424.62,687123.1,conventional,West
2018-01-14,1.38,135403.23,47391.13,47391.13,6770.16,33850.81,organic,West
2018-01-14,1.17,2358234.25,825381.99,825381.99,117911.71,589558.56,conventional,Northeast
2018-01-14,1.57,131600.88,46060.31,46060.31,6580.04,32900.22,organic,Northeast
2018-01-14,1.27,1955514.59,684430.11,684430.11,97775.73,488878.65,conventional,Southeast
2018-01-14,1.6,111795.23,39128.33,39128.33,5589.76,27948.81,organic,Southeast
2018-01-14,1.01,2580247.45,903086.61,903086.61,129012.37,645061.86,conventional,Great_Lakes
2018-01-14,1.73,96858.0,33900.3,33900.3,4842.9,24214.5,organic,Great_Lakes
2018-01-14,0.96,2139092.35,748682.32,748682.32,106954.62,534773.09,conventional,MidSouth
2018-01-14,1.52,92863.93,32502.37,32502.37,4643.2,23215.98,organic,MidSouth
2018-01-14,1.2,3383551.51,1184243.03,1184243.03,169177.58,845887.88,conventional,SouthCentral
2018-01-14,1.58,144785.17,50674.81,50674.81,7239.26,36196.29,organic,SouthCentral
2018-01-21,1.26,2461698.02,861594.31,861594.31,123084.9,615424.5,conventional,California
2018-01-21,1.84,106384.9,37234.71,37234.71,5319.24,26596.22,organic,California
2018-01-21,1.03,2964413.52,1037544.73,1037544.73,148220.68,741103.38,conventional,West
2018-01-21,1.42,174269.2,60994.22,60994.22,8713.46,43567.3,organic,West
2018-01-21,1.27,2591510.18,907028.56,907028.56,129575.51,647877.55,conventional,Northeast
2018-01-21,1.78,114241.17,39984.41,39984.41,5712.06,28560.29,organic,Northeast
2018-01-21,1.09,2194790.07,768176.52,768176.52,109739.5,548697.52,conventional,Southeast
2018-01-21,1.78,94593.07,33107.58,33107.58,4729.65,23648.27,organic,Southeast
2018-01-21,1.16,2208806.17,773082.16,773082.16,110440.31,552201.54,conventional,Great_Lakes
2018-01-21,1.7,106016.96,37105.93,37105.93,5300.85,26504.24,organic,Great_Lakes
2018-01-21,1.28,1650239.05,577583.67,577583.67,82511.95,412559.76,conventional,MidSouth
2018-01-21,1.78,76448.73,26757.05,26757.05,3822.44,19112.18,organic,MidSouth
2018-01-21,1.1,3532713.66,1236449.78,1236449.78,176635.68,883178.42,conventional,SouthCentral
2018-01-21,1.44,193383.42,67684.2,67684.2,9669.17,48345.86,organic,SouthCentral
2018-01-28,1.03,3177784.31,1112224.51,1112224.51,158889.22,794446.08,conventional,California
2018-01-28,1.52,145046.14,50766.15,50766.15,7252.31,36261.54,organic,California
2018-01-28,1.15,2552010.66,893203.73,893203.73,127600.53,638002.66,conventional,West
2018-01-28,1.71,115844.04,40545.41,40545.41,5792.2,28961.01,organic,West
2018-01-28,1.24,2304949.78,806732.42,806732.42,115247.49,576237.44,conventional,Northeast
2018-01-28,1.71,97912.32,34269.31,34269.31,4895.62,24478.08,organic,Northeast
2018-01-28,1.09,2323269.39,813144.29,813144.29,116163.47,580817.35,conventional,Southeast
2018-01-28,1.78,107202.09,37520.73,37520.73,5360.1,26800.52,organic,Southeast
2018-01-28,1.07,2585627.6,904969.66,904969.66,129281.38,646406.9,conventional,Great_Lakes
2018-01-28,1.32,120155.86,42054.55,42054.55,6007.79,30038.97,organic,Great_Lakes
2018-01-28,1.05,1806482.75,632268.96,632268.96,90324.14,451620.69,conventional,MidSouth
2018-01-28,1.41,106782.41,37373.84,37373.84,5339.12,26695.6,organic,MidSouth
2018-01-28,1.13,3334161.26,1166956.44,1166956.44,166708.06,833540.32,conventional,SouthCentral
2018-01-28,1.75,133111.97,46589.19,46589.19,6655.6,33277.99,organic,SouthCentral
2018-02-04,1.22,2640461.44,924161.5,924161.5,132023.07,660115.36,conventional,California
2018-02-04,1.47,168792.43,59077.35,59077.35,8439.62,42198.11,organic,California
2018-02-04,1.09,3008571.87,1053000.16,1053000.16,150428.59,752142.97,conventional,West
2018-02-04,1.62,127654.3,44679.0,44679.0,6382.71,31913.57,organic,West
2018-02-04,1.11,2859911.39,1000968.99,1000968.99,142995.57,714977.85,conventional,Northeast
2018-02-04,1.7,104174.57,36461.1,36461.1,5208.73,26043.64,organic,Northeast
2018-02-04,1.1,2728728.68,955055.04,955055.04,136436.43,682182.17,conventional,Southeast
2018-02-04,1.72,122803.49,42981.22,42981.22,6140.17,30700.87,organic,Southeast
2018-02-04,1.27,2208538.5,772988.47,772988.47,110426.92,552134.62,conventional,Great_Lakes
2018-02-04,1.44,135254.06,47338.92,47338.92,6762.7,33813.51,organic,Great_Lakes
2018-02-04,1.14,1826286.3,639200.21,639200.21,91314.32,456571.58,conventional,MidSouth
2018-02-04,1.68,91645.38,32075.88,32075.88,4582.27,22911.35,organic,MidSouth
2018-02-04,1.2,2934769.76,1027169.42,1027169.42,146738.49,733692.44,conventional,SouthCentral
2018-02-04,1.76,126979.6,44442.86,44442.86,6348.98,31744.9,organic,SouthCentral
2018-02-11,1.17,2714047.3,949916.55,949916.55,135702.36,678511.82,conventional,California
2018-02-11,1.62,142362.85,49827.0,49827.0,7118.14,35590.71,organic,California
2018-02-11,1.05,3993649.06,1397777.17,1397777.17,199682.45,998412.27,conventional,West
2018-02-11,1.38,168655.78,59029.52,59029.52,8432.79,42163.94,organic,West
2018-02-11,1.19,2675639.32,936473.76,936473.76,133781.97,668909.83,conventional,Northeast
2018-02-11,1.63,120378.48,42132.47,42132.47,6018.92,30094.62,organic,Northeast
2018-02-11,1.19,2228632.87,780021.5,780021.5,111431.64,557158.22,conventional,Southeast
2018-02-11,1.86,96964.52,33937.58,33937.58,4848.23,24241.13,organic,Southeast
2018-02-11,1.24,1923529.86,673235.45,673235.45,96176.49,480882.47,conventional,Great_Lakes
2018-02-11,1.64,100412.16,35144.26,35144.26,5020.61,25103.04,organic,Great_Lakes
2018-02-11,1.05,2189716.59,766400.81,766400.81,109485.83,547429.15,conventional,MidSouth
2018-02-11,1.57,98184.8,34364.68,34364.68,4909.24,24546.2,organic,MidSouth
2018-02-11,1.04,4305163.91,1506807.37,1506807.37,215258.2,1076290.98,conventional,SouthCentral
2018-02-11,1.52,173327.81,60664.73,60664.73,8666.39,43331.95,organic,SouthCentral
2018-02-18,1.23,2502157.67,875755.18,875755.18,125107.88,625539.42,conventional,California
2018-02-18,1.78,101162.57,35406.9,35406.9,5058.13,25290.64,organic,California
2018-02-18,1.3,2619733.23,916906.63,916906.63,130986.66,654933.31,conventional,West
2018-02-18,1.56,144004.64,50401.63,50401.63,7200.23,36001.16,organic,West
2018-02-18,1.23,2328726.81,815054.38,815054.38,116436.34,582181.7,conventional,Northeast
2018-02-18,1.54,129838.88,45443.61,45443.61,6491.94,32459.72,organic,Northeast
2018-02-18,1.03,3140322.52,1099112.88,1099112.88,157016.13,785080.63,conventional,Southeast
2018-02-18,1.57,125429.48,43900.32,43900.32,6271.47,31357.37,organic,Southeast
2018-02-18,1.17,2057666.31,720183.21,720183.21,102883.32,514416.58,conventional,Great_Lakes
2018-02-18,1.65,110794.53,38778.09,38778.09,5539.73,27698.63,organic,Great_Lakes
2018-02-18,1.13,2131143.8,745900.33,745900.33,106557.19,532785.95,conventional,MidSouth
2018-02-18,1.8,81845.29,28645.85,28645.85,4092.26,20461.32,organic,MidSouth
2018-02-18,1.1,3205263.44,1121842.2,1121842.2,160263.17,801315.86,conventional,SouthCentral
2018-02-18,1.56,165915.48,58070.42,58070.42,8295.77,41478.87,organic,SouthCentral
2018-02-25,1.2,2257722.95,790203.03,790203.03,112886.15,564430.74,conventional,California
2018-02-25,1.65,130128.73,45545.05,45545.05,6506.44,32532.18,organic,California
2018-02-25,1.12,3470923.35,1214823.17,1214823.17,173546.17,867730.84,conventional,West
2018-02-25,1.71,147043.14,51465.1,51465.1,7352.16,36760.79,organic,West
2018-02-25,1.13,2932176.19,1026261.67,1026261.67,146608.81,733044.05,conventional,Northeast
2018-02-25,1.9,110599.31,38709.76,38709.76,5529.97,27649.83,organic,Northeast
2018-02-25,1.04,2633092.73,921582.45,921582.45,131654.64,658273.18,conventional,Southeast
2018-02-25,1.6,117452.57,41108.4,41108.4,5872.63,29363.14,organic,Southeast
2018-02-25,1.22,1980452.27,693158.3,693158.3,99022.61,495113.07,conventional,Great_Lakes
2018-02-25,1.66,82868.08,29003.83,29003.83,4143.4,20717.02,organic,Great_Lakes
2018-02-25,1.29,1571340.58,549969.2,549969.2,78567.03,392835.15,conventional,MidSouth
2018-02-25,1.66,82070.6,28724.71,28724.71,4103.53,20517.65,organic,MidSouth
2018-02-25,1.26,2350075.37,822526.38,822526.38,117503.77,587518.84,conventional,SouthCentral
2018-02-25,1.65,148034.31,51812.01,51812.01,7401.72,37008.58,organic,SouthCentral
2018-03-04,1.1,3497600.32,1224160.11,1224160.11,174880.02,874400.08,conventional,California
2018-03-04,1.52,159585.01,55854.75,55854.75,7979.25,39896.25,organic,California
2018-03-04,1.19,3290358.16,1151625.36,1151625.36,164517.91,822589.54,conventional,West
2018-03-04,1.55,141788.42,49625.95,49625.95,7089.42,35447.1,organic,West
2018-03-04,1.26,2496543.97,873790.39,873790.39,124827.2,624135.99,conventional,Northeast
2018-03-04,1.42,144507.58,50577.65,50577.65,7225.38,36126.9,organic,Northeast
2018-03-04,1.19,2477037.75,866963.21,866963.21,123851.89,619259.44,conventional,Southeast
2018-03-04,1.55,89219.2,31226.72,31226.72,4460.96,22304.8,organic,Southeast
2018-03-04,1.2,1988312.59,695909.41,695909.41,99415.63,497078.15,conventional,Great_Lakes
2018-03-04,1.35,106352.65,37223.43,37223.43,5317.63,26588.16,organic,Great_Lakes
2018-03-04,1.23,1791423.93,626998.38,626998.38,89571.2,447855.98,conventional,MidSouth
2018-03-04,1.62,102900.92,36015.32,36015.32,5145.05,25725.23,organic,MidSouth
2018-03-04,1.21,3595573.64,1258450.77,1258450.77,179778.68,898893.41,conventional,SouthCentral
2018-03-04,1.44,185489.29,64921.25,64921.25,9274.46,46372.32,organic,SouthCentral
2018-03-11,0.99,3437342.43,1203069.85,1203069.85,171867.12,859335.61,conventional,California
2018-03-11,1.61,143479.25,50217.74,50217.74,7173.96,35869.81,organic,California
2018-03-11,1.15,3232125.87,1131244.05,1131244.05,161606.29,808031.47,conventional,West
2018-03-11,1.76,157006.62,54952.32,54952.32,7850.33,39251.66,organic,West
2018-03-11,1.12,2596455.04,908759.27,908759.27,129822.75,649113.76,conventional,Northeast
2018-03-11,1.69,108508.67,37978.03,37978.03,5425.43,27127.17,organic,Northeast
2018-03-11,1.3,2028254.65,709889.13,709889.13,101412.73,507063.66,conventional,Southeast
2018-03-11,1.57,112051.91,39218.17,39218.17,5602.6,28012.98,organic,Southeast
2018-03-11,1.22,2121581.37,742553.48,742553.48,106079.07,530395.34,conventional,Great_Lakes
2018-03-11,1.55,134664.36,47132.53,47132.53,6733.22,33666.09,organic,Great_Lakes
2018-03-11,1.06,2133492.44,746722.35,746722.35,106674.62,533373.11,conventional,MidSouth
2018-03-11,1.75,67641.79,23674.63,23674.63,3382.09,16910.45,organic,MidSouth
2018-03-11,1.2,2951378.18,1032982.36,1032982.36,147568.91,737844.55,conventional,SouthCentral
2018-03-11,1.77,123831.75,43341.11,43341.11,6191.59,30957.94,organic,SouthCentral
2018-03-18,1.22,2941790.47,1029626.67,1029626.67,147089.52,735447.62,conventional,California
2018-03-18,1.78,119256.16,41739.65,41739.65,5962.81,29814.04,organic,California
2018-03-18,1.13,3026765.15,1059367.8,1059367.8,151338.26,756691.29,conventional,West
2018-03-18,1.87,107292.29,37552.3,37552.3,5364.61,26823.07,organic,West
2018-03-18,1.05,3209270.34,1123244.62,1123244.62,160463.52,802317.59,conventional,Northeast
2018-03-18,1.53,123709.0,43298.15,43298.15,6185.45,30927.25,organic,Northeast
2018-03-18,1.01,2746672.62,961335.42,961335.42,137333.63,686668.16,conventional,Southeast
2018-03-18,1.64,112454.36,39359.03,39359.03,5622.72,28113.59,organic,Southeast
2018-03-18,1.25,2188752.96,766063.54,766063.54,109437.65,547188.24,conventional,Great_Lakes
2018-03-18,1.62,104850.06,36697.52,36697.52,5242.5,26212.51,organic,Great_Lakes
2018-03-18,1.2,2025375.61,708881.46,708881.46,101268.78,506343.9,conventional,MidSouth
2018-03-18,1.67,81429.14,28500.2,28500.2,4071.46,20357.29,organic,MidSouth
2018-03-18,1.05,3370536.02,1179687.61,1179687.61,168526.8,842634.0,conventional,SouthCentral
2018-03-18,1.75,147374.47,51581.06,51581.06,7368.72,36843.62,organic,SouthCentral
2018-03-25,1.21,2697017.94,943956.28,943956.28,134850.9,674254.48,conventional,California
2018-03-25,1.86,103573.93,36250.87,36250.87,5178.7,25893.48,organic,California
2018-03-25,1.25,2788112.88,975839.51,975839.51,139405.64,697028.22,conventional,West
2018-03-25,1.56,160511.98,56179.19,56179.19,8025.6,40128.0,organic,West
2018-03-25,1.19,2663086.42,932080.25,932080.25,133154.32,665771.61,conventional,Northeast
2018-03-25,1.66,119750.82,41912.79,41912.79,5987.54,29937.7,organic,Northeast
2018-03-25,1.39,2096374.96,733731.24,733731.24,104818.75,524093.74,conventional,Southeast
2018-03-25,1.76,99746.53,34911.29,34911.29,4987.33,24936.63,organic,Southeast
2018-03-25,1.25,2174992.7,761247.44,761247.44,108749.63,543748.17,conventional,Great_Lakes
2018-03-25,1.65,100702.32,35245.81,35245.81,5035.12,25175.58,organic,Great_Lakes
2018-03-25,1.14,1511948.31,529181.91,529181.91,75597.42,377987.08,conventional,MidSouth
2018-03-25,1.68,80356.93,28124.93,28124.93,4017.85,20089.23,organic,MidSouth
2018-03-25,1.31,2878410.23,1007443.58,1007443.58,143920.51,719602.56,conventional,SouthCentral
2018-03-25,1.47,179465.25,62812.84,62812.84,8973.26,44866.31,organic,SouthCentral
2018-04-01,1.05,3330533.1,1165686.59,1165686.59,166526.66,832633.28,conventional,California
2018-04-01,1.69,135400.01,47390.0,47390.0,6770.0,33850.0,organic,California
2018-04-01,1.07,3327981.27,1164793.44,1164793.44,166399.06,831995.32,conventional,West
2018-04-01,1.45,178580.48,62503.17,62503.17,8929.02,44645.12,organic,West
2018-04-01,1.2,2615748.2,915511.87,915511.87,130787.41,653937.05,conventional,Northeast
2018-04-01,1.65,124446.03,43556.11,43556.11,6222.3,31111.51,organic,Northeast
2018-04-01,1.31,1969279.63,689247.87,689247.87,98463.98,492319.91,conventional,Southeast
2018-04-01,1.67,93867.7,32853.69,32853.69,4693.38,23466.92,organic,Southeast
2018-04-01,1.06,2531603.64,886061.27,886061.27,126580.18,632900.91,conventional,Great_Lakes
2018-04-01,1.82,86434.25,30251.99,30251.99,4321.71,21608.56,organic,Great_Lakes
2018-04-01,1.13,1885015.83,659755.54,659755.54,94250.79,471253.96,conventional,MidSouth
2018-04-01,1.57,94669.7,33134.4,33134.4,4733.49,23667.43,organic,MidSouth
2018-04-01,1.0,4379908.76,1532968.07,1532968.07,218995.44,1094977.19,conventional,SouthCentral
2018-04-01,1.55,176187.62,61665.67,61665.67,8809.38,44046.9,organic,SouthCentral
2018-04-08,1.02,3475809.75,1216533.41,1216533.41,173790.49,868952.44,conventional,California
2018-04-08,1.75,121642.88,42575.01,42575.01,6082.14,30410.72,organic,California
2018-04-08,1.05,3468063.5,1213822.23,1213822.23,173403.18,867015.88,conventional,West
2018-04-08,1.47,157834.79,55242.17,55242.17,7891.74,39458.7,organic,West
2018-04-08,1.25,2543702.72,890295.95,890295.95,127185.14,635925.68,conventional,Northeast
2018-04-08,1.65,108101.0,37835.35,37835.35,5405.05,27025.25,organic,Northeast
2018-04-08,1.21,2218869.12,776604.19,776604.19,110943.46,554717.28,conventional,Southeast
2018-04-08,1.3,164500.74,57575.26,57575.26,8225.04,41125.19,organic,Southeast
2018-04-08,1.15,2513639.49,879773.82,879773.82,125681.97,628409.87,conventional,Great_Lakes
2018-04-08,1.49,87192.55,30517.39,30517.39,4359.63,21798.14,organic,Great_Lakes
2018-04-08,1.18,1885002.96,659751.04,659751.04,94250.15,471250.74,conventional,MidSouth
2018-04-08,1.4,99346.22,34771.18,34771.18,4967.31,24836.56,organic,MidSouth
2018-04-08,1.43,2477560.1,867146.03,867146.03,123878.0,619390.02,conventional,SouthCentral
2018-04-08,1.76,127000.24,44450.08,44450.08,6350.01,31750.06,organic,SouthCentral
2018-04-15,0.94,3608093.61,1262832.76,1262832.76,180404.68,902023.4,conventional,California
2018-04-15,1.61,127521.36,44632.48,44632.48,6376.07,31880.34,organic,California
2018-04-15,1.14,3140072.33,1099025.32,1099025.32,157003.62,785018.08,conventional,West
2018-04-15,1.63,122775.55,42971.44,42971.44,6138.78,30693.89,organic,West
2018-04-15,1.2,2158341.6,755419.56,755419.56,107917.08,539585.4,conventional,Northeast
2018-04-15,1.34,175204.91,61321.72,61321.72,8760.25,43801.23,organic,Northeast
2018-04-15,1.2,2237140.75,782999.26,782999.26,111857.04,559285.19,conventional,Southeast
2018-04-15,1.44,121751.62,42613.07,42613.07,6087.58,30437.91,organic,Southeast
2018-04-15,1.12,2062910.89,722018.81,722018.81,103145.54,515727.72,conventional,Great_Lakes
2018-04-15,1.54,121270.02,42444.51,42444.51,6063.5,30317.5,organic,Great_Lakes
2018-04-15,1.29,1585308.56,554857.99,554857.99,79265.43,396327.14,conventional,MidSouth
2018-04-15,1.76,63750.2,22312.57,22312.57,3187.51,15937.55,organic,MidSouth
2018-04-15,1.22,2904256.83,1016489.89,1016489.89,145212.84,726064.21,conventional,SouthCentral
2018-04-15,1.7,139721.06,48902.37,48902.37,6986.05,34930.26,organic,SouthCentral
2018-04-22,1.28,2316883.3,810909.16,810909.16,115844.17,579220.83,conventional,California
2018-04-22,1.74,114483.13,40069.1,40069.1,5724.16,28620.78,organic,California
2018-04-22,1.13,3044081.54,1065428.54,1065428.54,152204.08,761020.38,conventional,West
2018-04-22,1.52,153658.12,53780.34,53780.34,7682.91,38414.53,organic,West
2018-04-22,1.14,2726931.32,954425.96,954425.96,136346.57,681732.83,conventional,Northeast
2018-04-22,1.66,127859.97,44750.99,44750.99,6393.0,31964.99,organic,Northeast
2018-04-22,1.24,1980039.06,693013.67,693013.67,99001.95,495009.76,conventional,Southeast
2018-04-22,1.78,84489.73,29571.41,29571.41,4224.49,21122.43,organic,Southeast
2018-04-22,1.21,2248267.87,786893.75,786893.75,112413.39,562066.97,conventional,Great_Lakes
2018-04-22,1.36,137560.08,48146.03,48146.03,6878.0,34390.02,organic,Great_Lakes
2018-04-22,1.1,1881117.23,658391.03,658391.03,94055.86,470279.31,conventional,MidSouth
2018-04-22,1.85,67156.84,23504.89,23504.89,3357.84,16789.21,organic,MidSouth
2018-04-22,1.07,3658755.09,1280564.28,1280564.28,182937.75,914688.77,conventional,SouthCentral
2018-04-22,1.75,134411.04,47043.86,47043.86,6720.55,33602.76,organic,SouthCentral
2018-04-29,1.27,2632058.13,921220.34,921220.34,131602.91,658014.53,conventional,California
2018-04-29,1.32,168960.97,59136.34,59136.34,8448.05,42240.24,organic,California
2018-04-29,1.09,3358659.07,1175530.67,1175530.67,167932.95,839664.77,conventional,West
2018-04-29,1.26,265066.71,92773.35,92773.35,13253.34,66266.68,organic,West
2018-04-29,1.2,2540935.72,889327.5,889327.5,127046.79,635233.93,conventional,Northeast
2018-04-29,1.83,129533.3,45336.65,45336.65,6476.66,32383.32,organic,Northeast
2018-04-29,1.24,2335886.49,817560.27,817560.27,116794.32,583971.62,conventional,Southeast
2018-04-29,1.67,103277.34,36147.07,36147.07,5163.87,25819.34,organic,Southeast
2018-04-29,1.1,2247069.81,786474.44,786474.44,112353.49,561767.45,conventional,Great_Lakes
2018-04-29,1.55,98508.86,34478.1,34478.1,4925.44,24627.21,organic,Great_Lakes
2018-04-29,1.14,1672096.24,585233.68,585233.68,83604.81,418024.06,conventional,MidSouth
2018-04-29,1.68,82822.49,28987.87,28987.87,4141.12,20705.62,organic,MidSouth
2018-04-29,1.16,3134759.52,1097165.83,1097165.83,156737.98,783689.88,conventional,SouthCentral
2018-04-29,2.11,118133.48,41346.72,41346.72,5906.67,29533.37,organic,SouthCentral
2018-05-06,1.03,3183659.3,1114280.76,1114280.76,159182.97,795914.83,conventional,California
2018-05-06,1.56,119777.76,41922.22,41922.22,5988.89,29944.44,organic,California
2018-05-06,1.02,3491096.91,1221883.92,1221883.92,174554.85,872774.23,conventional,West
2018-05-06,1.55,157438.62,55103.52,55103.52,7871.93,39359.66,organic,West
2018-05-06,1.25,2543511.8,890229.13,890229.13,127175.59,635877.95,conventional,Northeast
2018-05-06,1.52,134467.89,47063.76,47063.76,6723.39,33616.97,organic,Northeast
2018-05-06,1.21,2032066.94,711223.43,711223.43,101603.35,508016.73,conventional,Southeast
2018-05-06,1.53,132892.83,46512.49,46512.49,6644.64,33223.21,organic,Southeast
2018-05-06,1.17,2224379.47,778532.81,778532.81,111218.97,556094.87,conventional,Great_Lakes
2018-05-06,1.53,96857.03,33899.96,33899.96,4842.85,24214.26,organic,Great_Lakes
2018-05-06,1.09,1904701.77,666645.62,666645.62,95235.09,476175.44,conventional,MidSouth
2018-05-06,1.49,94441.1,33054.39,33054.39,4722.06,23610.28,organic,MidSouth
2018-05-06,0.98,3522841.49,1232994.52,1232994.52,176142.07,880710.37,conventional,SouthCentral
2018-05-06,1.75,138036.76,48312.86,48312.86,6901.84,34509.19,organic,SouthCentral
2018-05-13,1.11,2606862.37,912401.83,912401.83,130343.12,651715.59,conventional,California
2018-05-13,1.5,135849.99,47547.5,47547.5,6792.5,33962.5,organic,California
2018-05-13,1.21,2906254.38,1017189.03,1017189.03,145312.72,726563.6,conventional,West
2018-05-13,1.58,123998.64,43399.52,43399.52,6199.93,30999.66,organic,West
2018-05-13,1.18,2299232.28,804731.3,804731.3,114961.61,574808.07,conventional,Northeast
2018-05-13,1.57,139452.1,48808.24,48808.24,6972.61,34863.03,organic,Northeast
2018-05-13,1.23,2095367.65,733378.68,733378.68,104768.38,523841.91,conventional,Southeast
2018-05-13,1.46,124578.08,43602.33,43602.33,6228.9,31144.52,organic,Southeast
2018-05-13,1.26,1882421.89,658847.66,658847.66,94121.09,470605.47,conventional,Great_Lakes
2018-05-13,1.85,93144.41,32600.55,32600.55,4657.22,23286.1,organic,Great_Lakes
2018-05-13,1.32,1562499.43,546874.8,546874.8,78124.97,390624.86,conventional,MidSouth
2018-05-13,1.74,86463.02,30262.06,30262.06,4323.15,21615.75,organic,MidSouth
2018-05-13,1.19,2893812.39,1012834.34,1012834.34,144690.62,723453.1,conventional,SouthCentral
2018-05-13,1.58,154817.93,54186.28,54186.28,7740.9,38704.48,organic,SouthCentral
2018-05-20,1.02,3106705.37,1087346.88,1087346.88,155335.27,776676.34,conventional,California
2018-05-20,1.81,84786.31,29675.21,29675.21,4239.32,21196.58,organic,California
2018-05-20,1.3,2702007.14,945702.5,945702.5,135100.36,675501.78,conventional,West
2018-05-20,1.58,146162.26,51156.79,51156.79,7308.11,36540.56,organic,West
2018-05-20,1.15,2787917.17,975771.01,975771.01,139395.86,696979.29,conventional,Northeast
2018-05-20,1.8,86872.87,30405.51,30405.51,4343.64,21718.22,organic,Northeast
2018-05-20,1.21,2085903.88,730066.36,730066.36,104295.19,521475.97,conventional,Southeast
2018-05-20,1.66,93261.27,32641.44,32641.44,4663.06,23315.32,organic,Southeast
2018-05-20,1.32,1972702.7,690445.94,690445.94,98635.13,493175.67,conventional,Great_Lakes
2018-05-20,1.54,94596.67,33108.83,33108.83,4729.83,23649.17,organic,Great_Lakes
2018-05-20,1.11,1950655.82,682729.54,682729.54,97532.79,487663.95,conventional,MidSouth
2018-05-20,1.69,89053.92,31168.87,31168.87,4452.7,22263.48,organic,MidSouth
2018-05-20,1.23,3142146.86,1099751.4,1099751.4,157107.34,785536.71,conventional,SouthCentral
2018-05-20,1.7,118284.84,41399.69,41399.69,5914.24,29571.21,organic,SouthCentral
2018-05-27,1.13,3011662.8,1054081.98,1054081.98,150583.14,752915.7,conventional,California
2018-05-27,1.64,128914.33,45120.01,45120.01,6445.72,32228.58,organic,California
2018-05-27,1.12,2755282.19,964348.77,964348.77,137764.11,688820.55,conventional,West
2018-05-27,1.63,136204.11,47671.44,47671.44,6810.21,34051.03,organic,West
2018-05-27,1.08,2669159.51,934205.83,934205.83,133457.98,667289.88,conventional,Northeast
2018-05-27,1.51,145276.73,50846.86,50846.86,7263.84,36319.18,organic,Northeast
2018-05-27,1.12,2618370.97,916429.84,916429.84,130918.55,654592.74,conventional,Southeast
2018-05-27,1.88,82779.02,28972.66,28972.66,4138.95,20694.76,organic,Southeast
2018-05-27,1.05,2056357.2,719725.02,719725.02,102817.86,514089.3,conventional,Great_Lakes
2018-05-27,1.43,105295.02,36853.26,36853.26,5264.75,26323.75,organic,Great_Lakes
2018-05-27,1.29,1581729.8,553605.43,553605.43,79086.49,395432.45,conventional,MidSouth
2018-05-27,1.71,61687.47,21590.61,21590.61,3084.37,15421.87,organic,MidSouth
2018-05-27,1.03,3891733.71,1362106.8,1362106.8,194586.69,972933.43,conventional,SouthCentral
2018-05-27,1.69,134642.39,47124.84,47124.84,6732.12,33660.6,organic,SouthCentral
2018-06-03,1.21,2704286.04,946500.12,946500.12,135214.3,676071.51,conventional,California
2018-06-03,1.62,117549.8,41142.43,41142.43,5877.49,29387.45,organic,California
2018-06-03,1.17,3186923.63,1115423.27,1115423.27,159346.18,796730.91,conventional,West
2018-06-03,1.34,177681.8,62188.63,62188.63,8884.09,44420.45,organic,West
2018-06-03,1.14,2491288.22,871950.88,871950.88,124564.41,622822.06,conventional,Northeast
2018-06-03,1.55,115355.49,40374.42,40374.42,5767.77,28838.87,organic,Northeast
2018-06-03,1.22,2498252.29,874388.3,874388.3,124912.61,624563.07,conventional,Southeast
2018-06-03,1.77,77946.31,27281.21,27281.21,3897.32,19486.58,organic,Southeast
2018-06-03,1.11,2036889.92,712911.47,712911.47,101844.5,509222.48,conventional,Great_Lakes
2018-06-03,1.38,114508.71,40078.05,40078.05,5725.44,28627.18,organic,Great_Lakes
2018-06-03,1.22,1403944.7,491380.65,491380.65,70197.24,350986.18,conventional,MidSouth
2018-06-03,1.81,69146.21,24201.17,24201.17,3457.31,17286.55,organic,MidSouth
2018-06-03,1.08,3155691.91,1104492.17,1104492.17,157784.6,788922.98,conventional,SouthCentral
2018-06-03,1.89,115987.1,40595.48,40595.48,5799.35,28996.77,organic,SouthCentral
2018-06-10,1.15,2469315.08,864260.28,864260.28,123465.75,617328.77,conventional,California
2018-06-10,1.66,106472.76,37265.47,37265.47,5323.64,26618.19,organic,California
2018-06-10,0.94,4073493.72,1425722.8,1425722.8,203674.69,1018373.43,conventional,West
2018-06-10,1.67,123075.34,43076.37,43076.37,6153.77,30768.84,organic,West
2018-06-10,1.14,2230928.5,780824.98,780824.98,111546.43,557732.13,conventional,Northeast
2018-06-10,1.62,92398.77,32339.57,32339.57,4619.94,23099.69,organic,Northeast
2018-06-10,1.38,1517406.49,531092.27,531092.27,75870.32,379351.62,conventional,Southeast
2018-06-10,1.5,104678.78,36637.57,36637.57,5233.94,26169.69,organic,Southeast
2018-06-10,1.28,1766887.25,618410.54,618410.54,88344.36,441721.81,conventional,Great_Lakes
2018-06-10,1.46,122802.43,42980.85,42980.85,6140.12,30700.61,organic,Great_Lakes
2018-06-10,1.22,1623340.62,568169.22,568169.22,81167.03,405835.16,conventional,MidSouth
2018-06-10,1.76,87259.89,30540.96,30540.96,4362.99,21814.97,organic,MidSouth
2018-06-10,1.37,2238202.33,783370.81,783370.81,111910.12,559550.58,conventional,SouthCentral
2018-06-10,1.89,111653.51,39078.73,39078.73,5582.68,27913.38,organic,SouthCentral
2018-06-17,1.2,2086364.06,730227.42,730227.42,104318.2,521591.01,conventional,California
2018-06-17,1.62,106869.65,37404.38,37404.38,5343.48,26717.41,organic,California
2018-06-17,1.23,2683766.67,939318.33,939318.33,134188.33,670941.67,conventional,West
2018-06-17,1.34,164890.75,57711.76,57711.76,8244.54,41222.69,organic,West
2018-06-17,1.26,2061901.32,721665.46,721665.46,103095.07,515475.33,conventional,Northeast
2018-06-17,1.76,99418.46,34796.46,34796.46,4970.92,24854.62,organic,Northeast
2018-06-17,1.18,1980376.74,693131.86,693131.86,99018.84,495094.18,conventional,Southeast
2018-06-17,1.47,100565.65,35197.98,35197.98,5028.28,25141.41,organic,Southeast
2018-06-17,1.22,1872929.8,655525.43,655525.43,93646.49,468232.45,conventional,Great_Lakes
2018-06-17,1.63,88495.47,30973.42,30973.42,4424.77,22123.87,organic,Great_Lakes
2018-06-17,1.12,1888567.33,660998.56,660998.56,94428.37,472141.83,conventional,MidSouth
2018-06-17,1.6,69153.63,24203.77,24203.77,3457.68,17288.41,organic,MidSouth
2018-06-17,1.22,2673383.04,935684.06,935684.06,133669.15,668345.76,conventional,SouthCentral
2018-06-17,1.65,154486.91,54070.42,54070.42,7724.35,38621.73,organic,SouthCentral
2018-06-24,1.15,2583852.23,904348.28,904348.28,129192.61,645963.06,conventional,California
2018-06-24,1.47,131309.33,45958.27,45958.27,6565.47,32827.33,organic,California
2018-06-24,1.21,2224343.36,778520.18,778520.18,111217.17,556085.84,conventional,West
2018-06-24,1.68,118741.95,41559.68,41559.68,5937.1,29685.49,organic,West
2018-06-24,1.15,2543166.53,890108.29,890108.29,127158.33,635791.63,conventional,Northeast
2018-06-24,1.7,117139.39,40998.79,40998.79,5856.97,29284.85,organic,Northeast
2018-06-24,1.05,2375989.71,831596.4,831596.4,118799.49,593997.43,conventional,Southeast
2018-06-24,1.66,83826.97,29339.44,29339.44,4191.35,20956.74,organic,Southeast
2018-06-24,1.25,2196557.41,768795.09,768795.09,109827.87,549139.35,conventional,Great_Lakes
2018-06-24,1.65,95502.78,33425.97,33425.97,4775.14,23875.69,organic,Great_Lakes
2018-06-24,1.16,1571773.79,550120.83,550120.83,78588.69,392943.45,conventional,MidSouth
2018-06-24,1.38,92282.99,32299.05,32299.05,4614.15,23070.75,organic,MidSouth
2018-06-24,1.01,3957681.47,1385188.52,1385188.52,197884.07,989420.37,conventional,SouthCentral
2018-06-24,1.63,129646.85,45376.4,45376.4,6482.34,32411.71,organic,SouthCentral
2018-07-01,1.24,1940829.15,679290.2,679290.2,97041.46,485207.29,conventional,California
2018-07-01,1.53,117532.86,41136.5,41136.5,5876.64,29383.22,organic,California
2018-07-01,1.25,2324537.37,813588.08,813588.08,116226.87,581134.34,conventional,West
2018-07-01,1.69,108894.42,38113.05,38113.05,5444.72,27223.61,organic,West
2018-07-01,1.19,2117685.4,741189.89,741189.89,105884.27,529421.35,conventional,Northeast
2018-07-01,1.5,113817.62,39836.17,39836.17,5690.88,28454.41,organic,Northeast
2018-07-01,1.04,2209202.24,773220.79,773220.79,110460.11,552300.56,conventional,Southeast
2018-07-01,1.58,120319.3,42111.76,42111.76,6015.97,30079.83,organic,Southeast
2018-07-01,1.15,1673319.68,585661.89,585661.89,83665.98,418329.92,conventional,Great_Lakes
2018-07-01,1.63,89901.68,31465.59,31465.59,4495.08,22475.42,organic,Great_Lakes
2018-07-01,1.32,1250463.99,437662.4,437662.4,62523.2,312616.0,conventional,MidSouth
2018-07-01,1.41,95651.37,33477.98,33477.98,4782.57,23912.84,organic,MidSouth
2018-07-01,1.01,3080439.34,1078153.77,1078153.77,154021.97,770109.84,conventional,SouthCentral
2018-07-01,1.61,125744.21,44010.47,44010.47,6287.21,31436.05,organic,SouthCentral
2018-07-08,1.22,2051368.48,717978.97,717978.97,102568.42,512842.12,conventional,California
2018-07-08,1.61,108623.35,38018.17,38018.17,5431.17,27155.84,organic,California
2018-07-08,1.16,2464914.75,862720.16,862720.16,123245.74,616228.69,conventional,West
2018-07-08,1.72,114678.17,40137.36,40137.36,5733.91,28669.54,organic,West
2018-07-08,1.19,2162526.15,756884.15,756884.15,108126.31,540631.54,conventional,Northeast
2018-07-08,1.41,124025.68,43408.99,43408.99,6201.28,31006.42,organic,Northeast
2018-07-08,1.2,1955955.84,684584.54,684584.54,97797.79,488988.96,conventional,Southeast
2018-07-08,1.55,90089.4,31531.29,31531.29,4504.47,22522.35,organic,Southeast
2018-07-08,1.09,2074523.74,726083.31,726083.31,103726.19,518630.94,conventional,Great_Lakes
2018-07-08,1.81,70307.51,24607.63,24607.63,3515.38,17576.88,organic,Great_Lakes
2018-07-08,1.24,1426711.87,499349.15,499349.15,71335.59,356677.97,conventional,MidSouth
2018-07-08,1.63,69543.71,24340.3,24340.3,3477.19,17385.93,organic,MidSouth
2018-07-08,1.22,2579298.4,902754.44,902754.44,128964.92,644824.6,conventional,SouthCentral
2018-07-08,1.99,84636.74,29622.86,29622.86,4231.84,21159.19,organic,SouthCentral
2018-07-15,1.2,2113887.24,739860.53,739860.53,105694.36,528471.81,conventional,California
2018-07-15,1.52,118381.57,41433.55,41433.55,5919.08,29595.39,organic,California
2018-07-15,1.16,3092870.31,1082504.61,1082504.61,154643.52,773217.58,conventional,West
2018-07-15,1.62,102345.92,35821.07,35821.07,5117.3,25586.48,organic,West
2018-07-15,1.18,1788998.44,626149.45,626149.45,89449.92,447249.61,conventional,Northeast
2018-07-15,1.64,99158.18,34705.36,34705.36,4957.91,24789.55,organic,Northeast
2018-07-15,1.23,1930926.85,675824.4,675824.4,96546.34,482731.71,conventional,Southeast
2018-07-15,1.57,92242.55,32284.89,32284.89,4612.13,23060.64,organic,Southeast
2018-07-15,1.07,1856582.23,649803.78,649803.78,92829.11,464145.56,conventional,Great_Lakes
2018-07-15,1.7,70763.14,24767.1,24767.1,3538.16,17690.79,organic,Great_Lakes
2018-07-15,1.11,1501958.56,525685.5,525685.5,75097.93,375489.64,conventional,MidSouth
2018-07-15,1.73,77715.0,27200.25,27200.25,3885.75,19428.75,organic,MidSouth
2018-07-15,1.02,2723727.33,953304.57,953304.57,136186.37,680931.83,conventional,SouthCentral
2018-07-15,1.63,124507.05,43577.47,43577.47,6225.35,31126.76,organic,SouthCentral
2018-07-22,1.17,2196133.89,768646.86,768646.86,109806.69,549033.47,conventional,California
2018-07-22,1.62,111706.85,39097.4,39097.4,5585.34,27926.71,organic,California
2018-07-22,1.25,1907549.36,667642.28,667642.28,95377.47,476887.34,conventional,West
2018-07-22,1.59,120133.88,42046.86,42046.86,6006.69,30033.47,organic,West
2018-07-22,1.06,2771633.71,970071.8,970071.8,138581.69,692908.43,conventional,Northeast
2018-07-22,1.55,106446.49,37256.27,37256.27,5322.32,26611.62,organic,Northeast
2018-07-22,1.21,1745956.26,611084.69,611084.69,87297.81,436489.07,conventional,Southeast
2018-07-22,1.37,110164.85,38557.7,38557.7,5508.24,27541.21,organic,Southeast
2018-07-22,1.25,1630172.04,570560.21,570560.21,81508.6,407543.01,conventional,Great_Lakes
2018-07-22,1.52,103652.46,36278.36,36278.36,5182.62,25913.12,organic,Great_Lakes
2018-07-22,1.12,1546742.87,541360.0,541360.0,77337.14,386685.72,conventional,MidSouth
2018-07-22,1.67,73912.44,25869.36,25869.36,3695.62,18478.11,organic,MidSouth
2018-07-22,1.39,2295604.44,803461.55,803461.55,114780.22,573901.11,conventional,SouthCentral
2018-07-22,1.82,99953.33,34983.66,34983.66,4997.67,24988.33,organic,SouthCentral
2018-07-29,1.05,2631970.71,921189.75,921189.75,131598.54,657992.68,conventional,California
2018-07-29,1.67,92676.95,32436.93,32436.93,4633.85,23169.24,organic,California
2018-07-29,1.13,2615964.11,915587.44,915587.44,130798.21,653991.03,conventional,West
2018-07-29,1.7,111958.15,39185.35,39185.35,5597.91,27989.54,organic,West
2018-07-29,1.18,2024173.82,708460.84,708460.84,101208.69,506043.46,conventional,Northeast
2018-07-29,1.57,93167.0,32608.45,32608.45,4658.35,23291.75,organic,Northeast
2018-07-29,1.33,1623141.19,568099.42,568099.42,81157.06,405785.3,conventional,Southeast
2018-07-29,1.62,82047.08,28716.48,28716.48,4102.35,20511.77,organic,Southeast
2018-07-29,1.44,1287555.66,450644.48,450644.48,64377.78,321888.91,conventional,Great_Lakes
2018-07-29,1.59,92721.86,32452.65,32452.65,4636.09,23180.47,organic,Great_Lakes
2018-07-29,1.21,1573846.71,550846.35,550846.35,78692.34,393461.68,conventional,MidSouth
2018-07-29,1.92,58466.21,20463.17,20463.17,2923.31,14616.55,organic,MidSouth
2018-07-29,1.04,3004004.72,1051401.65,1051401.65,150200.24,751001.18,conventional,SouthCentral
2018-07-29,1.7,144183.56,50464.25,50464.25,7209.18,36045.89,organic,SouthCentral
2018-08-05,1.01,2837596.57,993158.8,993158.8,141879.83,709399.14,conventional,California
2018-08-05,1.68,104561.17,36596.41,36596.41,5228.06,26140.29,organic,California
2018-08-05,1.14,2210100.74,773535.26,773535.26,110505.04,552525.19,conventional,West
2018-08-05,1.76,101621.77,35567.62,35567.62,5081.09,25405.44,organic,West
2018-08-05,1.25,1846462.28,646261.8,646261.8,92323.11,461615.57,conventional,Northeast
2018-08-05,1.56,85589.4,29956.29,29956.29,4279.47,21397.35,organic,Northeast
2018-08-05,1.23,1733799.75,606829.91,606829.91,86689.99,433449.94,conventional,Southeast
2018-08-05,1.51,89298.7,31254.55,31254.55,4464.94,22324.68,organic,Southeast
2018-08-05,1.1,1640119.39,574041.79,574041.79,82005.97,410029.85,conventional,Great_Lakes
2018-08-05,1.53,79016.91,27655.92,27655.92,3950.85,19754.23,organic,Great_Lakes
2018-08-05,1.11,1441747.52,504611.63,504611.63,72087.38,360436.88,conventional,MidSouth
2018-08-05,1.41,102228.68,35780.04,35780.04,5111.43,25557.17,organic,MidSouth
2018-08-05,1.28,2111414.53,738995.08,738995.08,105570.73,527853.63,conventional,SouthCentral
2018-08-05,1.69,115529.49,40435.32,40435.32,5776.47,28882.37,organic,SouthCentral
2018-08-12,1.27,1814988.14,635245.85,635245.85,90749.41,453747.04,conventional,California
2018-08-12,1.81,80927.0,28324.45,28324.45,4046.35,20231.75,organic,California
2018-08-12,1.02,2890933.86,1011826.85,1011826.85,144546.69,722733.47,conventional,West
2018-08-12,1.84,115264.02,40342.41,40342.41,5763.2,28816.01,organic,West
2018-08-12,1.03,2482831.49,868991.02,868991.02,124141.57,620707.87,conventional,Northeast
2018-08-12,1.59,105279.32,36847.76,36847.76,5263.97,26319.83,organic,Northeast
2018-08-12,1.0,1959000.25,685650.09,685650.09,97950.01,489750.06,conventional,Southeast
2018-08-12,1.53,92352.89,32323.51,32323.51,4617.64,23088.22,organic,Southeast
2018-08-12,1.09,1985835.06,695042.27,695042.27,99291.75,496458.76,conventional,Great_Lakes
2018-08-12,1.8,73204.99,25621.75,25621.75,3660.25,18301.25,organic,Great_Lakes
2018-08-12,1.31,1281378.5,448482.47,448482.47,64068.92,320344.62,conventional,MidSouth
2018-08-12,1.47,89752.4,31413.34,31413.34,4487.62,22438.1,organic,MidSouth
2018-08-12,1.09,2942660.98,1029931.34,1029931.34,147133.05,735665.25,conventional,SouthCentral
2018-08-12,1.89,98452.26,34458.29,34458.29,4922.61,24613.07,organic,SouthCentral
2018-08-19,1.0,2424253.76,848488.82,848488.82,121212.69,606063.44,conventional,California
2018-08-19,1.85,81702.54,28595.89,28595.89,4085.13,20425.63,organic,California
2018-08-19,1.16,2463007.87,862052.75,862052.75,123150.39,615751.97,conventional,West
2018-08-19,1.75,98560.85,34496.3,34496.3,4928.04,24640.21,organic,West
2018-08-19,1.13,2041411.84,714494.15,714494.15,102070.59,510352.96,conventional,Northeast
2018-08-19,1.78,86837.64,30393.17,30393.17,4341.88,21709.41,organic,Northeast
2018-08-19,1.12,2048874.84,717106.2,717106.2,102443.74,512218.71,conventional,Southeast
2018-08-19,1.63,76748.69,26862.04,26862.04,3837.43,19187.17,organic,Southeast
2018-08-19,1.07,1765900.35,618065.12,618065.12,88295.02,441475.09,conventional,Great_Lakes
2018-08-19,1.61,92588.77,32406.07,32406.07,4629.44,23147.19,organic,Great_Lakes
2018-08-19,1.07,1624330.6,568515.71,568515.71,81216.53,406082.65,conventional,MidSouth
2018-08-19,1.55,70186.88,24565.41,24565.41,3509.34,17546.72,organic,MidSouth
2018-08-19,1.0,2995838.57,1048543.5,1048543.5,149791.93,748959.64,conventional,SouthCentral
2018-08-19,1.62,124605.61,43611.97,43611.97,6230.28,31151.4,organic,SouthCentral
2018-08-26,1.17,1944198.71,680469.55,680469.55,97209.94,486049.68,conventional,California
2018-08-26,1.81,87387.28,30585.55,30585.55,4369.36,21846.82,organic,California
2018-08-26,1.17,2286864.51,800402.58,800402.58,114343.23,571716.13,conventional,West
2018-08-26,1.57,115464.39,40412.54,40412.54,5773.22,28866.1,organic,West
2018-08-26,1.2,1691067.13,591873.49,591873.49,84553.36,422766.78,conventional,Northeast
2018-08-26,1.57,96656.6,33829.81,33829.81,4832.83,24164.15,organic,Northeast
2018-08-26,1.18,1954946.14,684231.15,684231.15,97747.31,488736.53,conventional,Southeast
2018-08-26,1.53,87122.75,30492.96,30492.96,4356.14,21780.69,organic,Southeast
2018-08-26,1.1,1741039.65,609363.88,609363.88,87051.98,435259.91,conventional,Great_Lakes
2018-08-26,1.6,89332.74,31266.46,31266.46,4466.64,22333.18,organic,Great_Lakes
2018-08-26,1.04,1705159.39,596805.79,596805.79,85257.97,426289.85,conventional,MidSouth
2018-08-26,1.39,79906.22,27967.18,27967.18,3995.31,19976.56,organic,MidSouth
2018-08-26,1.12,3032037.79,1061213.23,1061213.23,151601.89,758009.45,conventional,SouthCentral
2018-08-26,1.61,95803.56,33531.25,33531.25,4790.18,23950.89,organic,SouthCentral
2018-09-02,0.95,2725865.95,954053.08,954053.08,136293.3,681466.49,conventional,California
2018-09-02,1.74,92116.88,32240.91,32240.91,4605.84,23029.22,organic,California
2018-09-02,1.17,2461639.29,861573.75,861573.75,123081.96,615409.82,conventional,West
2018-09-02,1.57,121077.79,42377.23,42377.23,6053.89,30269.45,organic,West
2018-09-02,0.99,2250869.11,787804.19,787804.19,112543.46,562717.28,conventional,Northeast
2018-09-02,1.38,114395.97,40038.59,40038.59,5719.8,28598.99,organic,Northeast
2018-09-02,1.15,1809835.63,633442.47,633442.47,90491.78,452458.91,conventional,Southeast
2018-09-02,1.66,72491.2,25371.92,25371.92,3624.56,18122.8,organic,Southeast
2018-09-02,1.13,1551625.28,543068.85,543068.85,77581.26,387906.32,conventional,Great_Lakes
2018-09-02,1.85,62690.12,21941.54,21941.54,3134.51,15672.53,organic,Great_Lakes
2018-09-02,1.1,1711454.25,599008.99,599008.99,85572.71,427863.56,conventional,MidSouth
2018-09-02,1.46,68626.78,24019.37,24019.37,3431.34,17156.7,organic,MidSouth
2018-09-02,1.04,2816047.29,985616.55,985616.55,140802.36,704011.82,conventional,SouthCentral
2018-09-02,1.71,114130.42,39945.65,39945.65,5706.52,28532.61,organic,SouthCentral
2018-09-09,1.41,1389767.94,486418.78,486418.78,69488.4,347441.99,conventional,California
2018-09-09,1.74,83969.2,29389.22,29389.22,4198.46,20992.3,organic,California
2018-09-09,1.09,2320473.05,812165.57,812165.57,116023.65,580118.26,conventional,West
2018-09-09,1.51,138281.41,48398.49,48398.49,6914.07,34570.35,organic,West
2018-09-09,1.23,1832896.16,641513.66,641513.66,91644.81,458224.04,conventional,Northeast
2018-09-09,1.85,64906.43,22717.25,22717.25,3245.32,16226.61,organic,Northeast
2018-09-09,1.02,1748135.27,611847.34,611847.34,87406.76,437033.82,conventional,Southeast
2018-09-09,1.55,89958.38,31485.43,31485.43,4497.92,22489.6,organic,Southeast
2018-09-09,1.16,1714401.7,600040.59,600040.59,85720.08,428600.42,conventional,Great_Lakes
2018-09-09,1.44,102519.79,35881.93,35881.93,5125.99,25629.95,organic,Great_Lakes
2018-09-09,1.17,1475196.72,516318.85,516318.85,73759.84,368799.18,conventional,MidSouth
2018-09-09,1.37,87871.87,30755.16,30755.16,4393.59,21967.97,organic,MidSouth
2018-09-09,1.03,2773266.19,970643.17,970643.17,138663.31,693316.55,conventional,SouthCentral
2018-09-09,1.73,105537.23,36938.03,36938.03,5276.86,26384.31,organic,SouthCentral
2018-09-16,1.06,2358574.65,825501.13,825501.13,117928.73,589643.66,conventional,California
2018-09-16,1.42,135216.41,47325.74,47325.74,6760.82,33804.1,organic,California
2018-09-16,1.13,2554683.87,894139.36,894139.36,127734.19,638670.97,conventional,West
2018-09-16,1.57,104869.11,36704.19,36704.19,5243.46,26217.28,organic,West
2018-09-16,1.07,2336009.87,817603.46,817603.46,116800.49,584002.47,conventional,Northeast
2018-09-16,1.54,105892.55,37062.39,37062.39,5294.63,26473.14,organic,Northeast
2018-09-16,1.11,1589262.7,556241.95,556241.95,79463.14,397315.68,conventional,Southeast
2018-09-16,1.56,77214.2,27024.97,27024.97,3860.71,19303.55,organic,Southeast
2018-09-16,1.15,1551675.17,543086.31,543086.31,77583.76,387918.79,conventional,Great_Lakes
2018-09-16,1.79,67590.72,23656.75,23656.75,3379.54,16897.68,organic,Great_Lakes
2018-09-16,1.13,1533958.6,536885.51,536885.51,76697.93,383489.65,conventional,MidSouth
2018-09-16,1.79,56457.23,19760.03,19760.03,2822.86,14114.31,organic,MidSouth
2018-09-16,1.07,2364090.14,827431.55,827431.55,118204.51,591022.53,conventional,SouthCentral
2018-09-16,1.55,116277.94,40697.28,40697.28,5813.9,29069.49,organic,SouthCentral
2018-09-23,1.16,2058950.39,720632.64,720632.64,102947.52,514737.6,conventional,California
2018-09-23,1.75,82654.25,28928.99,28928.99,4132.71,20663.56,organic,California
2018-09-23,1.14,2526573.41,884300.69,884300.69,126328.67,631643.35,conventional,West
2018-09-23,1.7,97474.31,34116.01,34116.01,4873.72,24368.58,organic,West
2018-09-23,1.09,2031842.19,711144.76,711144.76,101592.11,507960.55,conventional,Northeast
2018-09-23,1.52,96022.88,33608.01,33608.01,4801.14,24005.72,organic,Northeast
2018-09-23,1.23,1618932.0,566626.2,566626.2,80946.6,404733.0,conventional,Southeast
2018-09-23,1.45,116492.07,40772.22,40772.22,5824.6,29123.02,organic,Southeast
2018-09-23,1.18,1479032.44,517661.35,517661.35,73951.62,369758.11,conventional,Great_Lakes
2018-09-23,1.58,82797.49,28979.12,28979.12,4139.87,20699.37,organic,Great_Lakes
2018-09-23,1.32,1099114.44,384690.05,384690.05,54955.72,274778.61,conventional,MidSouth
2018-09-23,1.8,64969.73,22739.4,22739.4,3248.49,16242.43,organic,MidSouth
2018-09-23,1.09,2621144.88,917400.71,917400.71,131057.24,655286.22,conventional,SouthCentral
2018-09-23,1.49,127636.09,44672.63,44672.63,6381.8,31909.02,organic,SouthCentral
2018-09-30,1.15,2266295.23,793203.33,793203.33,113314.76,566573.81,conventional,California
2018-09-30,1.81,77509.43,27128.3,27128.3,3875.47,19377.36,organic,California
2018-09-30,0.95,2882785.34,1008974.87,1008974.87,144139.27,720696.34,conventional,West
2018-09-30,1.69,101183.36,35414.17,35414.17,5059.17,25295.84,organic,West
2018-09-30,1.12,2092585.27,732404.85,732404.85,104629.26,523146.32,conventional,Northeast
2018-09-30,1.88,76902.26,26915.79,26915.79,3845.11,19225.57,organic,Northeast
2018-09-30,1.11,1786593.08,625307.58,625307.58,89329.65,446648.27,conventional,Southeast
2018-09-30,1.62,96703.72,33846.3,33846.3,4835.19,24175.93,organic,Southeast
2018-09-30,1.13,1744989.11,610746.19,610746.19,87249.46,436247.28,conventional,Great_Lakes
2018-09-30,1.58,91924.48,32173.57,32173.57,4596.22,22981.12,organic,Great_Lakes
2018-09-30,1.35,1215640.22,425474.08,425474.08,60782.01,303910.06,conventional,MidSouth
2018-09-30,1.66,63683.49,22289.22,22289.22,3184.17,15920.87,organic,MidSouth
2018-09-30,0.91,3545186.09,1240815.13,1240815.13,177259.3,886296.52,conventional,SouthCentral
2018-09-30,1.67,115094.92,40283.22,40283.22,5754.75,28773.73,organic,SouthCentral
2018-10-07,1.08,2302119.62,805741.87,805741.87,115105.98,575529.91,conventional,California
2018-10-07,1.59,115539.17,40438.71,40438.71,5776.96,28884.79,organic,California
2018-10-07,1.11,2879948.7,1007982.04,1007982.04,143997.43,719987.17,conventional,West
2018-10-07,1.71,87327.22,30564.53,30564.53,4366.36,21831.81,organic,West
2018-10-07,1.14,1969308.71,689258.05,689258.05,98465.44,492327.18,conventional,Northeast
2018-10-07,1.32,150661.68,52731.59,52731.59,7533.08,37665.42,organic,Northeast
2018-10-07,1.22,1769877.42,619457.1,619457.1,88493.87,442469.36,conventional,Southeast
2018-10-07,1.67,69924.36,24473.52,24473.52,3496.22,17481.09,organic,Southeast
2018-10-07,1.1,1979138.52,692698.48,692698.48,98956.93,494784.63,conventional,Great_Lakes
2018-10-07,1.49,71141.58,24899.55,24899.55,3557.08,17785.4,organic,Great_Lakes
2018-10-07,1.13,1481248.15,518436.85,518436.85,74062.41,370312.04,conventional,MidSouth
2018-10-07,1.67,69361.94,24276.68,24276.68,3468.1,17340.48,organic,MidSouth
2018-10-07,1.21,2440392.09,854137.23,854137.23,122019.6,610098.02,conventional,SouthCentral
2018-10-07,1.83,84590.05,29606.52,29606.52,4229.5,21147.51,organic,SouthCentral
2018-10-14,1.2,2184101.91,764435.67,764435.67,109205.1,546025.48,conventional,California
2018-10-14,1.46,101430.56,35500.7,35500.7,5071.53,25357.64,organic,California
2018-10-14,1.08,2411390.13,843986.55,843986.55,120569.51,602847.53,conventional,West
2018-10-14,1.76,89481.84,31318.64,31318.64,4474.09,22370.46,organic,West
2018-10-14,1.06,2145910.77,751068.77,751068.77,107295.54,536477.69,conventional,Northeast
2018-10-14,1.82,79627.75,27869.71,27869.71,3981.39,19906.94,organic,Northeast
2018-10-14,1.13,1846466.12,646263.14,646263.14,92323.31,461616.53,conventional,Southeast
2018-10-14,1.84,64489.24,22571.23,22571.23,3224.46,16122.31,organic,Southeast
2018-10-14,1.28,1557478.66,545117.53,545117.53,77873.93,389369.66,conventional,Great_Lakes
2018-10-14,1.63,103472.66,36215.43,36215.43,5173.63,25868.17,organic,Great_Lakes
2018-10-14,1.04,1602162.8,560756.98,560756.98,80108.14,400540.7,conventional,MidSouth
2018-10-14,1.47,86344.67,30220.64,30220.64,4317.23,21586.17,organic,MidSouth
2018-10-14,1.32,2462531.3,861885.95,861885.95,123126.56,615632.82,conventional,SouthCentral
2018-10-14,1.83,96202.99,33671.05,33671.05,4810.15,24050.75,organic,SouthCentral
2018-10-21,1.11,1996526.64,698784.32,698784.32,99826.33,499131.66,conventional,California
2018-10-21,1.96,80038.49,28013.47,28013.47,4001.92,20009.62,organic,California
2018-10-21,1.1,2746129.51,961145.33,961145.33,137306.48,686532.38,conventional,West
2018-10-21,1.5,125764.45,44017.56,44017.56,6288.22,31441.11,organic,West
2018-10-21,1.13,2194086.85,767930.4,767930.4,109704.34,548521.71,conventional,Northeast
2018-10-21,1.64,80232.85,28081.5,28081.5,4011.64,20058.21,organic,Northeast
2018-10-21,1.16,1970245.15,689585.8,689585.8,98512.26,492561.29,conventional,Southeast
2018-10-21,1.65,89077.23,31177.03,31177.03,4453.86,22269.31,organic,Southeast
2018-10-21,1.05,1971235.73,689932.51,689932.51,98561.79,492808.93,conventional,Great_Lakes
2018-10-21,1.56,92717.07,32450.97,32450.97,4635.85,23179.27,organic,Great_Lakes
2018-10-21,1.15,1538919.92,538621.97,538621.97,76946.0,384729.98,conventional,MidSouth
2018-10-21,1.81,61104.18,21386.46,21386.46,3055.21,15276.04,organic,MidSouth
2018-10-21,1.18,2292659.05,802430.67,802430.67,114632.95,573164.76,conventional,SouthCentral
2018-10-21,1.65,109021.61,38157.56,38157.56,5451.08,27255.4,organic,SouthCentral
2018-10-28,1.12,2209496.68,773323.84,773323.84,110474.83,552374.17,conventional,California
2018-10-28,1.5,93181.36,32613.48,32613.48,4659.07,23295.34,organic,California
2018-10-28,1.08,2558923.43,895623.2,895623.2,127946.17,639730.86,conventional,West
2018-10-28,1.45,128067.05,44823.47,44823.47,6403.35,32016.76,organic,West
2018-10-28,1.34,1833910.14,641868.55,641868.55,91695.51,458477.53,conventional,Northeast
2018-10-28,1.9,77600.01,27160.0,27160.0,3880.0,19400.0,organic,Northeast
2018-10-28,1.27,1527531.24,534635.94,534635.94,76376.56,381882.81,conventional,Southeast
2018-10-28,1.55,68349.35,23922.27,23922.27,3417.47,17087.34,organic,Southeast
2018-10-28,1.27,1754416.63,614045.82,614045.82,87720.83,438604.16,conventional,Great_Lakes
2018-10-28,1.57,83028.33,29059.91,29059.91,4151.42,20757.08,organic,Great_Lakes
2018-10-28,1.07,1639934.48,573977.07,573977.07,81996.72,409983.62,conventional,MidSouth
2018-10-28,1.82,47680.82,16688.29,16688.29,2384.04,11920.21,organic,MidSouth
2018-10-28,1.19,2394190.15,837966.55,837966.55,119709.51,598547.54,conventional,SouthCentral
2018-10-28,1.67,118509.23,41478.23,41478.23,5925.46,29627.31,organic,SouthCentral
2018-11-04,1.13,2359117.01,825690.95,825690.95,117955.85,589779.25,conventional,California
2018-11-04,1.62,118866.16,41603.15,41603.15,5943.31,29716.54,organic,California
2018-11-04,1.19,2419171.88,846710.16,846710.16,120958.59,604792.97,conventional,West
2018-11-04,1.46,129329.55,45265.34,45265.34,6466.48,32332.39,organic,West
2018-11-04,1.24,1985594.85,694958.2,694958.2,99279.74,496398.71,conventional,Northeast
2018-11-04,1.75,106893.14,37412.6,37412.6,5344.66,26723.29,organic,Northeast
2018-11-04,1.25,1755928.47,614574.97,614574.97,87796.42,438982.12,conventional,Southeast
2018-11-04,1.57,72616.25,25415.69,25415.69,3630.81,18154.06,organic,Southeast
2018-11-04,1.13,1849955.89,647484.56,647484.56,92497.79,462488.97,conventional,Great_Lakes
2018-11-04,1.71,78309.69,27408.39,27408.39,3915.48,19577.42,organic,Great_Lakes
2018-11-04,1.12,1395775.34,488521.37,488521.37,69788.77,348943.83,conventional,MidSouth
2018-11-04,1.51,83738.75,29308.56,29308.56,4186.94,20934.69,organic,MidSouth
2018-11-04,1.32,2266992.87,793447.51,793447.51,113349.64,566748.22,conventional,SouthCentral
2018-11-04,1.7,128620.29,45017.1,45017.1,6431.01,32155.07,organic,SouthCentral
2018-11-11,1.07,2629242.72,920234.95,920234.95,131462.14,657310.68,conventional,California
2018-11-11,1.54,126790.0,44376.5,44376.5,6339.5,31697.5,organic,California
2018-11-11,1.17,2504310.69,876508.74,876508.74,125215.53,626077.67,conventional,West
2018-11-11,1.53,133949.21,46882.22,46882.22,6697.46,33487.3,organic,West
2018-11-11,1.36,1629176.9,570211.92,570211.92,81458.85,407294.23,conventional,Northeast
2018-11-11,1.6,104872.33,36705.32,36705.32,5243.62,26218.08,organic,Northeast
2018-11-11,1.23,1709464.26,598312.49,598312.49,85473.21,427366.06,conventional,Southeast
2018-11-11,1.23,156304.78,54706.67,54706.67,7815.24,39076.2,organic,Southeast
2018-11-11,1.23,1496791.39,523876.99,523876.99,74839.57,374197.85,conventional,Great_Lakes
2018-11-11,1.56,106742.07,37359.73,37359.73,5337.1,26685.52,organic,Great_Lakes
2018-11-11,1.29,1443904.92,505366.72,505366.72,72195.25,360976.23,conventional,MidSouth
2018-11-11,1.62,72136.33,25247.71,25247.71,3606.82,18034.08,organic,MidSouth
2018-11-11,1.14,3018230.94,1056380.83,1056380.83,150911.55,754557.73,conventional,SouthCentral
2018-11-11,1.52,127681.83,44688.64,44688.64,6384.09,31920.46,organic,SouthCentral
2018-11-18,1.25,2089960.89,731486.31,731486.31,104498.04,522490.22,conventional,California
2018-11-18,1.86,82045.05,28715.77,28715.77,4102.25,20511.26,organic,California
2018-11-18,1.14,2322541.82,812889.64,812889.64,116127.09,580635.45,conventional,West
2018-11-18,1.65,96273.65,33695.78,33695.78,4813.68,24068.41,organic,West
2018-11-18,1.1,2046672.57,716335.4,716335.4,102333.63,511668.14,conventional,Northeast
2018-11-18,1.75,95815.02,33535.26,33535.26,4790.75,23953.75,organic,Northeast
2018-11-18,0.98,2648939.71,927128.9,927128.9,132446.99,662234.93,conventional,Southeast
2018-11-18,2.02,64514.44,22580.06,22580.06,3225.72,16128.61,organic,Southeast
2018-11-18,1.09,2510433.32,878651.66,878651.66,125521.67,627608.33,conventional,Great_Lakes
2018-11-18,1.45,101694.35,35593.02,35593.02,5084.72,25423.59,organic,Great_Lakes
2018-11-18,1.17,1696762.07,593866.72,593866.72,84838.1,424190.52,conventional,MidSouth
2018-11-18,1.7,63301.92,22155.67,22155.67,3165.1,15825.48,organic,MidSouth
2018-11-18,1.05,2946653.32,1031328.66,1031328.66,147332.67,736663.33,conventional,SouthCentral
2018-11-18,1.5,141804.93,49631.73,49631.73,7090.25,35451.23,organic,SouthCentral
2018-11-25,1.09,2201868.66,770654.03,770654.03,110093.43,550467.16,conventional,California
2018-11-25,1.84,84747.08,29661.48,29661.48,4237.35,21186.77,organic,California
2018-11-25,1.02,2837934.61,993277.11,993277.11,141896.73,709483.65,conventional,West
2018-11-25,1.66,92954.65,32534.13,32534.13,4647.73,23238.66,organic,West
2018-11-25,1.18,1930239.72,675583.9,675583.9,96511.99,482559.93,conventional,Northeast
2018-11-25,1.91,82934.86,29027.2,29027.2,4146.74,20733.72,organic,Northeast
2018-11-25,1.11,1912200.14,669270.05,669270.05,95610.01,478050.04,conventional,Southeast
2018-11-25,1.63,94146.73,32951.35,32951.35,4707.34,23536.68,organic,Southeast
2018-11-25,1.15,1837133.07,642996.57,642996.57,91856.65,459283.27,conventional,Great_Lakes
2018-11-25,1.66,78260.77,27391.27,27391.27,3913.04,19565.19,organic,Great_Lakes
2018-11-25,1.12,1365461.96,477911.69,477911.69,68273.1,341365.49,conventional,MidSouth
2018-11-25,1.8,63351.58,22173.05,22173.05,3167.58,15837.9,organic,MidSouth
2018-11-25,1.07,3452262.46,1208291.86,1208291.86,172613.12,863065.62,conventional,SouthCentral
2018-11-25,1.66,108878.39,38107.44,38107.44,5443.92,27219.6,organic,SouthCentral
2018-12-02,1.24,2377229.41,832030.29,832030.29,118861.47,594307.35,conventional,California
2018-12-02,1.71,102928.71,36025.05,36025.05,5146.44,25732.18,organic,California
2018-12-02,1.2,2507974.77,877791.17,877791.17,125398.74,626993.69,conventional,West
2018-12-02,1.73,92718.07,32451.33,32451.33,4635.9,23179.52,organic,West
2018-12-02,1.11,2831374.31,990981.01,990981.01,141568.72,707843.58,conventional,Northeast
2018-12-02,1.53,110888.52,38810.98,38810.98,5544.43,27722.13,organic,Northeast
2018-12-02,1.11,2001844.44,700645.55,700645.55,100092.22,500461.11,conventional,Southeast
2018-12-02,1.32,129053.01,45168.55,45168.55,6452.65,32263.25,organic,Southeast
2018-12-02,1.16,1977602.25,692160.79,692160.79,98880.11,494400.56,conventional,Great_Lakes
2018-12-02,1.63,92807.17,32482.51,32482.51,4640.36,23201.79,organic,Great_Lakes
2018-12-02,1.25,1486909.77,520418.42,520418.42,74345.49,371727.44,conventional,MidSouth
2018-12-02,1.56,79543.11,27840.09,27840.09,3977.16,19885.78,organic,MidSouth
2018-12-02,1.21,3094372.35,1083030.32,1083030.32,154718.62,773593.09,conventional,SouthCentral
2018-12-02,1.56,145724.66,51003.63,51003.63,7286.23,36431.16,organic,SouthCentral
2018-12-09,1.18,2243991.73,785397.1,785397.1,112199.59,560997.93,conventional,California
2018-12-09,1.65,97526.78,34134.37,34134.37,4876.34,24381.7,organic,California
2018-12-09,0.97,3409557.5,1193345.13,1193345.13,170477.88,852389.38,conventional,West
2018-12-09,1.59,129998.68,45499.54,45499.54,6499.93,32499.67,organic,West
2018-12-09,1.15,2178750.63,762562.72,762562.72,108937.53,544687.66,conventional,Northeast
2018-12-09,1.64,94005.83,32902.04,32902.04,4700.29,23501.46,organic,Northeast
2018-12-09,1.29,1632945.45,571530.91,571530.91,81647.27,408236.36,conventional,Southeast
2018-12-09,1.62,87344.99,30570.75,30570.75,4367.25,21836.25,organic,Southeast
2018-12-09,1.21,1847324.14,646563.45,646563.45,92366.21,461831.04,conventional,Great_Lakes
2018-12-09,1.57,106070.26,37124.59,37124.59,5303.51,26517.56,organic,Great_Lakes
2018-12-09,1.15,1744697.9,610644.26,610644.26,87234.89,436174.47,conventional,MidSouth
2018-12-09,1.5,75467.04,26413.46,26413.46,3773.35,18866.76,organic,MidSouth
2018-12-09,1.16,2831916.74,991170.86,991170.86,141595.84,707979.18,conventional,SouthCentral
2018-12-09,1.74,120609.34,42213.27,42213.27,6030.47,30152.33,organic,SouthCentral
2018-12-16,1.17,2163970.83,757389.79,757389.79,108198.54,540992.71,conventional,California
2018-12-16,1.93,87829.63,30740.37,30740.37,4391.48,21957.41,organic,California
2018-12-16,1.22,2334848.87,817197.1,817197.1,116742.44,583712.22,conventional,West
2018-12-16,1.7,101728.34,35604.92,35604.92,5086.42,25432.09,organic,West
2018-12-16,1.2,2177641.64,762174.58,762174.58,108882.08,544410.41,conventional,Northeast
2018-12-16,1.65,112877.74,39507.21,39507.21,5643.89,28219.43,organic,Northeast
2018-12-16,1.03,2289968.84,801489.09,801489.09,114498.44,572492.21,conventional,Southeast
2018-12-16,1.72,109494.65,38323.13,38323.13,5474.73,27373.66,organic,Southeast
2018-12-16,1.14,2145037.39,750763.09,750763.09,107251.87,536259.35,conventional,Great_Lakes
2018-12-16,1.63,111632.86,39071.5,39071.5,5581.64,27908.21,organic,Great_Lakes
2018-12-16,0.98,2079251.51,727738.03,727738.03,103962.58,519812.88,conventional,MidSouth
2018-12-16,1.41,74680.11,26138.04,26138.04,3734.01,18670.03,organic,MidSouth
2018-12-16,1.18,2878584.34,1007504.52,1007504.52,143929.22,719646.08,conventional,SouthCentral
2018-12-16,1.61,135959.96,47585.98,47585.98,6798.0,33989.99,organic,SouthCentral
2018-12-23,1.46,1831359.04,640975.67,640975.67,91567.95,457839.76,conventional,California
2018-12-23,1.73,99140.88,34699.31,34699.31,4957.04,24785.22,organic,California
2018-12-23,1.18,2554110.94,893938.83,893938.83,127705.55,638527.73,conventional,West
2018-12-23,1.59,153385.67,53684.98,53684.98,7669.28,38346.42,organic,West
2018-12-23,1.27,2104411.0,736543.85,736543.85,105220.55,526102.75,conventional,Northeast
2018-12-23,1.3,145033.82,50761.84,50761.84,7251.69,36258.45,organic,Northeast
2018-12-23,1.42,1582886.73,554010.36,554010.36,79144.34,395721.68,conventional,Southeast
2018-12-23,1.82,94441.88,33054.66,33054.66,4722.09,23610.47,organic,Southeast
2018-12-23,1.17,1840144.13,644050.45,644050.45,92007.21,460036.03,conventional,Great_Lakes
2018-12-23,1.28,141191.93,49417.18,49417.18,7059.6,35297.98,organic,Great_Lakes
2018-12-23,1.07,1867108.41,653487.94,653487.94,93355.42,466777.1,conventional,MidSouth
2018-12-23,1.46,88093.74,30832.81,30832.81,4404.69,22023.43,organic,MidSouth
2018-12-23,1.15,2991839.08,1047143.68,1047143.68,149591.95,747959.77,conventional,SouthCentral
2018-12-23,1.48,174793.63,61177.77,61177.77,8739.68,43698.41,organic,SouthCentral
2018-12-30,1.09,2355084.39,824279.54,824279.54,117754.22,588771.1,conventional,California
2018-12-30,1.63,115336.57,40367.8,40367.8,5766.83,28834.14,organic,California
2018-12-30,1.17,2944927.96,1030724.79,1030724.79,147246.4,736231.99,conventional,West
2018-12-30,1.61,123303.3,43156.15,43156.15,6165.16,30825.82,organic,West
2018-12-30,1.04,2848010.28,996803.6,996803.6,142400.51,712002.57,conventional,Northeast
2018-12-30,1.68,98845.25,34595.84,34595.84,4942.26,24711.31,organic,Northeast
2018-12-30,0.96,2954944.98,1034230.74,1034230.74,147747.25,738736.25,conventional,Southeast
2018-12-30,1.47,106222.79,37177.98,37177.98,5311.14,26555.7,organic,Southeast
2018-12-30,1.19,1762416.22,616845.68,616845.68,88120.81,440604.06,conventional,Great_Lakes
2018-12-30,1.43,91178.44,31912.45,31912.45,4558.92,22794.61,organic,Great_Lakes
2018-12-30,1.22,1490064.23,521522.48,521522.48,74503.21,372516.06,conventional,MidSouth
2018-12-30,2.09,47973.32,16790.66,16790.66,2398.67,11993.33,organic,MidSouth
2018-12-30,1.06,3118111.59,1091339.06,1091339.06,155905.58,779527.9,conventional,SouthCentral
2018-12-30,1.69,121974.59,42691.11,42691.11,6098.73,30493.65,organic,SouthCentral
2019-01-06,1.21,2346904.18,821416.46,821416.46,117345.21,586726.04,conventional,California
2019-01-06,1.44,124374.84,43531.19,43531.19,6218.74,31093.71,organic,California
2019-01-06,0.93,3625208.88,1268823.11,1268823.11,181260.44,906302.22,conventional,West
2019-01-06,1.6,127078.65,44477.53,44477.53,6353.93,31769.66,organic,West
2019-01-06,1.27,2452594.47,858408.06,858408.06,122629.72,613148.62,conventional,Northeast
2019-01-06,1.6,99462.02,34811.71,34811.71,4973.1,24865.5,organic,Northeast
2019-01-06,1.09,2291235.43,801932.4,801932.4,114561.77,572808.86,conventional,Southeast
2019-01-06,1.55,103762.1,36316.73,36316.73,5188.1,25940.52,organic,Southeast
2019-01-06,1.08,2259831.16,790940.9,790940.9,112991.56,564957.79,conventional,Great_Lakes
2019-01-06,1.55,108717.68,38051.19,38051.19,5435.88,27179.42,organic,Great_Lakes
2019-01-06,1.19,1615015.41,565255.39,565255.39,80750.77,403753.85,conventional,MidSouth
2019-01-06,1.84,62446.0,21856.1,21856.1,3122.3,15611.5,organic,MidSouth
2019-01-06,0.99,3936761.26,1377866.44,1377866.44,196838.06,984190.32,conventional,SouthCentral
2019-01-06,1.53,164662.84,57632.0,57632.0,8233.14,41165.71,organic,SouthCentral
2019-01-13,0.91,4058128.09,1420344.83,1420344.83,202906.4,1014532.02,conventional,California
2019-01-13,1.75,95848.13,33546.85,33546.85,4792.41,23962.03,organic,California
2019-01-13,1.0,3922003.79,1372701.33,1372701.33,196100.19,980500.95,conventional,West
2019-01-13,1.54,132554.96,46394.24,46394.24,6627.75,33138.74,organic,West
2019-01-13,0.92,3233292.07,1131652.23,1131652.23,161664.6,808323.02,conventional,Northeast
2019-01-13,1.62,125930.69,44075.74,44075.74,6296.53,31482.67,organic,Northeast
2019-01-13,1.01,2350049.72,822517.4,822517.4,117502.49,587512.43,conventional,Southeast
2019-01-13,1.72,105623.44,36968.2,36968.2,5281.17,26405.86,organic,Southeast
2019-01-13,0.99,2838388.22,993435.88,993435.88,141919.41,709597.05,conventional,Great_Lakes
2019-01-13,1.66,108063.93,37822.38,37822.38,5403.2,27015.98,organic,Great_Lakes
2019-01-13,1.14,1486819.43,520386.8,520386.8,74340.97,371704.86,conventional,MidSouth
2019-01-13,1.63,92131.16,32245.91,32245.91,4606.56,23032.79,organic,MidSouth
2019-01-13,1.06,3388790.31,1186076.61,1186076.61,169439.52,847197.58,conventional,SouthCentral
2019-01-13,1.62,108875.88,38106.56,38106.56,5443.79,27218.97,organic,SouthCentral
2019-01-20,1.32,2126546.86,744291.4,744291.4,106327.34,531636.72,conventional,California
2019-01-20,1.73,112809.55,39483.34,39483.34,5640.48,28202.39,organic,California
2019-01-20,1.28,2620922.87,917323.0,917323.0,131046.14,655230.72,conventional,West
2019-01-20,1.61,122653.81,42928.83,42928.83,6132.69,30663.45,organic,West
2019-01-20,1.23,2000736.79,700257.88,700257.88,100036.84,500184.2,conventional,Northeast
2019-01-20,1.75,93439.31,32703.76,32703.76,4671.97,23359.83,organic,Northeast
2019-01-20,1.28,2008943.1,703130.09,703130.09,100447.16,502235.78,conventional,Southeast
2019-01-20,1.75,93907.89,32867.76,32867.76,4695.39,23476.97,organic,Southeast
2019-01-20,0.97,2486517.45,870281.11,870281.11,124325.87,621629.36,conventional,Great_Lakes
2019-01-20,1.75,90588.05,31705.82,31705.82,4529.4,22647.01,organic,Great_Lakes
2019-01-20,1.27,1650092.18,577532.26,577532.26,82504.61,412523.05,conventional,MidSouth
2019-01-20,1.5,86030.68,30110.74,30110.74,4301.53,21507.67,organic,MidSouth
2019-01-20,1.16,2596386.74,908735.36,908735.36,129819.34,649096.69,conventional,SouthCentral
2019-01-20,1.9,120025.23,42008.83,42008.83,6001.26,30006.31,organic,SouthCentral
2019-01-27,1.27,2102349.34,735822.27,735822.27,105117.47,525587.33,conventional,California
2019-01-27,1.84,129562.86,45347.0,45347.0,6478.14,32390.72,organic,California
2019-01-27,1.02,3578671.26,1252534.94,1252534.94,178933.56,894667.81,conventional,West
2019-01-27,1.65,111245.61,38935.96,38935.96,5562.28,27811.4,organic,West
2019-01-27,1.2,2563741.88,897309.66,897309.66,128187.09,640935.47,conventional,Northeast
2019-01-27,1.56,138891.37,48611.98,48611.98,6944.57,34722.84,organic,Northeast
2019-01-27,0.98,2435256.52,852339.78,852339.78,121762.83,608814.13,conventional,Southeast
2019-01-27,1.67,99833.26,34941.64,34941.64,4991.66,24958.32,organic,Southeast
2019-01-27,1.08,2504966.48,876738.27,876738.27,125248.32,626241.62,conventional,Great_Lakes
2019-01-27,1.73,98865.97,34603.09,34603.09,4943.3,24716.49,organic,Great_Lakes
2019-01-27,1.14,1920198.19,672069.37,672069.37,96009.91,480049.55,conventional,MidSouth
2019-01-27,1.58,106032.88,37111.51,37111.51,5301.64,26508.22,organic,MidSouth
2019-01-27,1.07,4097596.58,1434158.8,1434158.8,204879.83,1024399.14,conventional,SouthCentral
2019-01-27,1.66,123179.95,43112.98,43112.98,6159.0,30794.99,organic,SouthCentral
2019-02-03,1.29,2498301.38,874405.48,874405.48,124915.07,624575.34,conventional,California
2019-02-03,1.78,129308.74,45258.06,45258.06,6465.44,32327.19,organic,California
2019-02-03,1.18,2792666.12,977433.14,977433.14,139633.31,698166.53,conventional,West
2019-02-03,1.8,120150.41,42052.64,42052.64,6007.52,30037.6,organic,West
2019-02-03,1.22,2079941.44,727979.5,727979.5,103997.07,519985.36,conventional,Northeast
2019-02-03,1.72,105531.64,36936.07,36936.07,5276.58,26382.91,organic,Northeast
2019-02-03,1.32,2107831.78,737741.12,737741.12,105391.59,526957.95,conventional,Southeast
2019-02-03,1.69,108371.11,37929.89,37929.89,5418.56,27092.78,organic,Southeast
2019-02-03,1.05,2904579.05,1016602.67,1016602.67,145228.95,726144.76,conventional,Great_Lakes
2019-02-03,1.95,82944.46,29030.56,29030.56,4147.22,20736.11,organic,Great_Lakes
2019-02-03,1.31,1542076.58,539726.8,539726.8,77103.83,385519.14,conventional,MidSouth
2019-02-03,1.53,95877.64,33557.17,33557.17,4793.88,23969.41,organic,MidSouth
2019-02-03,1.19,3071819.34,1075136.77,1075136.77,153590.97,767954.84,conventional,SouthCentral
2019-02-03,1.73,143280.22,50148.08,50148.08,7164.01,35820.05,organic,SouthCentral
2019-02-10,1.05,3323634.7,1163272.14,1163272.14,166181.73,830908.67,conventional,California
2019-02-10,1.78,116209.56,40673.34,40673.34,5810.48,29052.39,organic,California
2019-02-10,1.27,2444374.39,855531.04,855531.04,122218.72,611093.6,conventional,West
2019-02-10,1.72,114048.92,39917.12,39917.12,5702.45,28512.23,organic,West
2019-02-10,1.04,2868947.34,1004131.57,1004131.57,143447.37,717236.84,conventional,Northeast
2019-02-10,1.51,129297.43,45254.1,45254.1,6464.87,32324.36,organic,Northeast
2019-02-10,1.13,2596566.09,908798.13,908798.13,129828.3,649141.52,conventional,Southeast
2019-02-10,1.6,95123.0,33293.05,33293.05,4756.15,23780.75,organic,Southeast
2019-02-10,1.26,1892267.23,662293.53,662293.53,94613.36,473066.81,conventional,Great_Lakes
2019-02-10,1.64,107893.8,37762.83,37762.83,5394.69,26973.45,organic,Great_Lakes
2019-02-10,1.17,2027089.43,709481.3,709481.3,101354.47,506772.36,conventional,MidSouth
2019-02-10,1.72,73411.16,25693.91,25693.91,3670.56,18352.79,organic,MidSouth
2019-02-10,1.37,2715256.07,950339.62,950339.62,135762.8,678814.02,conventional,SouthCentral
2019-02-10,1.63,167733.99,58706.9,58706.9,8386.7,41933.5,organic,SouthCentral
2019-02-17,1.17,2860957.26,1001335.04,1001335.04,143047.86,715239.32,conventional,California
2019-02-17,2.02,91631.35,32070.97,32070.97,4581.57,22907.84,organic,California
2019-02-17,1.12,3173809.36,1110833.27,1110833.27,158690.47,793452.34,conventional,West
2019-02-17,1.81,102111.32,35738.96,35738.96,5105.57,25527.83,organic,West
2019-02-17,0.95,3203921.08,1121372.38,1121372.38,160196.05,800980.27,conventional,Northeast
2019-02-17,1.4,145668.56,50984.0,50984.0,7283.43,36417.14,organic,Northeast
2019-02-17,1.2,2093842.77,732844.97,732844.97,104692.14,523460.69,conventional,Southeast
2019-02-17,1.44,132239.73,46283.91,46283.91,6611.99,33059.93,organic,Southeast
2019-02-17,1.24,1816471.2,635764.92,635764.92,90823.56,454117.8,conventional,Great_Lakes
2019-02-17,1.77,99715.33,34900.37,34900.37,4985.77,24928.83,organic,Great_Lakes
2019-02-17,1.25,1893503.1,662726.09,662726.09,94675.16,473375.78,conventional,MidSouth
2019-02-17,1.98,62603.61,21911.26,21911.26,3130.18,15650.9,organic,MidSouth
2019-02-17,1.16,3174100.86,1110935.3,1110935.3,158705.04,793525.21,conventional,SouthCentral
2019-02-17,1.65,173951.58,60883.05,60883.05,8697.58,43487.89,organic,SouthCentral
2019-02-24,1.02,3103828.12,1086339.84,1086339.84,155191.41,775957.03,conventional,California
2019-02-24,1.86,118708.78,41548.07,41548.07,5935.44,29677.19,organic,California
2019-02-24,1.11,3383939.27,1184378.74,1184378.74,169196.96,845984.82,conventional,West
2019-02-24,1.7,151464.63,53012.62,53012.62,7573.23,37866.16,organic,West
2019-02-24,1.16,2860588.35,1001205.92,1001205.92,143029.42,715147.09,conventional,Northeast
2019-02-24,2.05,91793.11,32127.59,32127.59,4589.66,22948.28,organic,Northeast
2019-02-24,1.15,2499688.88,874891.11,874891.11,124984.44,624922.22,conventional,Southeast
2019-02-24,1.6,142414.32,49845.01,49845.01,7120.72,35603.58,organic,Southeast
2019-02-24,1.17,2185059.09,764770.68,764770.68,109252.95,546264.77,conventional,Great_Lakes
2019-02-24,1.52,128599.88,45009.96,45009.96,6429.99,32149.97,organic,Great_Lakes
2019-02-24,1.24,1665148.35,582801.92,582801.92,83257.42,416287.09,conventional,MidSouth
2019-02-24,1.74,67943.14,23780.1,23780.1,3397.16,16985.79,organic,MidSouth
2019-02-24,1.17,3375245.41,1181335.89,1181335.89,168762.27,843811.35,conventional,SouthCentral
2019-02-24,1.91,111302.5,38955.88,38955.88,5565.13,27825.63,organic,SouthCentral
2019-03-03,1.02,3124694.93,1093643.23,1093643.23,156234.75,781173.73,conventional,California
2019-03-03,1.45,180769.61,63269.36,63269.36,9038.48,45192.4,organic,California
2019-03-03,1.3,2707177.61,947512.16,947512.16,135358.88,676794.4,conventional,West
2019-03-03,1.83,120210.61,42073.72,42073.72,6010.53,30052.65,organic,West
2019-03-03,1.14,2660242.1,931084.73,931084.73,133012.1,665060.52,conventional,Northeast
2019-03-03,1.6,108679.11,38037.69,38037.69,5433.96,27169.78,organic,Northeast
2019-03-03,1.18,2339004.08,818651.43,818651.43,116950.2,584751.02,conventional,Southeast
2019-03-03,1.76,99278.01,34747.31,34747.31,4963.9,24819.5,organic,Southeast
2019-03-03,1.13,2200411.29,770143.95,770143.95,110020.56,550102.82,conventional,Great_Lakes
2019-03-03,1.66,111064.5,38872.58,38872.58,5553.23,27766.13,organic,Great_Lakes
2019-03-03,1.04,2216880.5,775908.18,775908.18,110844.03,554220.13,conventional,MidSouth
2019-03-03,1.68,78297.82,27404.24,27404.24,3914.89,19574.45,organic,MidSouth
2019-03-03,1.09,3676127.2,1286644.52,1286644.52,183806.36,919031.8,conventional,SouthCentral
2019-03-03,1.48,185210.7,64823.75,64823.75,9260.54,46302.68,organic,SouthCentral
2019-03-10,1.06,3490408.15,1221642.85,1221642.85,174520.41,872602.04,conventional,California
2019-03-10,2.0,89487.49,31320.62,31320.62,4474.37,22371.87,organic,California
2019-03-10,1.2,2754712.84,964149.49,964149.49,137735.64,688678.21,conventional,West
2019-03-10,1.81,106871.05,37404.87,37404.87,5343.55,26717.76,organic,West
2019-03-10,1.2,2395672.89,838485.51,838485.51,119783.64,598918.22,conventional,Northeast
2019-03-10,1.62,112802.29,39480.8,39480.8,5640.11,28200.57,organic,Northeast
2019-03-10,1.23,2071053.07,724868.57,724868.57,103552.65,517763.27,conventional,Southeast
2019-03-10,1.73,97423.38,34098.18,34098.18,4871.17,24355.85,organic,Southeast
2019-03-10,1.14,2374658.68,831130.54,831130.54,118732.93,593664.67,conventional,Great_Lakes
2019-03-10,1.54,118485.3,41469.85,41469.85,5924.26,29621.32,organic,Great_Lakes
2019-03-10,1.3,1552385.57,543334.95,543334.95,77619.28,388096.39,conventional,MidSouth
2019-03-10,1.83,86638.26,30323.39,30323.39,4331.91,21659.57,organic,MidSouth
2019-03-10,1.07,3298394.79,1154438.18,1154438.18,164919.74,824598.7,conventional,SouthCentral
2019-03-10,1.7,138106.68,48337.34,48337.34,6905.33,34526.67,organic,SouthCentral
2019-03-17,1.34,2406694.09,842342.93,842342.93,120334.7,601673.52,conventional,California
2019-03-17,1.53,130074.43,45526.05,45526.05,6503.72,32518.61,organic,California
2019-03-17,1.26,2636178.36,922662.43,922662.43,131808.92,659044.59,conventional,West
2019-03-17,1.66,151925.76,53174.01,53174.01,7596.29,37981.44,organic,West
2019-03-17,1.1,2842778.12,994972.34,994972.34,142138.91,710694.53,conventional,Northeast
2019-03-17,1.65,130430.24,45650.58,45650.58,6521.51,32607.56,organic,Northeast
2019-03-17,1.21,2228045.3,779815.86,779815.86,111402.27,557011.33,conventional,Southeast
2019-03-17,1.66,103656.66,36279.83,36279.83,5182.83,25914.16,organic,Southeast
2019-03-17,1.0,2809603.66,983361.28,983361.28,140480.18,702400.91,conventional,Great_Lakes
2019-03-17,1.93,75161.01,26306.35,26306.35,3758.05,18790.25,organic,Great_Lakes
2019-03-17,1.07,1965075.8,687776.53,687776.53,98253.79,491268.95,conventional,MidSouth
2019-03-17,1.76,82510.99,28878.85,28878.85,4125.55,20627.75,organic,MidSouth
2019-03-17,1.13,3195466.86,1118413.4,1118413.4,159773.34,798866.72,conventional,SouthCentral
2019-03-17,1.66,128301.4,44905.49,44905.49,6415.07,32075.35,organic,SouthCentral
2019-03-24,1.16,3058425.76,1070449.02,1070449.02,152921.29,764606.44,conventional,California
2019-03-24,1.46,133902.59,46865.91,46865.91,6695.13,33475.65,organic,California
2019-03-24,1.31,2505282.83,876848.99,876848.99,125264.14,626320.71,conventional,West
2019-03-24,1.82,118032.7,41311.44,41311.44,5901.63,29508.17,organic,West
2019-03-24,1.13,2850461.37,997661.48,997661.48,142523.07,712615.34,conventional,Northeast
2019-03-24,1.52,139652.9,48878.51,48878.51,6982.64,34913.22,organic,Northeast
2019-03-24,1.11,2265692.36,792992.33,792992.33,113284.62,566423.09,conventional,Southeast
2019-03-24,1.7,101013.8,35354.83,35354.83,5050.69,25253.45,organic,Southeast
2019-03-24,1.13,2140203.44,749071.2,749071.2,107010.17,535050.86,conventional,Great_Lakes
2019-03-24,1.89,92859.5,32500.83,32500.83,4642.98,23214.88,organic,Great_Lakes
2019-03-24,1.25,1704264.55,596492.59,596492.59,85213.23,426066.14,conventional,MidSouth
2019-03-24,1.39,136401.15,47740.4,47740.4,6820.06,34100.29,organic,MidSouth
2019-03-24,1.14,3204567.82,1121598.74,1121598.74,160228.39,801141.96,conventional,SouthCentral
2019-03-24,1.71,161469.21,56514.22,56514.22,8073.46,40367.3,organic,SouthCentral
2019-03-31,1.15,3217053.33,1125968.67,1125968.67,160852.67,804263.33,conventional,California
2019-03-31,1.81,101569.52,35549.33,35549.33,5078.48,25392.38,organic,California
2019-03-31,1.08,3597663.28,1259182.15,1259182.15,179883.16,899415.82,conventional,West
2019-03-31,1.24,209258.77,73240.57,73240.57,10462.94,52314.69,organic,West
2019-03-31,1.01,3072958.32,1075535.41,1075535.41,153647.92,768239.58,conventional,Northeast
2019-03-31,1.61,122208.98,42773.14,42773.14,6110.45,30552.24,organic,Northeast
2019-03-31,1.09,2351601.04,823060.36,823060.36,117580.05,587900.26,conventional,Southeast
2019-03-31,1.99,98471.97,34465.19,34465.19,4923.6,24617.99,organic,Southeast
2019-03-31,1.03,3004936.12,1051727.64,1051727.64,150246.81,751234.03,conventional,Great_Lakes
2019-03-31,1.59,111552.95,39043.53,39043.53,5577.65,27888.24,organic,Great_Lakes
2019-03-31,1.14,1844712.43,645649.35,645649.35,92235.62,461178.11,conventional,MidSouth
2019-03-31,1.8,77313.16,27059.61,27059.61,3865.66,19328.29,organic,MidSouth
2019-03-31,1.1,3210280.3,1123598.11,1123598.11,160514.02,802570.08,conventional,SouthCentral
2019-03-31,1.52,146399.54,51239.84,51239.84,7319.98,36599.88,organic,SouthCentral
2019-04-07,1.15,2583076.62,904076.82,904076.82,129153.83,645769.16,conventional,California
2019-04-07,1.61,152212.23,53274.28,53274.28,7610.61,38053.06,organic,California
2019-04-07,1.27,2675132.68,936296.44,936296.44,133756.63,668783.17,conventional,West
2019-04-07,1.64,166676.85,58336.9,58336.9,8333.84,41669.21,organic,West
2019-04-07,1.2,2448474.63,856966.12,856966.12,122423.73,612118.66,conventional,Northeast
2019-04-07,1.44,152974.63,53541.12,53541.12,7648.73,38243.66,organic,Northeast
2019-04-07,1.23,2067100.48,723485.17,723485.17,103355.02,516775.12,conventional,Southeast
2019-04-07,1.69,98863.16,34602.11,34602.11,4943.16,24715.79,organic,Southeast
2019-04-07,1.13,1904155.03,666454.26,666454.26,95207.75,476038.76,conventional,Great_Lakes
2019-04-07,1.62,116274.51,40696.08,40696.08,5813.73,29068.63,organic,Great_Lakes
2019-04-07,1.09,2044935.16,715727.31,715727.31,102246.76,511233.79,conventional,MidSouth
2019-04-07,1.54,98394.51,34438.08,34438.08,4919.73,24598.63,organic,MidSouth
2019-04-07,1.13,3154447.1,1104056.49,1104056.49,157722.36,788611.78,conventional,SouthCentral
2019-04-07,1.85,137983.2,48294.12,48294.12,6899.16,34495.8,organic,SouthCentral
2019-04-14,1.09,3168976.19,1109141.67,1109141.67,158448.81,792244.05,conventional,California
2019-04-14,1.73,127012.95,44454.53,44454.53,6350.65,31753.24,organic,California
2019-04-14,0.98,4016186.3,1405665.21,1405665.21,200809.32,1004046.58,conventional,West
2019-04-14,1.56,142612.97,49914.54,49914.54,7130.65,35653.24,organic,West
2019-04-14,1.41,2102360.7,735826.24,735826.24,105118.03,525590.17,conventional,Northeast
2019-04-14,1.59,101059.94,35370.98,35370.98,5053.0,25264.99,organic,Northeast
2019-04-14,1.29,1846876.68,646406.84,646406.84,92343.83,461719.17,conventional,Southeast
2019-04-14,1.5,119060.64,41671.22,41671.22,5953.03,29765.16,organic,Southeast
2019-04-14,1.29,2095031.08,733260.88,733260.88,104751.55,523757.77,conventional,Great_Lakes
2019-04-14,1.63,107875.02,37756.26,37756.26,5393.75,26968.76,organic,Great_Lakes
2019-04-14,1.09,2051916.21,718170.67,718170.67,102595.81,512979.05,conventional,MidSouth
2019-04-14,1.66,93042.2,32564.77,32564.77,4652.11,23260.55,organic,MidSouth
2019-04-14,1.25,3122927.08,1093024.48,1093024.48,156146.35,780731.77,conventional,SouthCentral
2019-04-14,1.6,169048.32,59166.91,59166.91,8452.42,42262.08,organic,SouthCentral
2019-04-21,1.14,2636694.31,922843.01,922843.01,131834.72,659173.58,conventional,California
2019-04-21,1.59,136467.76,47763.72,47763.72,6823.39,34116.94,organic,California
2019-04-21,1.24,2720137.54,952048.14,952048.14,136006.88,680034.38,conventional,West
2019-04-21,1.47,163448.69,57207.04,57207.04,8172.43,40862.17,organic,West
2019-04-21,1.16,2663509.9,932228.46,932228.46,133175.49,665877.47,conventional,Northeast
2019-04-21,1.79,117218.6,41026.51,41026.51,5860.93,29304.65,organic,Northeast
2019-04-21,1.09,2412698.73,844444.56,844444.56,120634.94,603174.68,conventional,Southeast
2019-04-21,1.49,132711.25,46448.94,46448.94,6635.56,33177.81,organic,Southeast
2019-04-21,1.29,1914334.83,670017.19,670017.19,95716.74,478583.71,conventional,Great_Lakes
2019-04-21,1.61,122539.35,42888.77,42888.77,6126.97,30634.84,organic,Great_Lakes
2019-04-21,1.2,1862086.79,651730.38,651730.38,93104.34,465521.7,conventional,MidSouth
2019-04-21,1.47,108407.34,37942.57,37942.57,5420.37,27101.84,organic,MidSouth
2019-04-21,1.06,3369547.1,1179341.49,1179341.49,168477.36,842386.78,conventional,SouthCentral
2019-04-21,1.6,147706.67,51697.33,51697.33,7385.33,36926.67,organic,SouthCentral
2019-04-28,1.13,2598893.7,909612.8,909612.8,129944.69,649723.43,conventional,California
2019-04-28,1.79,126345.08,44220.78,44220.78,6317.25,31586.27,organic,California
2019-04-28,0.96,4140295.11,1449103.29,1449103.29,207014.76,1035073.78,conventional,West
2019-04-28,1.53,166776.57,58371.8,58371.8,8338.83,41694.14,organic,West
2019-04-28,1.14,2682672.78,938935.47,938935.47,134133.64,670668.2,conventional,Northeast
2019-04-28,1.62,138280.46,48398.16,48398.16,6914.02,34570.11,organic,Northeast
2019-04-28,1.03,2871732.74,1005106.46,1005106.46,143586.64,717933.18,conventional,Southeast
2019-04-28,1.82,99264.78,34742.67,34742.67,4963.24,24816.19,organic,Southeast
2019-04-28,1.38,1734026.06,606909.12,606909.12,86701.3,433506.52,conventional,Great_Lakes
2019-04-28,1.79,89361.08,31276.38,31276.38,4468.05,22340.27,organic,Great_Lakes
2019-04-28,1.27,1669642.88,584375.01,584375.01,83482.14,417410.72,conventional,MidSouth
2019-04-28,1.59,102575.37,35901.38,35901.38,5128.77,25643.84,organic,MidSouth
2019-04-28,1.1,3132342.68,1096319.94,1096319.94,156617.13,783085.67,conventional,SouthCentral
2019-04-28,1.57,170690.35,59741.62,59741.62,8534.52,42672.59,organic,SouthCentral
2019-05-05,1.29,2368583.75,829004.31,829004.31,118429.19,592145.94,conventional,California
2019-05-05,1.85,89676.22,31386.68,31386.68,4483.81,22419.06,organic,California
2019-05-05,1.11,2964821.93,1037687.68,1037687.68,148241.1,741205.48,conventional,West
2019-05-05,1.63,133013.19,46554.62,46554.62,6650.66,33253.3,organic,West
2019-05-05,1.22,2267603.53,793661.24,793661.24,113380.18,566900.88,conventional,Northeast
2019-05-05,1.67,110991.3,38846.96,38846.96,5549.57,27747.83,organic,Northeast
2019-05-05,1.06,2483673.5,869285.72,869285.72,124183.67,620918.37,conventional,Southeast
2019-05-05,1.63,101767.01,35618.45,35618.45,5088.35,25441.75,organic,Southeast
2019-05-05,1.15,2172097.95,760234.28,760234.28,108604.9,543024.49,conventional,Great_Lakes
2019-05-05,1.59,117455.97,41109.59,41109.59,5872.8,29363.99,organic,Great_Lakes
2019-05-05,1.03,1948662.81,682031.98,682031.98,97433.14,487165.7,conventional,MidSouth
2019-05-05,2.07,52172.31,18260.31,18260.31,2608.62,13043.08,organic,MidSouth
2019-05-05,1.01,3918439.5,1371453.83,1371453.83,195921.98,979609.88,conventional,SouthCentral
2019-05-05,1.34,189869.06,66454.17,66454.17,9493.45,47467.27,organic,SouthCentral
2019-05-12,1.36,1932428.36,676349.93,676349.93,96621.42,483107.09,conventional,California
2019-05-12,1.35,141158.26,49405.39,49405.39,7057.91,35289.56,organic,California
2019-05-12,1.24,2876947.29,1006931.55,1006931.55,143847.36,719236.82,conventional,West
2019-05-12,1.57,149341.54,52269.54,52269.54,7467.08,37335.39,organic,West
2019-05-12,1.29,2528356.85,884924.9,884924.9,126417.84,632089.21,conventional,Northeast
2019-05-12,1.61,93375.56,32681.45,32681.45,4668.78,23343.89,organic,Northeast
2019-05-12,1.07,2392491.42,837372.0,837372.0,119624.57,598122.85,conventional,Southeast
2019-05-12,1.61,103174.45,36111.06,36111.06,5158.72,25793.61,organic,Southeast
2019-05-12,1.26,2136098.35,747634.42,747634.42,106804.92,534024.59,conventional,Great_Lakes
2019-05-12,1.62,111285.2,38949.82,38949.82,5564.26,27821.3,organic,Great_Lakes
2019-05-12,1.19,1746549.19,611292.22,611292.22,87327.46,436637.3,conventional,MidSouth
2019-05-12,1.79,72585.66,25404.98,25404.98,3629.28,18146.42,organic,MidSouth
2019-05-12,1.36,2292260.71,802291.25,802291.25,114613.04,573065.18,conventional,SouthCentral
2019-05-12,1.57,150692.95,52742.53,52742.53,7534.65,37673.24,organic,SouthCentral
2019-05-19,1.19,2859911.9,1000969.16,1000969.16,142995.59,714977.97,conventional,California
2019-05-19,1.65,105943.34,37080.17,37080.17,5297.17,26485.84,organic,California
2019-05-19,1.23,2808884.4,983109.54,983109.54,140444.22,702221.1,conventional,West
2019-05-19,1.36,173695.15,60793.3,60793.3,8684.76,43423.79,organic,West
2019-05-19,0.99,2886621.57,1010317.55,1010317.55,144331.08,721655.39,conventional,Northeast
2019-05-19,1.51,140076.3,49026.7,49026.7,7003.81,35019.07,organic,Northeast
2019-05-19,1.16,2010587.21,703705.52,703705.52,100529.36,502646.8,conventional,Southeast
2019-05-19,1.78,78307.6,27407.66,27407.66,3915.38,19576.9,organic,Southeast
2019-05-19,1.18,1959304.46,685756.56,685756.56,97965.22,489826.11,conventional,Great_Lakes
2019-05-19,1.6,107747.76,37711.72,37711.72,5387.39,26936.94,organic,Great_Lakes
2019-05-19,1.2,1900830.9,665290.81,665290.81,95041.54,475207.72,conventional,MidSouth
2019-05-19,1.64,84625.46,29618.91,29618.91,4231.27,21156.37,organic,MidSouth
2019-05-19,1.11,3365073.28,1177775.65,1177775.65,168253.66,841268.32,conventional,SouthCentral
2019-05-19,1.72,132602.07,46410.72,46410.72,6630.1,33150.52,organic,SouthCentral
2019-05-26,0.97,3441846.27,1204646.2,1204646.2,172092.31,860461.57,conventional,California
2019-05-26,1.7,108296.45,37903.76,37903.76,5414.82,27074.11,organic,California
2019-05-26,1.02,3769252.21,1319238.27,1319238.27,188462.61,942313.05,conventional,West
2019-05-26,1.72,118850.41,41597.64,41597.64,5942.52,29712.6,organic,West
2019-05-26,1.04,2695619.4,943466.79,943466.79,134780.97,673904.85,conventional,Northeast
2019-05-26,1.85,97387.53,34085.63,34085.63,4869.38,24346.88,organic,Northeast
2019-05-26,1.09,2499299.76,874754.92,874754.92,124964.99,624824.94,conventional,Southeast
2019-05-26,1.53,132282.48,46298.87,46298.87,6614.12,33070.62,organic,Southeast
2019-05-26,1.29,1816193.23,635667.63,635667.63,90809.66,454048.31,conventional,Great_Lakes
2019-05-26,1.56,81868.54,28653.99,28653.99,4093.43,20467.14,organic,Great_Lakes
2019-05-26,1.0,1927087.84,674480.75,674480.75,96354.39,481771.96,conventional,MidSouth
2019-05-26,1.67,77121.76,26992.62,26992.62,3856.09,19280.44,organic,MidSouth
2019-05-26,1.02,3608908.69,1263118.04,1263118.04,180445.43,902227.17,conventional,SouthCentral
2019-05-26,1.73,139960.14,48986.05,48986.05,6998.01,34990.03,organic,SouthCentral
2019-06-02,0.96,3124692.17,1093642.26,1093642.26,156234.61,781173.04,conventional,California
2019-06-02,1.44,151600.14,53060.05,53060.05,7580.01,37900.03,organic,California
2019-06-02,1.23,2302862.92,806002.02,806002.02,115143.15,575715.73,conventional,West
2019-06-02,1.54,128530.22,44985.58,44985.58,6426.51,32132.56,organic,West
2019-06-02,0.92,3171885.93,1110160.07,1110160.07,158594.3,792971.48,conventional,Northeast
2019-06-02,1.61,120925.65,42323.98,42323.98,6046.28,30231.41,organic,Northeast
2019-06-02,1.04,2264929.92,792725.47,792725.47,113246.5,566232.48,conventional,Southeast
2019-06-02,1.42,106448.49,37256.97,37256.97,5322.42,26612.12,organic,Southeast
2019-06-02,1.03,2499306.74,874757.36,874757.36,124965.34,624826.68,conventional,Great_Lakes
2019-06-02,1.55,101202.55,35420.89,35420.89,5060.13,25300.64,organic,Great_Lakes
2019-06-02,1.11,1582451.98,553858.19,553858.19,79122.6,395613.0,conventional,MidSouth
2019-06-02,1.62,82027.02,28709.46,28709.46,4101.35,20506.75,organic,MidSouth
2019-06-02,1.03,3601986.57,1260695.3,1260695.3,180099.33,900496.64,conventional,SouthCentral
2019-06-02,1.52,142013.11,49704.59,49704.59,7100.66,35503.28,organic,SouthCentral
2019-06-09,1.2,2257918.5,790271.47,790271.47,112895.92,564479.62,conventional,California
2019-06-09,1.66,109168.42,38208.95,38208.95,5458.42,27292.1,organic,California
2019-06-09,1.16,2190228.81,766580.08,766580.08,109511.44,547557.2,conventional,West
2019-06-09,1.38,168763.13,59067.1,59067.1,8438.16,42190.78,organic,West
2019-06-09,1.25,1962341.53,686819.54,686819.54,98117.08,490585.38,conventional,Northeast
2019-06-09,1.61,112573.5,39400.72,39400.72,5628.67,28143.37,organic,Northeast
2019-06-09,1.22,1658988.51,580645.98,580645.98,82949.43,414747.13,conventional,Southeast
2019-06-09,1.52,103530.32,36235.61,36235.61,5176.52,25882.58,organic,Southeast
2019-06-09,1.22,2285209.95,799823.48,799823.48,114260.5,571302.49,conventional,Great_Lakes
2019-06-09,1.62,81211.2,28423.92,28423.92,4060.56,20302.8,organic,Great_Lakes
2019-06-09,1.19,1788088.17,625830.86,625830.86,89404.41,447022.04,conventional,MidSouth
2019-06-09,1.67,67944.33,23780.52,23780.52,3397.22,16986.08,organic,MidSouth
2019-06-09,1.25,2804218.41,981476.44,981476.44,140210.92,701054.6,conventional,SouthCentral
2019-06-09,1.5,158959.86,55635.95,55635.95,7947.99,39739.97,organic,SouthCentral
2019-06-16,1.25,2495545.96,873441.09,873441.09,124777.3,623886.49,conventional,California
2019-06-16,1.64,110250.69,38587.74,38587.74,5512.53,27562.67,organic,California
2019-06-16,1.27,2148747.88,752061.76,752061.76,107437.39,537186.97,conventional,West
2019-06-16,1.72,99322.0,34762.7,34762.7,4966.1,24830.5,organic,West
2019-06-16,1.26,2061689.41,721591.29,721591.29,103084.47,515422.35,conventional,Northeast
2019-06-16,1.84,94245.65,32985.98,32985.98,4712.28,23561.41,organic,Northeast
2019-06-16,1.03,2707792.2,947727.27,947727.27,135389.61,676948.05,conventional,Southeast
2019-06-16,1.88,84562.94,29597.03,29597.03,4228.15,21140.74,organic,Southeast
2019-06-16,1.07,2142417.68,749846.19,749846.19,107120.88,535604.42,conventional,Great_Lakes
2019-06-16,1.67,82786.12,28975.14,28975.14,4139.31,20696.53,organic,Great_Lakes
2019-06-16,1.32,1431007.29,500852.55,500852.55,71550.36,357751.82,conventional,MidSouth
2019-06-16,1.24,119224.86,41728.7,41728.7,5961.24,29806.22,organic,MidSouth
2019-06-16,1.12,3035858.6,1062550.51,1062550.51,151792.93,758964.65,conventional,SouthCentral
2019-06-16,1.59,150725.32,52753.86,52753.86,7536.27,37681.33,organic,SouthCentral
2019-06-23,1.26,2294271.27,802994.94,802994.94,114713.56,573567.82,conventional,California
2019-06-23,1.6,118195.57,41368.45,41368.45,5909.78,29548.89,organic,California
2019-06-23,1.15,2514629.3,880120.26,880120.26,125731.47,628657.33,conventional,West
2019-06-23,1.74,117106.2,40987.17,40987.17,5855.31,29276.55,organic,West
2019-06-23,1.3,2221559.72,777545.9,777545.9,111077.99,555389.93,conventional,Northeast
2019-06-23,1.55,126349.93,44222.48,44222.48,6317.5,31587.48,organic,Northeast
2019-06-23,1.05,2472308.44,865307.96,865307.96,123615.42,618077.11,conventional,Southeast
2019-06-23,1.57,91559.08,32045.68,32045.68,4577.95,22889.77,organic,Southeast
2019-06-23,1.18,1578896.13,552613.64,552613.64,78944.81,394724.03,conventional,Great_Lakes
2019-06-23,1.39,115428.24,40399.88,40399.88,5771.41,28857.06,organic,Great_Lakes
2019-06-23,1.16,1616026.17,565609.16,565609.16,80801.31,404006.54,conventional,MidSouth
2019-06-23,1.41,87770.22,30719.58,30719.58,4388.51,21942.55,organic,MidSouth
2019-06-23,1.19,2952899.61,1033514.86,1033514.86,147644.98,738224.9,conventional,SouthCentral
2019-06-23,1.65,148639.5,52023.83,52023.83,7431.98,37159.88,organic,SouthCentral
2019-06-30,1.19,2274243.92,795985.37,795985.37,113712.2,568560.98,conventional,California
2019-06-30,1.61,102302.67,35805.94,35805.94,5115.13,25575.67,organic,California
2019-06-30,1.14,2971973.72,1040190.8,1040190.8,148598.69,742993.43,conventional,West
2019-06-30,1.75,126920.66,44422.23,44422.23,6346.03,31730.16,organic,West
2019-06-30,1.12,2707345.4,947570.89,947570.89,135367.27,676836.35,conventional,Northeast
2019-06-30,1.62,125742.44,44009.85,44009.85,6287.12,31435.61,organic,Northeast
2019-06-30,1.15,2226753.75,779363.81,779363.81,111337.69,556688.44,conventional,Southeast
2019-06-30,1.87,76634.79,26822.18,26822.18,3831.74,19158.7,organic,Southeast
2019-06-30,1.17,2182257.81,763790.23,763790.23,109112.89,545564.45,conventional,Great_Lakes
2019-06-30,1.63,80841.51,28294.53,28294.53,4042.08,20210.38,organic,Great_Lakes
2019-06-30,1.36,1306384.67,457234.64,457234.64,65319.23,326596.17,conventional,MidSouth
2019-06-30,1.67,82940.02,29029.01,29029.01,4147.0,20735.01,organic,MidSouth
2019-06-30,1.09,2901958.54,1015685.49,1015685.49,145097.93,725489.63,conventional,SouthCentral
2019-06-30,1.69,106709.64,37348.37,37348.37,5335.48,26677.41,organic,SouthCentral
2019-07-07,1.12,2452833.64,858491.77,858491.77,122641.68,613208.41,conventional,California
2019-07-07,1.61,93171.34,32609.97,32609.97,4658.57,23292.84,organic,California
2019-07-07,1.31,2130792.68,745777.44,745777.44,106539.63,532698.17,conventional,West
2019-07-07,1.86,90611.75,31714.11,31714.11,4530.59,22652.94,organic,West
2019-07-07,1.06,2454692.15,859142.25,859142.25,122734.61,613673.04,conventional,Northeast
2019-07-07,1.62,89520.12,31332.04,31332.04,4476.01,22380.03,organic,Northeast
2019-07-07,1.3,1589629.52,556370.33,556370.33,79481.48,397407.38,conventional,Southeast
2019-07-07,1.37,131187.39,45915.59,45915.59,6559.37,32796.85,organic,Southeast
2019-07-07,1.1,1878046.36,657316.23,657316.23,93902.32,469511.59,conventional,Great_Lakes
2019-07-07,1.39,129654.08,45378.93,45378.93,6482.7,32413.52,organic,Great_Lakes
2019-07-07,1.02,1810892.53,633812.39,633812.39,90544.63,452723.13,conventional,MidSouth
2019-07-07,1.79,64629.2,22620.22,22620.22,3231.46,16157.3,organic,MidSouth
2019-07-07,1.14,2388025.25,835808.84,835808.84,119401.26,597006.31,conventional,SouthCentral
2019-07-07,1.53,139649.72,48877.4,48877.4,6982.49,34912.43,organic,SouthCentral
2019-07-14,1.07,2587905.17,905766.81,905766.81,129395.26,646976.29,conventional,California
2019-07-14,1.75,105379.36,36882.78,36882.78,5268.97,26344.84,organic,California
2019-07-14,1.03,3411505.2,1194026.82,1194026.82,170575.26,852876.3,conventional,West
2019-07-14,1.77,100959.04,35335.66,35335.66,5047.95,25239.76,organic,West
2019-07-14,1.26,2346768.59,821369.01,821369.01,117338.43,586692.15,conventional,Northeast
2019-07-14,1.43,117949.41,41282.29,41282.29,5897.47,29487.35,organic,Northeast
2019-07-14,0.91,2634439.6,922053.86,922053.86,131721.98,658609.9,conventional,Southeast
2019-07-14,1.7,82786.08,28975.13,28975.13,4139.3,20696.52,organic,Southeast
2019-07-14,1.08,1702492.68,595872.44,595872.44,85124.63,425623.17,conventional,Great_Lakes
2019-07-14,1.71,92187.42,32265.6,32265.6,4609.37,23046.86,organic,Great_Lakes
2019-07-14,1.09,1718821.26,601587.44,601587.44,85941.06,429705.32,conventional,MidSouth
2019-07-14,1.41,92063.1,32222.09,32222.09,4603.16,23015.78,organic,MidSouth
2019-07-14,1.11,2671427.46,934999.61,934999.61,133571.37,667856.86,conventional,SouthCentral
2019-07-14,1.54,130810.24,45783.58,45783.58,6540.51,32702.56,organic,SouthCentral
2019-07-21,1.19,2013919.17,704871.71,704871.71,100695.96,503479.79,conventional,California
2019-07-21,1.59,110224.7,38578.65,38578.65,5511.24,27556.18,organic,California
2019-07-21,1.04,3253661.97,1138781.69,1138781.69,162683.1,813415.49,conventional,West
2019-07-21,1.52,117949.7,41282.4,41282.4,5897.49,29487.43,organic,West
2019-07-21,1.05,2806586.16,982305.16,982305.16,140329.31,701646.54,conventional,Northeast
2019-07-21,1.73,82706.64,28947.32,28947.32,4135.33,20676.66,organic,Northeast
2019-07-21,1.26,1759232.05,615731.22,615731.22,87961.6,439808.01,conventional,Southeast
2019-07-21,1.69,81456.5,28509.77,28509.77,4072.82,20364.12,organic,Southeast
2019-07-21,1.08,2083522.04,729232.71,729232.71,104176.1,520880.51,conventional,Great_Lakes
2019-07-21,1.57,108449.15,37957.2,37957.2,5422.46,27112.29,organic,Great_Lakes
2019-07-21,1.02,2033111.15,711588.9,711588.9,101655.56,508277.79,conventional,MidSouth
2019-07-21,1.63,73055.18,25569.31,25569.31,3652.76,18263.8,organic,MidSouth
2019-07-21,1.23,2368480.51,828968.18,828968.18,118424.03,592120.13,conventional,SouthCentral
2019-07-21,1.78,83217.64,29126.17,29126.17,4160.88,20804.41,organic,SouthCentral
2019-07-28,1.08,2346301.29,821205.45,821205.45,117315.06,586575.32,conventional,California
2019-07-28,1.46,122915.91,43020.57,43020.57,6145.8,30728.98,organic,California
2019-07-28,1.19,2523024.0,883058.4,883058.4,126151.2,630756.0,conventional,West
2019-07-28,1.69,101189.12,35416.19,35416.19,5059.46,25297.28,organic,West
2019-07-28,1.19,2111540.8,739039.28,739039.28,105577.04,527885.2,conventional,Northeast
2019-07-28,1.79,93476.73,32716.86,32716.86,4673.84,23369.18,organic,Northeast
2019-07-28,1.15,1801353.36,630473.68,630473.68,90067.67,450338.34,conventional,Southeast
2019-07-28,1.55,90559.28,31695.75,31695.75,4527.96,22639.82,organic,Southeast
2019-07-28,1.12,1971895.71,690163.5,690163.5,98594.79,492973.93,conventional,Great_Lakes
2019-07-28,1.76,75851.27,26547.95,26547.95,3792.56,18962.82,organic,Great_Lakes
2019-07-28,1.15,1568620.0,549017.0,549017.0,78431.0,392155.0,conventional,MidSouth
2019-07-28,1.57,68413.08,23944.58,23944.58,3420.65,17103.27,organic,MidSouth
2019-07-28,0.97,3163041.61,1107064.56,1107064.56,158152.08,790760.4,conventional,SouthCentral
2019-07-28,1.72,106933.08,37426.58,37426.58,5346.65,26733.27,organic,SouthCentral
2019-08-04,1.13,2335421.63,817397.57,817397.57,116771.08,583855.41,conventional,California
2019-08-04,1.73,82516.42,28880.75,28880.75,4125.82,20629.11,organic,California
2019-08-04,1.25,2306086.58,807130.3,807130.3,115304.33,576521.64,conventional,West
2019-08-04,1.48,113869.11,39854.19,39854.19,5693.46,28467.28,organic,West
2019-08-04,1.27,1787513.79,625629.83,625629.83,89375.69,446878.45,conventional,Northeast
2019-08-04,1.32,112107.01,39237.45,39237.45,5605.35,28026.75,organic,Northeast
2019-08-04,1.13,1710519.24,598681.73,598681.73,85525.96,427629.81,conventional,Southeast
2019-08-04,1.59,87243.69,30535.29,30535.29,4362.18,21810.92,organic,Southeast
2019-08-04,1.3,1475150.81,516302.78,516302.78,73757.54,368787.7,conventional,Great_Lakes
2019-08-04,1.81,79083.12,27679.09,27679.09,3954.16,19770.78,organic,Great_Lakes
2019-08-04,1.29,1290659.2,451730.72,451730.72,64532.96,322664.8,conventional,MidSouth
2019-08-04,1.36,92373.66,32330.78,32330.78,4618.68,23093.41,organic,MidSouth
2019-08-04,1.25,2278155.23,797354.33,797354.33,113907.76,569538.81,conventional,SouthCentral
2019-08-04,1.91,100448.17,35156.86,35156.86,5022.41,25112.04,organic,SouthCentral
2019-08-11,1.21,2251006.91,787852.42,787852.42,112550.35,562751.73,conventional,California
2019-08-11,1.7,73424.61,25698.61,25698.61,3671.23,18356.15,organic,California
2019-08-11,1.1,2719742.41,951909.84,951909.84,135987.12,679935.6,conventional,West
2019-08-11,1.53,115225.82,40329.04,40329.04,5761.29,28806.46,organic,West
2019-08-11,1.05,2657917.96,930271.29,930271.29,132895.9,664479.49,conventional,Northeast
2019-08-11,1.9,68004.38,23801.53,23801.53,3400.22,17001.1,organic,Northeast
2019-08-11,1.16,1702483.87,595869.36,595869.36,85124.19,425620.97,conventional,Southeast
2019-08-11,1.74,79628.75,27870.06,27870.06,3981.44,19907.19,organic,Southeast
2019-08-11,1.23,1653532.59,578736.41,578736.41,82676.63,413383.15,conventional,Great_Lakes
2019-08-11,2.09,49878.11,17457.34,17457.34,2493.91,12469.53,organic,Great_Lakes
2019-08-11,0.98,1731789.1,606126.19,606126.19,86589.46,432947.28,conventional,MidSouth
2019-08-11,1.41,71256.92,24939.92,24939.92,3562.85,17814.23,organic,MidSouth
2019-08-11,1.05,2661806.84,931632.39,931632.39,133090.34,665451.71,conventional,SouthCentral
2019-08-11,1.51,138721.79,48552.63,48552.63,6936.09,34680.45,organic,SouthCentral
2019-08-18,1.1,2285684.15,799989.45,799989.45,114284.21,571421.04,conventional,California
2019-08-18,1.78,81162.61,28406.91,28406.91,4058.13,20290.65,organic,California
2019-08-18,1.12,2478487.66,867470.68,867470.68,123924.38,619621.92,conventional,West
2019-08-18,1.36,110793.85,38777.85,38777.85,5539.69,27698.46,organic,West
2019-08-18,1.18,2050451.91,717658.17,717658.17,102522.6,512612.98,conventional,Northeast
2019-08-18,1.96,72180.38,25263.13,25263.13,3609.02,18045.09,organic,Northeast
2019-08-18,1.23,1649924.02,577473.41,577473.41,82496.2,412481.0,conventional,Southeast
2019-08-18,1.69,93198.86,32619.6,32619.6,4659.94,23299.72,organic,Southeast
2019-08-18,0.94,2339519.1,818831.68,818831.68,116975.95,584879.77,conventional,Great_Lakes
2019-08-18,1.97,62130.66,21745.73,21745.73,3106.53,15532.67,organic,Great_Lakes
2019-08-18,1.32,1175047.3,411266.56,411266.56,58752.37,293761.83,conventional,MidSouth
2019-08-18,1.65,66193.9,23167.87,23167.87,3309.7,16548.48,organic,MidSouth
2019-08-18,0.93,3044197.22,1065469.03,1065469.03,152209.86,761049.31,conventional,SouthCentral
2019-08-18,1.49,146093.84,51132.84,51132.84,7304.69,36523.46,organic,SouthCentral
2019-08-25,1.24,2053005.41,718551.89,718551.89,102650.27,513251.35,conventional,California
2019-08-25,1.77,86968.18,30438.86,30438.86,4348.41,21742.05,organic,California
2019-08-25,1.27,2066261.92,723191.67,723191.67,103313.1,516565.48,conventional,West
2019-08-25,1.66,101538.08,35538.33,35538.33,5076.9,25384.52,organic,West
2019-08-25,1.22,1840068.19,644023.87,644023.87,92003.41,460017.05,conventional,Northeast
2019-08-25,1.8,72280.08,25298.03,25298.03,3614.0,18070.02,organic,Northeast
2019-08-25,1.04,2187976.66,765791.83,765791.83,109398.83,546994.17,conventional,Southeast
2019-08-25,1.64,79418.94,27796.63,27796.63,3970.95,19854.73,organic,Southeast
2019-08-25,1.24,1521732.88,532606.51,532606.51,76086.64,380433.22,conventional,Great_Lakes
2019-08-25,1.62,93191.39,32616.99,32616.99,4659.57,23297.85,organic,Great_Lakes
2019-08-25,1.3,1416337.29,495718.05,495718.05,70816.86,354084.32,conventional,MidSouth
2019-08-25,1.61,77238.91,27033.62,27033.62,3861.95,19309.73,organic,MidSouth
2019-08-25,1.06,2648541.74,926989.61,926989.61,132427.09,662135.44,conventional,SouthCentral
2019-08-25,1.3,194872.4,68205.34,68205.34,9743.62,48718.1,organic,SouthCentral
2019-09-01,1.06,2337061.0,817971.35,817971.35,116853.05,584265.25,conventional,California
2019-09-01,1.51,117454.08,41108.93,41108.93,5872.7,29363.52,organic,California
2019-09-01,1.11,2144819.84,750686.95,750686.95,107240.99,536204.96,conventional,West
2019-09-01,1.72,83853.69,29348.79,29348.79,4192.68,20963.42,organic,West
2019-09-01,1.07,1855869.89,649554.46,649554.46,92793.49,463967.47,conventional,Northeast
2019-09-01,1.44,112591.19,39406.92,39406.92,5629.56,28147.8,organic,Northeast
2019-09-01,0.95,2003186.45,701115.26,701115.26,100159.32,500796.61,conventional,Southeast
2019-09-01,1.65,75989.71,26596.4,26596.4,3799.49,18997.43,organic,Southeast
2019-09-01,1.35,1624610.93,568613.82,568613.82,81230.55,406152.73,conventional,Great_Lakes
2019-09-01,1.52,92094.07,32232.93,32232.93,4604.7,23023.52,organic,Great_Lakes
2019-09-01,1.22,1257627.61,440169.66,440169.66,62881.38,314406.9,conventional,MidSouth
2019-09-01,1.43,79795.21,27928.32,27928.32,3989.76,19948.8,organic,MidSouth
2019-09-01,1.13,2458645.64,860525.97,860525.97,122932.28,614661.41,conventional,SouthCentral
2019-09-01,1.72,98189.57,34366.35,34366.35,4909.48,24547.39,organic,SouthCentral
2019-09-08,1.03,2464673.85,862635.85,862635.85,123233.69,616168.46,conventional,California
2019-09-08,1.71,81252.58,28438.4,28438.4,4062.63,20313.15,organic,California
2019-09-08,1.24,1799080.41,629678.14,629678.14,89954.02,449770.1,conventional,West
2019-09-08,1.56,108491.9,37972.17,37972.17,5424.6,27122.98,organic,West
2019-09-08,1.09,2051014.49,717855.07,717855.07,102550.72,512753.62,conventional,Northeast
2019-09-08,1.93,65186.01,22815.1,22815.1,3259.3,16296.5,organic,Northeast
2019-09-08,1.39,1452680.92,508438.32,508438.32,72634.05,363170.23,conventional,Southeast
2019-09-08,1.66,83076.25,29076.69,29076.69,4153.81,20769.06,organic,Southeast
2019-09-08,1.4,1233928.28,431874.9,431874.9,61696.41,308482.07,conventional,Great_Lakes
2019-09-08,1.48,83886.48,29360.27,29360.27,4194.32,20971.62,organic,Great_Lakes
2019-09-08,1.15,1239087.46,433680.61,433680.61,61954.37,309771.86,conventional,MidSouth
2019-09-08,1.65,75777.66,26522.18,26522.18,3788.88,18944.41,organic,MidSouth
2019-09-08,1.17,2400739.57,840258.85,840258.85,120036.98,600184.89,conventional,SouthCentral
2019-09-08,1.56,133983.24,46894.13,46894.13,6699.16,33495.81,organic,SouthCentral
2019-09-15,1.07,2724413.62,953544.77,953544.77,136220.68,681103.4,conventional,California
2019-09-15,1.94,77459.87,27110.96,27110.96,3872.99,19364.97,organic,California
2019-09-15,1.15,2483414.69,869195.14,869195.14,124170.73,620853.67,conventional,West
2019-09-15,1.81,82152.4,28753.34,28753.34,4107.62,20538.1,organic,West
2019-09-15,1.1,1906361.11,667226.39,667226.39,95318.06,476590.28,conventional,Northeast
2019-09-15,1.71,90908.87,31818.1,31818.1,4545.44,22727.22,organic,Northeast
2019-09-15,1.02,2011208.86,703923.1,703923.1,100560.44,502802.22,conventional,Southeast
2019-09-15,1.45,89186.95,31215.43,31215.43,4459.35,22296.74,organic,Southeast
2019-09-15,1.21,1523585.26,533254.84,533254.84,76179.26,380896.32,conventional,Great_Lakes
2019-09-15,1.6,68215.75,23875.51,23875.51,3410.79,17053.94,organic,Great_Lakes
2019-09-15,1.17,1394062.86,487922.0,487922.0,69703.14,348515.72,conventional,MidSouth
2019-09-15,1.54,69786.52,24425.28,24425.28,3489.33,17446.63,organic,MidSouth
2019-09-15,1.17,2295399.55,803389.84,803389.84,114769.98,573849.89,conventional,SouthCentral
2019-09-15,1.43,166972.15,58440.25,58440.25,8348.61,41743.04,organic,SouthCentral
2019-09-22,1.09,2280630.51,798220.68,798220.68,114031.53,570157.63,conventional,California
2019-09-22,1.8,120059.95,42020.98,42020.98,6003.0,30014.99,organic,California
2019-09-22,1.03,2732126.08,956244.13,956244.13,136606.3,683031.52,conventional,West
2019-09-22,1.54,107484.2,37619.47,37619.47,5374.21,26871.05,organic,West
2019-09-22,1.08,1980181.16,693063.41,693063.41,99009.06,495045.29,conventional,Northeast
2019-09-22,1.64,77956.83,27284.89,27284.89,3897.84,19489.21,organic,Northeast
2019-09-22,1.24,1623481.94,568218.68,568218.68,81174.1,405870.49,conventional,Southeast
2019-09-22,1.71,72348.19,25321.87,25321.87,3617.41,18087.05,organic,Southeast
2019-09-22,1.11,1825432.77,638901.47,638901.47,91271.64,456358.19,conventional,Great_Lakes
2019-09-22,1.48,87864.11,30752.44,30752.44,4393.21,21966.03,organic,Great_Lakes
2019-09-22,1.06,1464908.97,512718.14,512718.14,73245.45,366227.24,conventional,MidSouth
2019-09-22,1.33,100972.65,35340.43,35340.43,5048.63,25243.16,organic,MidSouth
2019-09-22,1.08,2961085.07,1036379.77,1036379.77,148054.25,740271.27,conventional,SouthCentral
2019-09-22,1.81,85919.96,30071.99,30071.99,4296.0,21479.99,organic,SouthCentral
2019-09-29,1.04,2975808.0,1041532.8,1041532.8,148790.4,743952.0,conventional,California
2019-09-29,1.91,76879.73,26907.91,26907.91,3843.99,19219.93,organic,California
2019-09-29,1.18,2112336.87,739317.9,739317.9,105616.84,528084.22,conventional,West
2019-09-29,1.71,90192.78,31567.47,31567.47,4509.64,22548.19,organic,West
2019-09-29,0.95,2292761.49,802466.52,802466.52,114638.07,573190.37,conventional,Northeast
2019-09-29,1.65,79996.58,27998.8,27998.8,3999.83,19999.15,organic,Northeast
2019-09-29,1.14,1649431.58,577301.05,577301.05,82471.58,412357.9,conventional,Southeast
2019-09-29,1.53,97574.93,34151.23,34151.23,4878.75,24393.73,organic,Southeast
2019-09-29,1.17,1666723.17,583353.11,583353.11,83336.16,416680.79,conventional,Great_Lakes
2019-09-29,1.78,71992.62,25197.42,25197.42,3599.63,17998.16,organic,Great_Lakes
2019-09-29,1.29,1186529.8,415285.43,415285.43,59326.49,296632.45,conventional,MidSouth
2019-09-29,1.59,59808.18,20932.86,20932.86,2990.41,14952.04,organic,MidSouth
2019-09-29,1.11,2829905.94,990467.08,990467.08,141495.3,707476.48,conventional,SouthCentral
2019-09-29,1.84,104541.47,36589.51,36589.51,5227.07,26135.37,organic,SouthCentral
2019-10-06,0.97,2954821.25,1034187.44,1034187.44,147741.06,738705.31,conventional,California
2019-10-06,1.37,141807.04,49632.47,49632.47,7090.35,35451.76,organic,California
2019-10-06,1.11,2575720.58,901502.2,901502.2,128786.03,643930.14,conventional,West
2019-10-06,1.45,143403.17,50191.11,50191.11,7170.16,35850.79,organic,West
2019-10-06,1.0,2299337.43,804768.1,804768.1,114966.87,574834.36,conventional,Northeast
2019-10-06,1.5,88995.22,31148.33,31148.33,4449.76,22248.8,organic,Northeast
2019-10-06,1.16,2089011.91,731154.17,731154.17,104450.6,522252.98,conventional,Southeast
2019-10-06,2.05,59865.21,20952.82,20952.82,2993.26,14966.3,organic,Southeast
2019-10-06,1.26,1590965.96,556838.09,556838.09,79548.3,397741.49,conventional,Great_Lakes
2019-10-06,1.72,71267.05,24943.47,24943.47,3563.35,17816.76,organic,Great_Lakes
2019-10-06,1.17,1493713.59,522799.76,522799.76,74685.68,373428.4,conventional,MidSouth
2019-10-06,1.56,70678.44,24737.45,24737.45,3533.92,17669.61,organic,MidSouth
2019-10-06,1.14,2749416.16,962295.66,962295.66,137470.81,687354.04,conventional,SouthCentral
2019-10-06,1.49,133249.58,46637.35,46637.35,6662.48,33312.39,organic,SouthCentral
2019-10-13,1.34,1985020.34,694757.12,694757.12,99251.02,496255.08,conventional,California
2019-10-13,1.85,83032.01,29061.2,29061.2,4151.6,20758.0,organic,California
2019-10-13,1.18,2447489.49,856621.32,856621.32,122374.47,611872.37,conventional,West
2019-10-13,1.88,70862.36,24801.82,24801.82,3543.12,17715.59,organic,West
2019-10-13,1.02,2644187.68,925465.69,925465.69,132209.38,661046.92,conventional,Northeast
2019-10-13,1.61,89335.64,31267.47,31267.47,4466.78,22333.91,organic,Northeast
2019-10-13,1.02,2018550.46,706492.66,706492.66,100927.52,504637.61,conventional,Southeast
2019-10-13,1.44,124173.63,43460.77,43460.77,6208.68,31043.41,organic,Southeast
2019-10-13,1.15,1749657.12,612379.99,612379.99,87482.86,437414.28,conventional,Great_Lakes
2019-10-13,1.74,80261.76,28091.62,28091.62,4013.09,20065.44,organic,Great_Lakes
2019-10-13,1.24,1442501.73,504875.6,504875.6,72125.09,360625.43,conventional,MidSouth
2019-10-13,1.56,69662.52,24381.88,24381.88,3483.13,17415.63,organic,MidSouth
2019-10-13,1.23,2260992.28,791347.3,791347.3,113049.61,565248.07,conventional,SouthCentral
2019-10-13,1.65,119707.12,41897.49,41897.49,5985.36,29926.78,organic,SouthCentral
2019-10-20,1.23,1750646.38,612726.23,612726.23,87532.32,437661.59,conventional,California
2019-10-20,1.76,87577.35,30652.07,30652.07,4378.87,21894.34,organic,California
2019-10-20,1.22,2309027.37,808159.58,808159.58,115451.37,577256.84,conventional,West
2019-10-20,1.89,98058.48,34320.47,34320.47,4902.92,24514.62,organic,West
2019-10-20,1.28,1999399.08,699789.68,699789.68,99969.95,499849.77,conventional,Northeast
2019-10-20,1.69,88706.55,31047.29,31047.29,4435.33,22176.64,organic,Northeast
2019-10-20,1.24,1767488.64,618621.03,618621.03,88374.43,441872.16,conventional,Southeast
2019-10-20,1.6,89231.5,31231.02,31231.02,4461.57,22307.87,organic,Southeast
2019-10-20,1.15,1643981.15,575393.4,575393.4,82199.06,410995.29,conventional,Great_Lakes
2019-10-20,1.84,67108.36,23487.93,23487.93,3355.42,16777.09,organic,Great_Lakes
2019-10-20,1.35,1045320.61,365862.21,365862.21,52266.03,261330.15,conventional,MidSouth
2019-10-20,1.57,71238.72,24933.55,24933.55,3561.94,17809.68,organic,MidSouth
2019-10-20,1.26,2346620.96,821317.34,821317.34,117331.05,586655.24,conventional,SouthCentral
2019-10-20,1.7,98494.24,34472.98,34472.98,4924.71,24623.56,organic,SouthCentral
2019-10-27,1.03,2567924.49,898773.57,898773.57,128396.22,641981.12,conventional,California
2019-10-27,1.45,113947.41,39881.59,39881.59,5697.37,28486.85,organic,California
2019-10-27,1.2,2049131.12,717195.89,717195.89,102456.56,512282.78,conventional,West
2019-10-27,1.89,96826.13,33889.14,33889.14,4841.31,24206.53,organic,West
2019-10-27,0.99,2281510.54,798528.69,798528.69,114075.53,570377.63,conventional,Northeast
2019-10-27,1.31,120600.16,42210.06,42210.06,6030.01,30150.04,organic,Northeast
2019-10-27,1.23,1630163.63,570557.27,570557.27,81508.18,407540.91,conventional,Southeast
2019-10-27,1.72,66301.6,23205.56,23205.56,3315.08,16575.4,organic,Southeast
2019-10-27,1.23,1542410.67,539843.73,539843.73,77120.53,385602.67,conventional,Great_Lakes
2019-10-27,1.65,77963.04,27287.06,27287.06,3898.15,19490.76,organic,Great_Lakes
2019-10-27,1.02,1542668.63,539934.02,539934.02,77133.43,385667.16,conventional,MidSouth
2019-10-27,1.8,60236.15,21082.65,21082.65,3011.81,15059.04,organic,MidSouth
2019-10-27,1.26,2352926.25,823524.19,823524.19,117646.31,588231.56,conventional,SouthCentral
2019-10-27,1.67,94869.38,33204.28,33204.28,4743.47,23717.35,organic,SouthCentral
2019-11-03,1.12,2395270.63,838344.72,838344.72,119763.53,598817.66,conventional,California
2019-11-03,1.94,87798.94,30729.63,30729.63,4389.95,21949.74,organic,California
2019-11-03,1.3,2229047.43,780166.6,780166.6,111452.37,557261.86,conventional,West
2019-11-03,1.54,124965.72,43738.0,43738.0,6248.29,31241.43,organic,West
2019-11-03,1.17,1966797.68,688379.19,688379.19,98339.88,491699.42,conventional,Northeast
2019-11-03,1.59,101018.04,35356.31,35356.31,5050.9,25254.51,organic,Northeast
2019-11-03,1.31,1396263.72,488692.3,488692.3,69813.19,349065.93,conventional,Southeast
2019-11-03,1.83,67998.6,23799.51,23799.51,3399.93,16999.65,organic,Southeast
2019-11-03,1.01,2401308.68,840458.04,840458.04,120065.43,600327.17,conventional,Great_Lakes
2019-11-03,1.76,86245.55,30185.94,30185.94,4312.28,21561.39,organic,Great_Lakes
2019-11-03,1.23,1683936.48,589377.77,589377.77,84196.82,420984.12,conventional,MidSouth
2019-11-03,1.73,63821.1,22337.38,22337.38,3191.05,15955.27,organic,MidSouth
2019-11-03,1.18,2894599.83,1013109.94,1013109.94,144729.99,723649.96,conventional,SouthCentral
2019-11-03,1.53,127830.81,44740.78,44740.78,6391.54,31957.7,organic,SouthCentral
2019-11-10,1.12,2037296.47,713053.76,713053.76,101864.82,509324.12,conventional,California
2019-11-10,1.67,85130.89,29795.81,29795.81,4256.54,21282.72,organic,California
2019-11-10,1.16,2648400.75,926940.26,926940.26,132420.04,662100.19,conventional,West
2019-11-10,1.58,141209.53,49423.34,49423.34,7060.48,35302.38,organic,West
2019-11-10,1.0,2834969.19,992239.22,992239.22,141748.46,708742.3,conventional,Northeast
2019-11-10,1.75,75306.68,26357.34,26357.34,3765.33,18826.67,organic,Northeast
2019-11-10,1.42,1482839.21,518993.72,518993.72,74141.96,370709.8,conventional,Southeast
2019-11-10,1.52,85899.99,30065.0,30065.0,4295.0,21475.0,organic,Southeast
2019-11-10,1.13,1890344.24,661620.49,661620.49,94517.21,472586.06,conventional,Great_Lakes
2019-11-10,1.67,80210.87,28073.81,28073.81,4010.54,20052.72,organic,Great_Lakes
2019-11-10,1.21,1408425.11,492948.79,492948.79,70421.26,352106.28,conventional,MidSouth
2019-11-10,1.36,91956.8,32184.88,32184.88,4597.84,22989.2,organic,MidSouth
2019-11-10,0.91,3730461.81,1305661.63,1305661.63,186523.09,932615.45,conventional,SouthCentral
2019-11-10,1.5,142859.94,50000.98,50000.98,7143.0,35714.98,organic,SouthCentral
2019-11-17,1.28,1886648.55,660326.99,660326.99,94332.43,471662.14,conventional,California
2019-11-17,1.81,87358.55,30575.49,30575.49,4367.93,21839.64,organic,California
2019-11-17,1.33,2021642.15,707574.75,707574.75,101082.11,505410.54,conventional,West
2019-11-17,1.52,134828.67,47190.03,47190.03,6741.43,33707.17,organic,West
2019-11-17,1.11,2133851.97,746848.19,746848.19,106692.6,533462.99,conventional,Northeast
2019-11-17,1.58,104029.92,36410.47,36410.47,5201.5,26007.48,organic,Northeast
2019-11-17,1.28,1449059.45,507170.81,507170.81,72452.97,362264.86,conventional,Southeast
2019-11-17,1.65,92623.16,32418.1,32418.1,4631.16,23155.79,organic,Southeast
2019-11-17,1.17,2027375.01,709581.25,709581.25,101368.75,506843.75,conventional,Great_Lakes
2019-11-17,1.64,83103.61,29086.26,29086.26,4155.18,20775.9,organic,Great_Lakes
2019-11-17,1.21,1470566.86,514698.4,514698.4,73528.34,367641.72,conventional,MidSouth
2019-11-17,1.59,77623.41,27168.19,27168.19,3881.17,19405.85,organic,MidSouth
2019-11-17,1.08,2784932.35,974726.32,974726.32,139246.62,696233.09,conventional,SouthCentral
2019-11-17,1.57,150619.46,52716.81,52716.81,7530.97,37654.87,organic,SouthCentral
2019-11-24,0.83,3626905.32,1269416.86,1269416.86,181345.27,906726.33,conventional,California
2019-11-24,1.66,88125.44,30843.9,30843.9,4406.27,22031.36,organic,California
2019-11-24,1.18,2497590.39,874156.64,874156.64,124879.52,624397.6,conventional,West
2019-11-24,1.74,79245.12,27735.79,27735.79,3962.26,19811.28,organic,West
2019-11-24,1.29,1781752.19,623613.27,623613.27,89087.61,445438.05,conventional,Northeast
2019-11-24,1.75,96140.6,33649.21,33649.21,4807.03,24035.15,organic,Northeast
2019-11-24,1.06,2260497.41,791174.09,791174.09,113024.87,565124.35,conventional,Southeast
2019-11-24,1.59,74855.95,26199.58,26199.58,3742.8,18713.99,organic,Southeast
2019-11-24,1.27,1552569.84,543399.44,543399.44,77628.49,388142.46,conventional,Great_Lakes
2019-11-24,1.52,90863.73,31802.3,31802.3,4543.19,22715.93,organic,Great_Lakes
2019-11-24,1.18,1501786.57,525625.3,525625.3,75089.33,375446.64,conventional,MidSouth
2019-11-24,1.73,56778.98,19872.64,19872.64,2838.95,14194.75,organic,MidSouth
2019-11-24,1.08,2927754.78,1024714.17,1024714.17,146387.74,731938.69,conventional,SouthCentral
2019-11-24,1.93,95157.32,33305.06,33305.06,4757.87,23789.33,organic,SouthCentral
2019-12-01,1.26,2257536.01,790137.6,790137.6,112876.8,564384.0,conventional,California
2019-12-01,1.58,118184.97,41364.74,41364.74,5909.25,29546.24,organic,California
2019-12-01,1.13,2872497.63,1005374.17,1005374.17,143624.88,718124.41,conventional,West
2019-12-01,1.86,104936.47,36727.77,36727.77,5246.82,26234.12,organic,West
2019-12-01,1.27,1925022.47,673757.87,673757.87,96251.12,481255.62,conventional,Northeast
2019-12-01,1.59,104134.84,36447.19,36447.19,5206.74,26033.71,organic,Northeast
2019-12-01,1.18,1972204.2,690271.47,690271.47,98610.21,493051.05,conventional,Southeast
2019-12-01,1.76,78077.48,27327.12,27327.12,3903.87,19519.37,organic,Southeast
2019-12-01,1.15,2119216.39,741725.74,741725.74,105960.82,529804.1,conventional,Great_Lakes
2019-12-01,1.34,152998.04,53549.31,53549.31,7649.9,38249.51,organic,Great_Lakes
2019-12-01,1.12,1473446.44,515706.25,515706.25,73672.32,368361.61,conventional,MidSouth
2019-12-01,1.67,74139.65,25948.88,25948.88,3706.98,18534.91,organic,MidSouth
2019-12-01,1.14,3210058.75,1123520.56,1123520.56,160502.94,802514.69,conventional,SouthCentral
2019-12-01,1.76,123322.58,43162.9,43162.9,6166.13,30830.65,organic,SouthCentral
2019-12-08,1.2,2381104.85,833386.7,833386.7,119055.24,595276.21,conventional,California
2019-12-08,1.92,78031.02,27310.86,27310.86,3901.55,19507.76,organic,California
2019-12-08,1.16,2660628.17,931219.86,931219.86,133031.41,665157.04,conventional,West
2019-12-08,1.77,99746.85,34911.4,34911.4,4987.34,24936.71,organic,West
2019-12-08,0.98,2924143.38,1023450.18,1023450.18,146207.17,731035.85,conventional,Northeast
2019-12-08,1.69,118105.17,41336.81,41336.81,5905.26,29526.29,organic,Northeast
2019-12-08,1.02,2665218.69,932826.54,932826.54,133260.93,666304.67,conventional,Southeast
2019-12-08,2.01,67829.07,23740.17,23740.17,3391.45,16957.27,organic,Southeast
2019-12-08,1.02,2263807.15,792332.5,792332.5,113190.36,565951.79,conventional,Great_Lakes
2019-12-08,1.65,95660.23,33481.08,33481.08,4783.01,23915.06,organic,Great_Lakes
2019-12-08,1.09,2031662.63,711081.92,711081.92,101583.13,507915.66,conventional,MidSouth
2019-12-08,1.48,74465.4,26062.89,26062.89,3723.27,18616.35,organic,MidSouth
2019-12-08,1.26,2184174.81,764461.18,764461.18,109208.74,546043.7,conventional,SouthCentral
2019-12-08,1.62,185581.14,64953.4,64953.4,9279.06,46395.28,organic,SouthCentral
2019-12-15,1.15,2306100.99,807135.35,807135.35,115305.05,576525.25,conventional,California
2019-12-15,1.64,113550.01,39742.5,39742.5,5677.5,28387.5,organic,California
2019-12-15,1.17,2784555.66,974594.48,974594.48,139227.78,696138.92,conventional,West
2019-12-15,1.49,165937.76,58078.22,58078.22,8296.89,41484.44,organic,West
2019-12-15,1.17,2427101.2,849485.42,849485.42,121355.06,606775.3,conventional,Northeast
2019-12-15,1.56,131278.5,45947.48,45947.48,6563.93,32819.63,organic,Northeast
2019-12-15,1.12,2207917.99,772771.3,772771.3,110395.9,551979.5,conventional,Southeast
2019-12-15,1.51,97555.93,34144.58,34144.58,4877.8,24388.98,organic,Southeast
2019-12-15,1.22,1808731.33,633055.96,633055.96,90436.57,452182.83,conventional,Great_Lakes
2019-12-15,1.52,95890.94,33561.83,33561.83,4794.55,23972.74,organic,Great_Lakes
2019-12-15,1.22,1483446.13,519206.15,519206.15,74172.31,370861.53,conventional,MidSouth
2019-12-15,1.63,76833.74,26891.81,26891.81,3841.69,19208.44,organic,MidSouth
2019-12-15,0.96,3281699.28,1148594.75,1148594.75,164084.96,820424.82,conventional,SouthCentral
2019-12-15,1.7,117302.33,41055.82,41055.82,5865.12,29325.58,organic,SouthCentral
2019-12-22,1.26,2438462.6,853461.91,853461.91,121923.13,609615.65,conventional,California
2019-12-22,1.76,123526.7,43234.34,43234.34,6176.33,30881.67,organic,California
2019-12-22,1.14,2856003.21,999601.12,999601.12,142800.16,714000.8,conventional,West
2019-12-22,1.56,167525.83,58634.04,58634.04,8376.29,41881.46,organic,West
2019-12-22,1.35,1928910.69,675118.74,675118.74,96445.53,482227.67,conventional,Northeast
2019-12-22,1.71,114962.01,40236.71,40236.71,5748.1,28740.5,organic,Northeast
2019-12-22,1.14,2024160.4,708456.14,708456.14,101208.02,506040.1,conventional,Southeast
2019-12-22,1.78,84801.72,29680.6,29680.6,4240.09,21200.43,organic,Southeast
2019-12-22,1.17,1848344.73,646920.66,646920.66,92417.24,462086.18,conventional,Great_Lakes
2019-12-22,1.39,119656.01,41879.6,41879.6,5982.8,29914.0,organic,Great_Lakes
2019-12-22,1.24,1500342.34,525119.82,525119.82,75017.12,375085.59,conventional,MidSouth
2019-12-22,1.87,58528.69,20485.04,20485.04,2926.43,14632.17,organic,MidSouth
2019-12-22,1.04,3296714.27,1153850.0,1153850.0,164835.71,824178.57,conventional,SouthCentral
2019-12-22,1.64,144304.93,50506.73,50506.73,7215.25,36076.23,organic,SouthCentral
2019-12-29,1.07,3066586.43,1073305.25,1073305.25,153329.32,766646.61,conventional,California
2019-12-29,1.95,88129.08,30845.18,30845.18,4406.45,22032.27,organic,California
2019-12-29,1.27,2170541.58,759689.55,759689.55,108527.08,542635.39,conventional,West
2019-12-29,1.81,116611.95,40814.18,40814.18,5830.6,29152.99,organic,West
2019-12-29,1.24,2145078.93,750777.62,750777.62,107253.95,536269.73,conventional,Northeast
2019-12-29,1.21,158449.69,55457.39,55457.39,7922.48,39612.42,organic,Northeast
2019-12-29,1.09,2081905.91,728667.07,728667.07,104095.3,520476.48,conventional,Southeast
2019-12-29,1.67,89003.93,31151.38,31151.38,4450.2,22250.98,organic,Southeast
2019-12-29,1.07,2032100.45,711235.16,711235.16,101605.02,508025.11,conventional,Great_Lakes
2019-12-29,1.54,112097.64,39234.18,39234.18,5604.88,28024.41,organic,Great_Lakes
2019-12-29,1.08,1735417.32,607396.06,607396.06,86770.87,433854.33,conventional,MidSouth
2019-12-29,1.58,83222.43,29127.85,29127.85,4161.12,20805.61,organic,MidSouth
2019-12-29,1.2,2194280.43,767998.15,767998.15,109714.02,548570.11,conventional,SouthCentral
2019-12-29,1.8,133492.39,46722.34,46722.34,6674.62,33373.1,organic,SouthCentral
2020-01-05,1.04,2823988.64,988396.02,988396.02,141199.43,705997.16,conventional,California
2020-01-05,1.58,120167.48,42058.62,42058.62,6008.37,30041.87,organic,California
2020-01-05,1.17,2413169.63,844609.37,844609.37,120658.48,603292.41,conventional,West
2020-01-05,1.48,177863.15,62252.1,62252.1,8893.16,44465.79,organic,West
2020-01-05,1.06,3101576.31,1085551.71,1085551.71,155078.82,775394.08,conventional,Northeast
2020-01-05,1.7,90394.91,31638.22,31638.22,4519.75,22598.73,organic,Northeast
2020-01-05,1.21,2090238.49,731583.47,731583.47,104511.92,522559.62,conventional,Southeast
2020-01-05,1.58,110764.07,38767.42,38767.42,5538.2,27691.02,organic,Southeast
2020-01-05,1.2,2179596.88,762858.91,762858.91,108979.84,544899.22,conventional,Great_Lakes
2020-01-05,1.83,87080.41,30478.14,30478.14,4354.02,21770.1,organic,Great_Lakes
2020-01-05,1.01,2038320.82,713412.29,713412.29,101916.04,509580.2,conventional,MidSouth
2020-01-05,2.09,61139.12,21398.69,21398.69,3056.96,15284.78,organic,MidSouth
2020-01-05,1.39,2795060.25,978271.09,978271.09,139753.01,698765.06,conventional,SouthCentral
2020-01-05,1.69,141666.01,49583.1,49583.1,7083.3,35416.5,organic,SouthCentral
2020-01-12,1.15,2365971.17,828089.91,828089.91,118298.56,591492.79,conventional,California
2020-01-12,1.65,137058.13,47970.35,47970.35,6852.91,34264.53,organic,California
2020-01-12,1.09,3192053.07,1117218.58,1117218.58,159602.65,798013.27,conventional,West
2020-01-12,1.78,106008.24,37102.88,37102.88,5300.41,26502.06,organic,West
2020-01-12,1.1,2449411.72,857294.1,857294.1,122470.59,612352.93,conventional,Northeast
2020-01-12,1.53,112231.96,39281.19,39281.19,5611.6,28057.99,organic,Northeast
2020-01-12,1.06,2799342.58,979769.9,979769.9,139967.13,699835.65,conventional,Southeast
2020-01-12,1.51,117033.61,40961.76,40961.76,5851.68,29258.4,organic,Southeast
2020-01-12,1.1,2517551.96,881143.19,881143.19,125877.6,629387.99,conventional,Great_Lakes
2020-01-12,1.85,89670.65,31384.73,31384.73,4483.53,22417.66,organic,Great_Lakes
2020-01-12,1.18,1715046.77,600266.37,600266.37,85752.34,428761.69,conventional,MidSouth
2020-01-12,1.47,117062.81,40971.98,40971.98,5853.14,29265.7,organic,MidSouth
2020-01-12,1.07,3628791.91,1270077.17,1270077.17,181439.6,907197.98,conventional,SouthCentral
2020-01-12,1.81,117035.22,40962.33,40962.33,5851.76,29258.81,organic,SouthCentral
2020-01-19,1.25,2584016.79,904405.88,904405.88,129200.84,646004.2,conventional,California
2020-01-19,1.91,93317.04,32660.96,32660.96,4665.85,23329.26,organic,California
2020-01-19,1.02,3217317.23,1126061.03,1126061.03,160865.86,804329.31,conventional,West
2020-01-19,1.68,126969.06,44439.17,44439.17,6348.45,31742.26,organic,West
2020-01-19,1.11,2265998.51,793099.48,793099.48,113299.93,566499.63,conventional,Northeast
2020-01-19,1.72,129958.55,45485.49,45485.49,6497.93,32489.64,organic,Northeast
2020-01-19,1.2,2255044.43,789265.55,789265.55,112752.22,563761.11,conventional,Southeast
2020-01-19,1.74,97815.43,34235.4,34235.4,4890.77,24453.86,organic,Southeast
2020-01-19,1.24,2028592.1,710007.23,710007.23,101429.6,507148.02,conventional,Great_Lakes
2020-01-19,1.6,93907.45,32867.61,32867.61,4695.37,23476.86,organic,Great_Lakes
2020-01-19,1.13,1902664.69,665932.64,665932.64,95133.23,475666.17,conventional,MidSouth
2020-01-19,1.6,87487.77,30620.72,30620.72,4374.39,21871.94,organic,MidSouth
2020-01-19,1.19,3222607.1,1127912.49,1127912.49,161130.36,805651.78,conventional,SouthCentral
2020-01-19,1.84,121303.02,42456.06,42456.06,6065.15,30325.76,organic,SouthCentral
2020-01-26,1.02,3063397.86,1072189.25,1072189.25,153169.89,765849.47,conventional,California
2020-01-26,1.66,100707.8,35247.73,35247.73,5035.39,25176.95,organic,California
2020-01-26,1.29,2533642.05,886774.72,886774.72,126682.1,633410.51,conventional,West
2020-01-26,1.71,141424.54,49498.59,49498.59,7071.23,35356.13,organic,West
2020-01-26,1.09,2839428.64,993800.02,993800.02,141971.43,709857.16,conventional,Northeast
2020-01-26,1.63,113233.48,39631.72,39631.72,5661.67,28308.37,organic,Northeast
2020-01-26,1.07,2812410.66,984343.73,984343.73,140620.53,703102.66,conventional,Southeast
2020-01-26,1.59,114608.33,40112.91,40112.91,5730.42,28652.08,organic,Southeast
2020-01-26,0.96,2974172.82,1040960.49,1040960.49,148708.64,743543.21,conventional,Great_Lakes
2020-01-26,1.81,85744.09,30010.43,30010.43,4287.2,21436.02,organic,Great_Lakes
2020-01-26,1.13,1911101.39,668885.49,668885.49,95555.07,477775.35,conventional,MidSouth
2020-01-26,1.99,51237.39,17933.09,17933.09,2561.87,12809.35,organic,MidSouth
2020-01-26,1.23,2705304.17,946856.46,946856.46,135265.21,676326.04,conventional,SouthCentral
2020-01-26,1.65,138917.18,48621.01,48621.01,6945.86,34729.29,organic,SouthCentral
2020-02-02,1.11,2982168.24,1043758.88,1043758.88,149108.41,745542.06,conventional,California
2020-02-02,1.48,166959.91,58435.97,58435.97,8348.0,41739.98,organic,California
2020-02-02,0.97,3918794.23,1371577.98,1371577.98,195939.71,979698.56,conventional,West
2020-02-02,1.6,127008.81,44453.08,44453.08,6350.44,31752.2,organic,West
2020-02-02,1.17,2294893.74,803212.81,803212.81,114744.69,573723.44,conventional,Northeast
2020-02-02,1.66,103019.9,36056.96,36056.96,5150.99,25754.97,organic,Northeast
2020-02-02,1.2,2097221.53,734027.53,734027.53,104861.08,524305.38,conventional,Southeast
2020-02-02,1.58,116918.53,40921.48,40921.48,5845.93,29229.63,organic,Southeast
2020-02-02,1.07,2472394.77,865338.17,865338.17,123619.74,618098.69,conventional,Great_Lakes
2020-02-02,1.42,136134.46,47647.06,47647.06,6806.72,34033.61,organic,Great_Lakes
2020-02-02,1.33,1984733.5,694656.73,694656.73,99236.68,496183.38,conventional,MidSouth
2020-02-02,1.66,91156.97,31904.94,31904.94,4557.85,22789.24,organic,MidSouth
2020-02-02,0.97,4621383.08,1617484.08,1617484.08,231069.15,1155345.77,conventional,SouthCentral
2020-02-02,1.77,128391.51,44937.03,44937.03,6419.58,32097.88,organic,SouthCentral
2020-02-09,1.27,2454594.08,859107.93,859107.93,122729.7,613648.52,conventional,California
2020-02-09,1.58,143013.29,50054.65,50054.65,7150.66,35753.32,organic,California
2020-02-09,1.04,3719505.17,1301826.81,1301826.81,185975.26,929876.29,conventional,West
2020-02-09,1.49,142954.85,50034.2,50034.2,7147.74,35738.71,organic,West
2020-02-09,1.06,3129330.17,1095265.56,1095265.56,156466.51,782332.54,conventional,Northeast
2020-02-09,1.56,113791.94,39827.18,39827.18,5689.6,28447.99,organic,Northeast
2020-02-09,1.09,2531442.44,886004.85,886004.85,126572.12,632860.61,conventional,Southeast
2020-02-09,1.47,112671.74,39435.11,39435.11,5633.59,28167.93,organic,Southeast
2020-02-09,1.36,1721786.3,602625.21,602625.21,86089.32,430446.58,conventional,Great_Lakes
2020-02-09,1.6,103177.65,36112.18,36112.18,5158.88,25794.41,organic,Great_Lakes
2020-02-09,1.11,2089541.72,731339.6,731339.6,104477.09,522385.43,conventional,MidSouth
2020-02-09,1.79,73077.98,25577.29,25577.29,3653.9,18269.49,organic,MidSouth
2020-02-09,1.03,4239040.83,1483664.29,1483664.29,211952.04,1059760.21,conventional,SouthCentral
2020-02-09,1.64,179800.71,62930.25,62930.25,8990.04,44950.18,organic,SouthCentral
2020-02-16,0.93,3793285.84,1327650.05,1327650.05,189664.29,948321.46,conventional,California
2020-02-16,1.94,97039.88,33963.96,33963.96,4851.99,24259.97,organic,California
2020-02-16,1.13,3186666.75,1115333.36,1115333.36,159333.34,796666.69,conventional,West
2020-02-16,1.57,143042.65,50064.93,50064.93,7152.13,35760.66,organic,West
2020-02-16,1.12,2622491.93,917872.17,917872.17,131124.6,655622.98,conventional,Northeast
2020-02-16,1.83,106683.73,37339.31,37339.31,5334.19,26670.93,organic,Northeast
2020-02-16,1.18,2463189.12,862116.19,862116.19,123159.46,615797.28,conventional,Southeast
2020-02-16,1.61,102345.6,35820.96,35820.96,5117.28,25586.4,organic,Southeast
2020-02-16,1.09,2435915.73,852570.5,852570.5,121795.79,608978.93,conventional,Great_Lakes
2020-02-16,1.49,113330.95,39665.83,39665.83,5666.55,28332.74,organic,Great_Lakes
2020-02-16,1.1,2381997.07,833698.97,833698.97,119099.85,595499.27,conventional,MidSouth
2020-02-16,1.23,129546.61,45341.32,45341.32,6477.33,32386.65,organic,MidSouth
2020-02-16,1.32,2815592.17,985457.26,985457.26,140779.61,703898.04,conventional,SouthCentral
2020-02-16,1.76,136506.01,47777.1,47777.1,6825.3,34126.5,organic,SouthCentral
2020-02-23,1.08,2563606.53,897262.28,897262.28,128180.33,640901.63,conventional,California
2020-02-23,1.68,115156.21,40304.67,40304.67,5757.81,28789.05,organic,California
2020-02-23,1.07,3192582.68,1117403.94,1117403.94,159629.13,798145.67,conventional,West
2020-02-23,1.91,139181.86,48713.65,48713.65,6959.09,34795.47,organic,West
2020-02-23,1.17,2500470.1,875164.54,875164.54,125023.51,625117.53,conventional,Northeast
2020-02-23,1.47,148302.97,51906.04,51906.04,7415.15,37075.74,organic,Northeast
2020-02-23,1.33,1942100.23,679735.08,679735.08,97105.01,485525.06,conventional,Southeast
2020-02-23,1.29,164322.75,57512.96,57512.96,8216.14,41080.69,organic,Southeast
2020-02-23,1.25,1809888.13,633460.84,633460.84,90494.41,452472.03,conventional,Great_Lakes
2020-02-23,1.68,104554.93,36594.22,36594.22,5227.75,26138.73,organic,Great_Lakes
2020-02-23,1.14,1795506.93,628427.43,628427.43,89775.35,448876.73,conventional,MidSouth
2020-02-23,1.8,71757.87,25115.25,25115.25,3587.89,17939.47,organic,MidSouth
2020-02-23,1.0,3350424.84,1172648.69,1172648.69,167521.24,837606.21,conventional,SouthCentral
2020-02-23,1.84,134915.9,47220.57,47220.57,6745.8,33728.98,organic,SouthCentral
2020-03-01,1.16,2770212.08,969574.23,969574.23,138510.6,692553.02,conventional,California
2020-03-01,1.57,125913.18,44069.61,44069.61,6295.66,31478.3,organic,California
2020-03-01,1.11,2735743.07,957510.07,957510.07,136787.15,683935.77,conventional,West
2020-03-01,1.54,149391.59,52287.06,52287.06,7469.58,37347.9,organic,West
2020-03-01,1.21,2526643.0,884325.05,884325.05,126332.15,631660.75,conventional,Northeast
2020-03-01,1.77,125273.29,43845.65,43845.65,6263.66,31318.32,organic,Northeast
2020-03-01,1.26,2245572.52,785950.38,785950.38,112278.63,561393.13,conventional,Southeast
2020-03-01,1.65,98221.08,34377.38,34377.38,4911.05,24555.27,organic,Southeast
2020-03-01,1.22,2452139.61,858248.86,858248.86,122606.98,613034.9,conventional,Great_Lakes
2020-03-01,1.7,120527.77,42184.72,42184.72,6026.39,30131.94,organic,Great_Lakes
2020-03-01,1.0,2103866.01,736353.1,736353.1,105193.3,525966.5,conventional,MidSouth
2020-03-01,1.78,79670.13,27884.54,27884.54,3983.51,19917.53,organic,MidSouth
2020-03-01,1.28,2948707.36,1032047.58,1032047.58,147435.37,737176.84,conventional,SouthCentral
2020-03-01,1.52,168228.04,58879.82,58879.82,8411.4,42057.01,organic,SouthCentral
2020-03-08,1.0,3165082.64,1107778.92,1107778.92,158254.13,791270.66,conventional,California
2020-03-08,1.8,125141.87,43799.66,43799.66,6257.09,31285.47,organic,California
2020-03-08,1.19,2590049.73,906517.4,906517.4,129502.49,647512.43,conventional,West
2020-03-08,1.6,129148.59,45202.01,45202.01,6457.43,32287.15,organic,West
2020-03-08,1.27,2284676.23,799636.68,799636.68,114233.81,571169.06,conventional,Northeast
2020-03-08,1.49,142466.6,49863.31,49863.31,7123.33,35616.65,organic,Northeast
2020-03-08,1.09,2920174.69,1022061.14,1022061.14,146008.73,730043.67,conventional,Southeast
2020-03-08,1.54,104658.09,36630.33,36630.33,5232.9,26164.52,organic,Southeast
2020-03-08,0.93,2995671.05,1048484.87,1048484.87,149783.55,748917.76,conventional,Great_Lakes
2020-03-08,1.57,97695.68,34193.49,34193.49,4884.78,24423.92,organic,Great_Lakes
2020-03-08,1.27,1801425.77,630499.02,630499.02,90071.29,450356.44,conventional,MidSouth
2020-03-08,1.65,99888.87,34961.11,34961.11,4994.44,24972.22,organic,MidSouth
2020-03-08,1.22,2950507.8,1032677.73,1032677.73,147525.39,737626.95,conventional,SouthCentral
2020-03-08,1.49,191338.98,66968.64,66968.64,9566.95,47834.75,organic,SouthCentral
2020-03-15,1.19,2814808.13,985182.85,985182.85,140740.41,703702.03,conventional,California
2020-03-15,1.52,156045.49,54615.92,54615.92,7802.27,39011.37,organic,California
2020-03-15,1.07,3336734.26,1167856.99,1167856.99,166836.71,834183.56,conventional,West
2020-03-15,1.87,108020.74,37807.26,37807.26,5401.04,27005.18,organic,West
2020-03-15,0.99,2987194.64,1045518.13,1045518.13,149359.73,746798.66,conventional,Northeast
2020-03-15,1.8,109498.84,38324.59,38324.59,5474.94,27374.71,organic,Northeast
2020-03-15,1.14,2350693.14,822742.6,822742.6,117534.66,587673.29,conventional,Southeast
2020-03-15,1.72,93432.48,32701.37,32701.37,4671.62,23358.12,organic,Southeast
2020-03-15,1.18,2115385.88,740385.06,740385.06,105769.29,528846.47,conventional,Great_Lakes
2020-03-15,1.52,111056.36,38869.73,38869.73,5552.82,27764.09,organic,Great_Lakes
2020-03-15,1.11,2005285.31,701849.86,701849.86,100264.27,501321.33,conventional,MidSouth
2020-03-15,1.69,58158.24,20355.38,20355.38,2907.91,14539.56,organic,MidSouth
2020-03-15,1.07,3587731.39,1255705.99,1255705.99,179386.57,896932.85,conventional,SouthCentral
2020-03-15,1.88,112508.75,39378.06,39378.06,5625.44,28127.19,organic,SouthCentral
2020-03-22,1.17,3208177.51,1122862.13,1122862.13,160408.88,802044.38,conventional,California
2020-03-22,1.45,163906.53,57367.29,57367.29,8195.33,40976.63,organic,California
2020-03-22,1.07,3248632.61,1137021.41,1137021.41,162431.63,812158.15,conventional,West
2020-03-22,1.53,144648.92,50627.12,50627.12,7232.45,36162.23,organic,West
2020-03-22,1.42,2218185.1,776364.79,776364.79,110909.26,554546.28,conventional,Northeast
2020-03-22,1.82,110638.01,38723.3,38723.3,5531.9,27659.5,organic,Northeast
2020-03-22,0.99,3007179.15,1052512.7,1052512.7,150358.96,751794.79,conventional,Southeast
2020-03-22,1.81,86658.12,30330.34,30330.34,4332.91,21664.53,organic,Southeast
2020-03-22,1.25,2216923.2,775923.12,775923.12,110846.16,554230.8,conventional,Great_Lakes
2020-03-22,1.93,79115.21,27690.32,27690.32,3955.76,19778.8,organic,Great_Lakes
2020-03-22,1.04,2126900.75,744415.26,744415.26,106345.04,531725.19,conventional,MidSouth
2020-03-22,1.87,60155.55,21054.44,21054.44,3007.78,15038.89,organic,MidSouth
2020-03-22,0.94,4361528.15,1526534.85,1526534.85,218076.41,1090382.04,conventional,SouthCentral
2020-03-22,1.58,161703.15,56596.1,56596.1,8085.16,40425.79,organic,SouthCentral
2020-03-29,1.24,2511097.89,878884.26,878884.26,125554.89,627774.47,conventional,California
2020-03-29,1.37,211383.58,73984.25,73984.25,10569.18,52845.89,organic,California
2020-03-29,1.05,3179971.25,1112989.94,1112989.94,158998.56,794992.81,conventional,West
2020-03-29,1.82,115804.24,40531.48,40531.48,5790.21,28951.06,organic,West
2020-03-29,1.14,2829815.18,990435.31,990435.31,141490.76,707453.8,conventional,Northeast
2020-03-29,1.81,102101.79,35735.63,35735.63,5105.09,25525.45,organic,Northeast
2020-03-29,1.3,1742492.16,609872.26,609872.26,87124.61,435623.04,conventional,Southeast
2020-03-29,1.76,90267.52,31593.63,31593.63,4513.38,22566.88,organic,Southeast
2020-03-29,1.29,2035988.08,712595.83,712595.83,101799.4,508997.02,conventional,Great_Lakes
2020-03-29,1.55,122371.92,42830.17,42830.17,6118.6,30592.98,organic,Great_Lakes
2020-03-29,1.24,1851615.08,648065.28,648065.28,92580.75,462903.77,conventional,MidSouth
2020-03-29,1.5,95851.24,33547.94,33547.94,4792.56,23962.81,organic,MidSouth
2020-03-29,1.15,3370174.38,1179561.03,1179561.03,168508.72,842543.6,conventional,SouthCentral
2020-03-29,1.76,112504.59,39376.61,39376.61,5625.23,28126.15,organic,SouthCentral
2020-04-05,1.18,2683232.37,939131.33,939131.33,134161.62,670808.09,conventional,California
2020-04-05,1.52,133792.98,46827.54,46827.54,6689.65,33448.25,organic,California
2020-04-05,1.13,2330385.37,815634.88,815634.88,116519.27,582596.34,conventional,West
2020-04-05,1.54,138017.49,48306.12,48306.12,6900.87,34504.37,organic,West
2020-04-05,1.2,2353721.24,823802.43,823802.43,117686.06,588430.31,conventional,Northeast
2020-04-05,1.62,143519.03,50231.66,50231.66,7175.95,35879.76,organic,Northeast
2020-04-05,1.25,2298462.65,804461.93,804461.93,114923.13,574615.66,conventional,Southeast
2020-04-05,1.58,120705.29,42246.85,42246.85,6035.26,30176.32,organic,Southeast
2020-04-05,1.13,2299972.43,804990.35,804990.35,114998.62,574993.11,conventional,Great_Lakes
2020-04-05,1.71,91278.44,31947.45,31947.45,4563.92,22819.61,organic,Great_Lakes
2020-04-05,1.3,1608314.77,562910.17,562910.17,80415.74,402078.69,conventional,MidSouth
2020-04-05,1.74,90891.49,31812.02,31812.02,4544.57,22722.87,organic,MidSouth
2020-04-05,1.25,2664699.07,932644.67,932644.67,133234.95,666174.77,conventional,SouthCentral
2020-04-05,1.72,153140.87,53599.31,53599.31,7657.04,38285.22,organic,SouthCentral
2020-04-12,1.24,2371713.08,830099.58,830099.58,118585.65,592928.27,conventional,California
2020-04-12,1.55,155003.45,54251.21,54251.21,7750.17,38750.86,organic,California
2020-04-12,1.07,3229331.14,1130265.9,1130265.9,161466.56,807332.78,conventional,West
2020-04-12,1.89,111112.08,38889.23,38889.23,5555.6,27778.02,organic,West
2020-04-12,1.08,2687050.0,940467.5,940467.5,134352.5,671762.5,conventional,Northeast
2020-04-12,1.7,99943.26,34980.14,34980.14,4997.16,24985.82,organic,Northeast
2020-04-12,1.13,2503167.47,876108.61,876108.61,125158.37,625791.87,conventional,Southeast
2020-04-12,1.84,96408.03,33742.81,33742.81,4820.4,24102.01,organic,Southeast
2020-04-12,1.08,2710959.02,948835.66,948835.66,135547.95,677739.76,conventional,Great_Lakes
2020-04-12,1.61,94283.29,32999.15,32999.15,4714.16,23570.82,organic,Great_Lakes
2020-04-12,1.13,2169446.86,759306.4,759306.4,108472.34,542361.71,conventional,MidSouth
2020-04-12,1.67,83515.35,29230.37,29230.37,4175.77,20878.84,organic,MidSouth
2020-04-12,1.31,2507553.23,877643.63,877643.63,125377.66,626888.31,conventional,SouthCentral
2020-04-12,1.46,153025.31,53558.86,53558.86,7651.27,38256.33,organic,SouthCentral
2020-04-19,1.19,2771805.76,970132.02,970132.02,138590.29,692951.44,conventional,California
2020-04-19,1.88,107671.65,37685.08,37685.08,5383.58,26917.91,organic,California
2020-04-19,1.11,3175436.56,1111402.8,1111402.8,158771.83,793859.14,conventional,West
2020-04-19,1.67,113636.54,39772.79,39772.79,5681.83,28409.14,organic,West
2020-04-19,1.42,2125721.7,744002.6,744002.6,106286.09,531430.43,conventional,Northeast
2020-04-19,1.68,123441.14,43204.4,43204.4,6172.06,30860.29,organic,Northeast
2020-04-19,1.22,2176355.13,761724.29,761724.29,108817.76,544088.78,conventional,Southeast
2020-04-19,1.56,123702.43,43295.85,43295.85,6185.12,30925.61,organic,Southeast
2020-04-19,1.19,2048013.43,716804.7,716804.7,102400.67,512003.36,conventional,Great_Lakes
2020-04-19,1.86,87864.64,30752.62,30752.62,4393.23,21966.16,organic,Great_Lakes
2020-04-19,1.22,1964068.82,687424.09,687424.09,98203.44,491017.2,conventional,MidSouth
2020-04-19,1.65,87782.02,30723.71,30723.71,4389.1,21945.51,organic,MidSouth
2020-04-19,1.23,2878070.96,1007324.83,1007324.83,143903.55,719517.74,conventional,SouthCentral
2020-04-19,1.66,150048.92,52517.12,52517.12,7502.45,37512.23,organic,SouthCentral
2020-04-26,1.05,3818844.24,1336595.49,1336595.49,190942.21,954711.06,conventional,California
2020-04-26,1.44,137983.82,48294.34,48294.34,6899.19,34495.95,organic,California
2020-04-26,1.28,2807743.05,982710.07,982710.07,140387.15,701935.76,conventional,West
2020-04-26,1.5,167962.54,58786.89,58786.89,8398.13,41990.63,organic,West
2020-04-26,1.3,2280673.24,798235.63,798235.63,114033.66,570168.31,conventional,Northeast
2020-04-26,2.04,73118.21,25591.37,25591.37,3655.91,18279.55,organic,Northeast
2020-04-26,1.22,2420114.7,847040.14,847040.14,121005.73,605028.67,conventional,Southeast
2020-04-26,1.78,92942.24,32529.78,32529.78,4647.11,23235.56,organic,Southeast
2020-04-26,1.12,2436117.68,852641.19,852641.19,121805.88,609029.42,conventional,Great_Lakes
2020-04-26,1.77,97651.45,34178.01,34178.01,4882.57,24412.86,organic,Great_Lakes
2020-04-26,1.25,1569632.11,549371.24,549371.24,78481.61,392408.03,conventional,MidSouth
2020-04-26,1.62,80120.16,28042.06,28042.06,4006.01,20030.04,organic,MidSouth
2020-04-26,1.11,3758801.77,1315580.62,1315580.62,187940.09,939700.44,conventional,SouthCentral
2020-04-26,1.67,190908.03,66817.81,66817.81,9545.4,47727.01,organic,SouthCentral
2020-05-03,1.17,2664877.96,932707.28,932707.28,133243.9,666219.49,conventional,California
2020-05-03,1.67,112573.43,39400.7,39400.7,5628.67,28143.36,organic,California
2020-05-03,1.14,3181314.69,1113460.14,1113460.14,159065.73,795328.67,conventional,West
2020-05-03,1.67,118099.53,41334.83,41334.83,5904.98,29524.88,organic,West
2020-05-03,1.06,2707564.14,947647.45,947647.45,135378.21,676891.04,conventional,Northeast
2020-05-03,1.66,126738.23,44358.38,44358.38,6336.91,31684.56,organic,Northeast
2020-05-03,1.02,2568298.78,898904.57,898904.57,128414.94,642074.69,conventional,Southeast
2020-05-03,1.67,82810.42,28983.65,28983.65,4140.52,20702.6,organic,Southeast
2020-05-03,1.07,2254112.25,788939.29,788939.29,112705.61,563528.06,conventional,Great_Lakes
2020-05-03,1.53,111108.91,38888.12,38888.12,5555.45,27777.23,organic,Great_Lakes
2020-05-03,1.13,1757544.45,615140.56,615140.56,87877.22,439386.11,conventional,MidSouth
2020-05-03,1.71,91048.02,31866.81,31866.81,4552.4,22762.01,organic,MidSouth
2020-05-03,1.31,2293290.57,802651.7,802651.7,114664.53,573322.64,conventional,SouthCentral
2020-05-03,1.74,129211.16,45223.91,45223.91,6460.56,32302.79,organic,SouthCentral
2020-05-10,1.17,2579552.47,902843.36,902843.36,128977.62,644888.12,conventional,California
2020-05-10,1.67,121630.49,42570.67,42570.67,6081.52,30407.62,organic,California
2020-05-10,1.09,2868038.9,1003813.61,1003813.61,143401.94,717009.72,conventional,West
2020-05-10,1.58,141490.1,49521.54,49521.54,7074.51,35372.53,organic,West
2020-05-10,1.21,2539675.29,888886.35,888886.35,126983.76,634918.82,conventional,Northeast
2020-05-10,1.58,125228.3,43829.91,43829.91,6261.42,31307.08,organic,Northeast
2020-05-10,1.25,2240468.34,784163.92,784163.92,112023.42,560117.08,conventional,Southeast
2020-05-10,1.64,100025.6,35008.96,35008.96,5001.28,25006.4,organic,Southeast
2020-05-10,1.17,1935773.02,677520.56,677520.56,96788.65,483943.26,conventional,Great_Lakes
2020-05-10,1.62,107742.93,37710.03,37710.03,5387.15,26935.73,organic,Great_Lakes
2020-05-10,1.21,1650775.37,577771.38,577771.38,82538.77,412693.84,conventional,MidSouth
2020-05-10,1.68,72563.91,25397.37,25397.37,3628.2,18140.98,organic,MidSouth
2020-05-10,1.22,2915194.64,1020318.13,1020318.13,145759.73,728798.66,conventional,SouthCentral
2020-05-10,1.61,142292.49,49802.37,49802.37,7114.62,35573.12,organic,SouthCentral
2020-05-17,1.14,2630714.19,920749.97,920749.97,131535.71,657678.55,conventional,California
2020-05-17,1.75,107243.7,37535.3,37535.3,5362.19,26810.93,organic,California
2020-05-17,1.31,2761643.39,966575.19,966575.19,138082.17,690410.85,conventional,West
2020-05-17,1.52,148426.51,51949.28,51949.28,7421.33,37106.63,organic,West
2020-05-17,1.08,2648276.21,926896.67,926896.67,132413.81,662069.05,conventional,Northeast
2020-05-17,1.95,85728.51,30004.98,30004.98,4286.43,21432.13,organic,Northeast
2020-05-17,1.19,2267460.31,793611.11,793611.11,113373.02,566865.08,conventional,Southeast
2020-05-17,1.5,107449.96,37607.49,37607.49,5372.5,26862.49,organic,Southeast
2020-05-17,1.03,2317975.84,811291.54,811291.54,115898.79,579493.96,conventional,Great_Lakes
2020-05-17,1.22,161246.28,56436.2,56436.2,8062.31,40311.57,organic,Great_Lakes
2020-05-17,1.36,1487586.28,520655.2,520655.2,74379.31,371896.57,conventional,MidSouth
2020-05-17,1.44,93578.1,32752.33,32752.33,4678.9,23394.52,organic,MidSouth
2020-05-17,1.1,3064470.36,1072564.62,1072564.62,153223.52,766117.59,conventional,SouthCentral
2020-05-17,1.78,137556.68,48144.84,48144.84,6877.83,34389.17,organic,SouthCentral
2020-05-24,1.03,3275911.83,1146569.14,1146569.14,163795.59,818977.96,conventional,California
2020-05-24,1.88,121157.14,42405.0,42405.0,6057.86,30289.28,organic,California
2020-05-24,1.44,2035072.84,712275.49,712275.49,101753.64,508768.21,conventional,West
2020-05-24,2.07,88954.43,31134.05,31134.05,4447.72,22238.61,organic,West
2020-05-24,1.09,2771863.93,970152.38,970152.38,138593.2,692965.98,conventional,Northeast
2020-05-24,1.56,128285.38,44899.88,44899.88,6414.27,32071.35,organic,Northeast
2020-05-24,1.02,2578533.34,902486.67,902486.67,128926.67,644633.34,conventional,Southeast
2020-05-24,1.84,85453.49,29908.72,29908.72,4272.67,21363.37,organic,Southeast
2020-05-24,1.16,2216237.18,775683.01,775683.01,110811.86,554059.29,conventional,Great_Lakes
2020-05-24,1.83,70911.39,24818.99,24818.99,3545.57,17727.85,organic,Great_Lakes
2020-05-24,1.21,1660869.13,581304.2,581304.2,83043.46,415217.28,conventional,MidSouth
2020-05-24,1.67,88214.7,30875.14,30875.14,4410.73,22053.67,organic,MidSouth
2020-05-24,1.03,3341494.85,1169523.2,1169523.2,167074.74,835373.71,conventional,SouthCentral
2020-05-24,1.36,179704.57,62896.6,62896.6,8985.23,44926.14,organic,SouthCentral
2020-05-31,1.28,2339044.46,818665.56,818665.56,116952.22,584761.12,conventional,California
2020-05-31,1.45,140907.07,49317.48,49317.48,7045.35,35226.77,organic,California
2020-05-31,1.0,3139112.81,1098689.48,1098689.48,156955.64,784778.2,conventional,West
2020-05-31,1.71,109600.58,38360.2,38360.2,5480.03,27400.14,organic,West
2020-05-31,1.26,2239176.2,783711.67,783711.67,111958.81,559794.05,conventional,Northeast
2020-05-31,1.66,109217.32,38226.06,38226.06,5460.87,27304.33,organic,Northeast
2020-05-31,1.23,2215014.37,775255.03,775255.03,110750.72,553753.59,conventional,Southeast
2020-05-31,1.7,102611.17,35913.91,35913.91,5130.56,25652.79,organic,Southeast
2020-05-31,1.13,2315745.5,810510.93,810510.93,115787.28,578936.38,conventional,Great_Lakes
2020-05-31,1.6,102071.44,35725.0,35725.0,5103.57,25517.86,organic,Great_Lakes
2020-05-31,1.12,1793919.27,627871.74,627871.74,89695.96,448479.82,conventional,MidSouth
2020-05-31,1.55,93704.18,32796.46,32796.46,4685.21,23426.04,organic,MidSouth
2020-05-31,1.28,3031814.8,1061135.18,1061135.18,151590.74,757953.7,conventional,SouthCentral
2020-05-31,1.46,193798.7,67829.55,67829.55,9689.94,48449.68,organic,SouthCentral
2020-06-07,1.12,2737481.5,958118.52,958118.52,136874.07,684370.37,conventional,California
2020-06-07,1.51,130665.04,45732.76,45732.76,6533.25,32666.26,organic,California
2020-06-07,1.18,2307204.22,807521.48,807521.48,115360.21,576801.05,conventional,West
2020-06-07,1.74,127469.18,44614.21,44614.21,6373.46,31867.3,organic,West
2020-06-07,1.13,2672086.26,935230.19,935230.19,133604.31,668021.56,conventional,Northeast
2020-06-07,1.62,118100.33,41335.11,41335.11,5905.02,29525.08,organic,Northeast
2020-06-07,0.93,3330108.14,1165537.85,1165537.85,166505.41,832527.04,conventional,Southeast
2020-06-07,1.87,75753.67,26513.79,26513.79,3787.68,18938.42,organic,Southeast
2020-06-07,0.95,2608983.06,913144.07,913144.07,130449.15,652245.76,conventional,Great_Lakes
2020-06-07,1.43,116967.39,40938.59,40938.59,5848.37,29241.85,organic,Great_Lakes
2020-06-07,1.19,1490600.41,521710.14,521710.14,74530.02,372650.1,conventional,MidSouth
2020-06-07,1.82,70739.64,24758.87,24758.87,3536.98,17684.91,organic,MidSouth
2020-06-07,1.25,2656374.31,929731.01,929731.01,132818.72,664093.58,conventional,SouthCentral
2020-06-07,1.44,179117.1,62690.98,62690.98,8955.85,44779.27,organic,SouthCentral
2020-06-14,1.12,2322087.63,812730.67,812730.67,116104.38,580521.91,conventional,California
2020-06-14,1.85,117393.07,41087.57,41087.57,5869.65,29348.27,organic,California
2020-06-14,1.15,3208070.37,1122824.63,1122824.63,160403.52,802017.59,conventional,West
2020-06-14,1.66,114843.27,40195.14,40195.14,5742.16,28710.82,organic,West
2020-06-14,1.09,2875888.65,1006561.03,1006561.03,143794.43,718972.16,conventional,Northeast
2020-06-14,1.53,127021.23,44457.43,44457.43,6351.06,31755.31,organic,Northeast
2020-06-14,1.09,2153446.92,753706.42,753706.42,107672.35,538361.73,conventional,Southeast
2020-06-14,1.8,79428.5,27799.97,27799.97,3971.42,19857.12,organic,Southeast
2020-06-14,1.11,2307542.79,807639.98,807639.98,115377.14,576885.7,conventional,Great_Lakes
2020-06-14,1.89,78839.09,27593.68,27593.68,3941.95,19709.77,organic,Great_Lakes
2020-06-14,1.08,1734767.07,607168.47,607168.47,86738.35,433691.77,conventional,MidSouth
2020-06-14,1.66,77110.99,26988.84,26988.84,3855.55,19277.75,organic,MidSouth
2020-06-14,1.05,3483977.49,1219392.12,1219392.12,174198.87,870994.37,conventional,SouthCentral
2020-06-14,1.66,109995.56,38498.45,38498.45,5499.78,27498.89,organic,SouthCentral
2020-06-21,1.06,2688172.69,940860.44,940860.44,134408.63,672043.17,conventional,California
2020-06-21,1.64,138154.42,48354.05,48354.05,6907.72,34538.61,organic,California
2020-06-21,1.17,2448713.73,857049.81,857049.81,122435.69,612178.43,conventional,West
2020-06-21,1.68,113184.3,39614.51,39614.51,5659.22,28296.08,organic,West
2020-06-21,1.18,2378694.57,832543.1,832543.1,118934.73,594673.64,conventional,Northeast
2020-06-21,1.83,90162.08,31556.73,31556.73,4508.1,22540.52,organic,Northeast
2020-06-21,1.31,1911114.41,668890.04,668890.04,95555.72,477778.6,conventional,Southeast
2020-06-21,1.54,130041.14,45514.4,45514.4,6502.06,32510.29,organic,Southeast
2020-06-21,1.18,1820132.69,637046.44,637046.44,91006.63,455033.17,conventional,Great_Lakes
2020-06-21,1.9,90388.94,31636.13,31636.13,4519.45,22597.23,organic,Great_Lakes
2020-06-21,1.15,1618901.12,566615.39,566615.39,80945.06,404725.28,conventional,MidSouth
2020-06-21,1.62,83027.83,29059.74,29059.74,4151.39,20756.96,organic,MidSouth
2020-06-21,1.28,2696598.51,943809.48,943809.48,134829.93,674149.63,conventional,SouthCentral
2020-06-21,1.67,151353.82,52973.84,52973.84,7567.69,37838.45,organic,SouthCentral
2020-06-28,1.12,2831646.78,991076.37,991076.37,141582.34,707911.69,conventional,California
2020-06-28,1.61,123024.45,43058.56,43058.56,6151.22,30756.11,organic,California
2020-06-28,1.14,2708473.84,947965.84,947965.84,135423.69,677118.46,conventional,West
2020-06-28,1.59,145600.3,50960.11,50960.11,7280.02,36400.08,organic,West
2020-06-28,1.08,2406121.8,842142.63,842142.63,120306.09,601530.45,conventional,Northeast
2020-06-28,1.97,89459.9,31310.97,31310.97,4473.0,22364.98,organic,Northeast
2020-06-28,0.91,2682945.43,939030.9,939030.9,134147.27,670736.36,conventional,Southeast
2020-06-28,1.38,112401.71,39340.6,39340.6,5620.09,28100.43,organic,Southeast
2020-06-28,0.84,2968912.83,1039119.49,1039119.49,148445.64,742228.21,conventional,Great_Lakes
2020-06-28,1.48,107418.46,37596.46,37596.46,5370.92,26854.62,organic,Great_Lakes
2020-06-28,0.99,2045247.8,715836.73,715836.73,102262.39,511311.95,conventional,MidSouth
2020-06-28,1.59,92933.15,32526.6,32526.6,4646.66,23233.29,organic,MidSouth
2020-06-28,1.29,2707939.08,947778.68,947778.68,135396.95,676984.77,conventional,SouthCentral
2020-06-28,1.6,168574.46,59001.06,59001.06,8428.72,42143.62,organic,SouthCentral
2020-07-05,0.99,2496807.98,873882.79,873882.79,124840.4,624202.0,conventional,California
2020-07-05,1.64,132739.29,46458.75,46458.75,6636.96,33184.82,organic,California
2020-07-05,1.13,2504317.8,876511.23,876511.23,125215.89,626079.45,conventional,West
2020-07-05,1.43,151624.49,53068.57,53068.57,7581.22,37906.12,organic,West
2020-07-05,1.25,2097079.41,733977.79,733977.79,104853.97,524269.85,conventional,Northeast
2020-07-05,1.56,99504.77,34826.67,34826.67,4975.24,24876.19,organic,Northeast
2020-07-05,1.02,2269235.81,794232.53,794232.53,113461.79,567308.95,conventional,Southeast
2020-07-05,1.49,90606.54,31712.29,31712.29,4530.33,22651.63,organic,Southeast
2020-07-05,1.11,1878728.86,657555.1,657555.1,93936.44,469682.21,conventional,Great_Lakes
2020-07-05,1.57,94654.24,33128.99,33128.99,4732.71,23663.56,organic,Great_Lakes
2020-07-05,1.16,1505112.99,526789.55,526789.55,75255.65,376278.25,conventional,MidSouth
2020-07-05,1.68,61691.47,21592.01,21592.01,3084.57,15422.87,organic,MidSouth
2020-07-05,1.16,2720337.44,952118.1,952118.1,136016.87,680084.36,conventional,SouthCentral
2020-07-05,1.42,168278.59,58897.51,58897.51,8413.93,42069.65,organic,SouthCentral
2020-07-12,1.06,2593094.34,907583.02,907583.02,129654.72,648273.59,conventional,California
2020-07-12,1.82,98805.48,34581.92,34581.92,4940.27,24701.37,organic,California
2020-07-12,1.15,2405506.75,841927.36,841927.36,120275.34,601376.69,conventional,West
2020-07-12,1.79,105591.81,36957.13,36957.13,5279.59,26397.95,organic,West
2020-07-12,1.09,2186828.06,765389.82,765389.82,109341.4,546707.02,conventional,Northeast
2020-07-12,1.34,135780.38,47523.13,47523.13,6789.02,33945.1,organic,Northeast
2020-07-12,1.14,2145866.5,751053.28,751053.28,107293.33,536466.63,conventional,Southeast
2020-07-12,1.7,95053.12,33268.59,33268.59,4752.66,23763.28,organic,Southeast
2020-07-12,1.08,2207924.41,772773.54,772773.54,110396.22,551981.1,conventional,Great_Lakes
2020-07-12,1.57,97518.99,34131.65,34131.65,4875.95,24379.75,organic,Great_Lakes
2020-07-12,1.0,1875456.06,656409.62,656409.62,93772.8,468864.02,conventional,MidSouth
2020-07-12,1.35,91633.03,32071.56,32071.56,4581.65,22908.26,organic,MidSouth
2020-07-12,1.19,2487928.94,870775.13,870775.13,124396.45,621982.24,conventional,SouthCentral
2020-07-12,1.49,154597.82,54109.24,54109.24,7729.89,38649.45,organic,SouthCentral
2020-07-19,1.14,2266143.57,793150.25,793150.25,113307.18,566535.89,conventional,California
2020-07-19,1.66,135568.78,47449.07,47449.07,6778.44,33892.2,organic,California
2020-07-19,1.27,2420584.22,847204.48,847204.48,121029.21,605146.06,conventional,West
2020-07-19,1.72,107174.09,37510.93,37510.93,5358.7,26793.52,organic,West
2020-07-19,0.91,2758507.48,965477.62,965477.62,137925.37,689626.87,conventional,Northeast
2020-07-19,1.58,86664.11,30332.44,30332.44,4333.21,21666.03,organic,Northeast
2020-07-19,1.03,1892230.77,662280.77,662280.77,94611.54,473057.69,conventional,Southeast
2020-07-19,1.64,95230.91,33330.82,33330.82,4761.55,23807.73,organic,Southeast
2020-07-19,1.26,1717944.31,601280.51,601280.51,85897.22,429486.08,conventional,Great_Lakes
2020-07-19,1.51,79253.31,27738.66,27738.66,3962.67,19813.33,organic,Great_Lakes
2020-07-19,0.97,1726670.88,604334.81,604334.81,86333.54,431667.72,conventional,MidSouth
2020-07-19,1.52,77980.65,27293.23,27293.23,3899.03,19495.16,organic,MidSouth
2020-07-19,1.05,3134968.57,1097239.0,1097239.0,156748.43,783742.14,conventional,SouthCentral
2020-07-19,1.62,126309.16,44208.21,44208.21,6315.46,31577.29,organic,SouthCentral
2020-07-26,1.26,1883922.07,659372.72,659372.72,94196.1,470980.52,conventional,California
2020-07-26,1.71,98897.2,34614.02,34614.02,4944.86,24724.3,organic,California
2020-07-26,1.12,2767908.06,968767.82,968767.82,138395.4,691977.02,conventional,West
2020-07-26,1.78,90566.72,31698.35,31698.35,4528.34,22641.68,organic,West
2020-07-26,1.13,2269162.77,794206.97,794206.97,113458.14,567290.69,conventional,Northeast
2020-07-26,1.61,107632.4,37671.34,37671.34,5381.62,26908.1,organic,Northeast
2020-07-26,1.18,2181548.62,763542.02,763542.02,109077.43,545387.16,conventional,Southeast
2020-07-26,1.42,107947.29,37781.55,37781.55,5397.36,26986.82,organic,Southeast
2020-07-26,1.06,2168428.51,758949.98,758949.98,108421.43,542107.13,conventional,Great_Lakes
2020-07-26,1.41,110114.78,38540.17,38540.17,5505.74,27528.69,organic,Great_Lakes
2020-07-26,1.09,1571736.8,550107.88,550107.88,78586.84,392934.2,conventional,MidSouth
2020-07-26,1.43,82353.67,28823.78,28823.78,4117.68,20588.42,organic,MidSouth
2020-07-26,1.26,2424039.28,848413.75,848413.75,121201.96,606009.82,conventional,SouthCentral
2020-07-26,1.74,132806.01,46482.1,46482.1,6640.3,33201.5,organic,SouthCentral
2020-08-02,1.18,2037470.57,713114.7,713114.7,101873.53,509367.64,conventional,California
2020-08-02,1.72,87662.55,30681.89,30681.89,4383.13,21915.64,organic,California
2020-08-02,1.1,2189718.13,766401.35,766401.35,109485.91,547429.53,conventional,West
2020-08-02,1.79,89567.45,31348.61,31348.61,4478.37,22391.86,organic,West
2020-08-02,1.17,1846423.11,646248.09,646248.09,92321.16,461605.78,conventional,Northeast
2020-08-02,1.72,80385.82,28135.04,28135.04,4019.29,20096.46,organic,Northeast
2020-08-02,1.14,1990053.83,696518.84,696518.84,99502.69,497513.46,conventional,Southeast
2020-08-02,1.77,73822.88,25838.01,25838.01,3691.14,18455.72,organic,Southeast
2020-08-02,0.97,2744821.34,960687.47,960687.47,137241.07,686205.34,conventional,Great_Lakes
2020-08-02,1.91,67930.27,23775.59,23775.59,3396.51,16982.57,organic,Great_Lakes
2020-08-02,1.07,1575984.35,551594.52,551594.52,78799.22,393996.09,conventional,MidSouth
2020-08-02,1.57,80418.22,28146.38,28146.38,4020.91,20104.56,organic,MidSouth
2020-08-02,1.18,2334887.66,817210.68,817210.68,116744.38,583721.91,conventional,SouthCentral
2020-08-02,1.58,137304.62,48056.62,48056.62,6865.23,34326.16,organic,SouthCentral
2020-08-09,1.31,2104723.37,736653.18,736653.18,105236.17,526180.84,conventional,California
2020-08-09,1.76,86940.82,30429.29,30429.29,4347.04,21735.2,organic,California
2020-08-09,0.83,3621730.11,1267605.54,1267605.54,181086.51,905432.53,conventional,West
2020-08-09,1.65,106602.89,37311.01,37311.01,5330.14,26650.72,organic,West
2020-08-09,1.16,1829092.21,640182.27,640182.27,91454.61,457273.05,conventional,Northeast
2020-08-09,1.73,90958.75,31835.56,31835.56,4547.94,22739.69,organic,Northeast
2020-08-09,1.22,1833290.92,641651.82,641651.82,91664.55,458322.73,conventional,Southeast
2020-08-09,1.74,72734.18,25456.96,25456.96,3636.71,18183.54,organic,Southeast
2020-08-09,1.14,1780026.51,623009.28,623009.28,89001.33,445006.63,conventional,Great_Lakes
2020-08-09,1.67,85831.65,30041.08,30041.08,4291.58,21457.91,organic,Great_Lakes
2020-08-09,1.21,1611885.45,564159.91,564159.91,80594.27,402971.36,conventional,MidSouth
2020-08-09,1.98,50330.29,17615.6,17615.6,2516.51,12582.57,organic,MidSouth
2020-08-09,0.77,4689044.33,1641165.52,1641165.52,234452.22,1172261.08,conventional,SouthCentral
2020-08-09,1.57,114421.15,40047.4,40047.4,5721.06,28605.29,organic,SouthCentral
2020-08-16,1.11,2210246.94,773586.43,773586.43,110512.35,552561.73,conventional,California
2020-08-16,1.74,77721.38,27202.48,27202.48,3886.07,19430.35,organic,California
2020-08-16,1.04,2717605.5,951161.92,951161.92,135880.27,679401.37,conventional,West
2020-08-16,1.74,103171.07,36109.87,36109.87,5158.55,25792.77,organic,West
2020-08-16,1.07,2067044.5,723465.57,723465.57,103352.22,516761.12,conventional,Northeast
2020-08-16,1.57,101093.62,35382.77,35382.77,5054.68,25273.41,organic,Northeast
2020-08-16,1.3,1332139.24,466248.73,466248.73,66606.96,333034.81,conventional,Southeast
2020-08-16,1.62,74079.63,25927.87,25927.87,3703.98,18519.91,organic,Southeast
2020-08-16,0.98,2299865.04,804952.76,804952.76,114993.25,574966.26,conventional,Great_Lakes
2020-08-16,1.73,76679.72,26837.9,26837.9,3833.99,19169.93,organic,Great_Lakes
2020-08-16,1.24,1277124.66,446993.63,446993.63,63856.23,319281.16,conventional,MidSouth
2020-08-16,1.59,86801.16,30380.41,30380.41,4340.06,21700.29,organic,MidSouth
2020-08-16,1.13,2786572.36,975300.33,975300.33,139328.62,696643.09,conventional,SouthCentral
2020-08-16,1.65,95466.88,33413.41,33413.41,4773.34,23866.72,organic,SouthCentral
2020-08-23,0.95,2672848.43,935496.95,935496.95,133642.42,668212.11,conventional,California
2020-08-23,1.81,92910.83,32518.79,32518.79,4645.54,23227.71,organic,California
2020-08-23,1.24,1963499.06,687224.67,687224.67,98174.95,490874.76,conventional,West
2020-08-23,1.89,77694.38,27193.03,27193.03,3884.72,19423.6,organic,West
2020-08-23,1.17,1997738.24,699208.38,699208.38,99886.91,499434.56,conventional,Northeast
2020-08-23,1.62,107672.08,37685.23,37685.23,5383.6,26918.02,organic,Northeast
2020-08-23,1.08,1774575.31,621101.36,621101.36,88728.77,443643.83,conventional,Southeast
2020-08-23,1.65,78672.69,27535.44,27535.44,3933.63,19668.17,organic,Southeast
2020-08-23,1.49,1341604.82,469561.69,469561.69,67080.24,335401.2,conventional,Great_Lakes
2020-08-23,1.59,75072.48,26275.37,26275.37,3753.62,18768.12,organic,Great_Lakes
2020-08-23,0.96,1682770.69,588969.74,588969.74,84138.53,420692.67,conventional,MidSouth
2020-08-23,1.67,74589.5,26106.32,26106.32,3729.47,18647.37,organic,MidSouth
2020-08-23,1.26,2318451.58,811458.05,811458.05,115922.58,579612.9,conventional,SouthCentral
2020-08-23,1.6,123480.72,43218.25,43218.25,6174.04,30870.18,organic,SouthCentral
2020-08-30,1.1,2664221.58,932477.55,932477.55,133211.08,666055.39,conventional,California
2020-08-30,1.62,100254.68,35089.14,35089.14,5012.73,25063.67,organic,California
2020-08-30,0.93,3007792.31,1052727.31,1052727.31,150389.62,751948.08,conventional,West
2020-08-30,1.78,84618.57,29616.5,29616.5,4230.93,21154.64,organic,West
2020-08-30,1.07,2371606.86,830062.4,830062.4,118580.34,592901.71,conventional,Northeast
2020-08-30,1.43,126891.93,44412.17,44412.17,6344.6,31722.98,organic,Northeast
2020-08-30,1.1,1878688.83,657541.09,657541.09,93934.44,469672.21,conventional,Southeast
2020-08-30,1.48,100230.31,35080.61,35080.61,5011.52,25057.58,organic,Southeast
2020-08-30,1.4,1464969.92,512739.47,512739.47,73248.5,366242.48,conventional,Great_Lakes
2020-08-30,1.52,99831.92,34941.17,34941.17,4991.6,24957.98,organic,Great_Lakes
2020-08-30,1.12,1689033.64,591161.77,591161.77,84451.68,422258.41,conventional,MidSouth
2020-08-30,1.77,44008.83,15403.09,15403.09,2200.44,11002.21,organic,MidSouth
2020-08-30,1.05,3091512.13,1082029.25,1082029.25,154575.61,772878.03,conventional,SouthCentral
2020-08-30,1.67,101652.52,35578.38,35578.38,5082.63,25413.13,organic,SouthCentral
2020-09-06,1.09,1973345.38,690670.88,690670.88,98667.27,493336.35,conventional,California
2020-09-06,1.64,121525.68,42533.99,42533.99,6076.28,30381.42,organic,California
2020-09-06,1.23,2500763.96,875267.39,875267.39,125038.2,625190.99,conventional,West
2020-09-06,1.78,101341.84,35469.64,35469.64,5067.09,25335.46,organic,West
2020-09-06,1.35,1689703.78,591396.32,591396.32,84485.19,422425.95,conventional,Northeast
2020-09-06,1.62,102205.01,35771.75,35771.75,5110.25,25551.25,organic,Northeast
2020-09-06,1.3,1479738.88,517908.61,517908.61,73986.94,369934.72,conventional,Southeast
2020-09-06,1.54,90043.47,31515.22,31515.22,4502.17,22510.87,organic,Southeast
2020-09-06,1.23,1673357.97,585675.29,585675.29,83667.9,418339.49,conventional,Great_Lakes
2020-09-06,1.44,114772.66,40170.43,40170.43,5738.63,28693.17,organic,Great_Lakes
2020-09-06,1.09,1501448.96,525507.14,525507.14,75072.45,375362.24,conventional,MidSouth
2020-09-06,1.51,95560.44,33446.15,33446.15,4778.02,23890.11,organic,MidSouth
2020-09-06,1.17,2273736.88,795807.91,795807.91,113686.84,568434.22,conventional,SouthCentral
2020-09-06,1.78,108268.15,37893.85,37893.85,5413.41,27067.04,organic,SouthCentral
2020-09-13,1.13,2337806.19,818232.16,818232.16,116890.31,584451.55,conventional,California
2020-09-13,1.53,102991.93,36047.17,36047.17,5149.6,25747.98,organic,California
2020-09-13,0.95,2612159.91,914255.97,914255.97,130608.0,653039.98,conventional,West
2020-09-13,1.92,96295.31,33703.36,33703.36,4814.77,24073.83,organic,West
2020-09-13,1.16,2266647.83,793326.74,793326.74,113332.39,566661.96,conventional,Northeast
2020-09-13,1.63,89622.99,31368.05,31368.05,4481.15,22405.75,organic,Northeast
2020-09-13,1.16,1755841.5,614544.52,614544.52,87792.07,438960.37,conventional,Southeast
2020-09-13,1.62,92629.82,32420.44,32420.44,4631.49,23157.45,organic,Southeast
2020-09-13,1.17,1784311.16,624508.91,624508.91,89215.56,446077.79,conventional,Great_Lakes
2020-09-13,1.8,69979.17,24492.71,24492.71,3498.96,17494.79,organic,Great_Lakes
2020-09-13,1.05,1430289.9,500601.46,500601.46,71514.49,357572.47,conventional,MidSouth
2020-09-13,1.67,61819.2,21636.72,21636.72,3090.96,15454.8,organic,MidSouth
2020-09-13,1.16,2471423.08,864998.08,864998.08,123571.15,617855.77,conventional,SouthCentral
2020-09-13,2.04,71638.75,25073.56,25073.56,3581.94,17909.69,organic,SouthCentral
2020-09-20,0.95,2788427.91,975949.77,975949.77,139421.4,697106.98,conventional,California
2020-09-20,1.59,104667.96,36633.79,36633.79,5233.4,26166.99,organic,California
2020-09-20,1.21,2379168.11,832708.84,832708.84,118958.41,594792.03,conventional,West
2020-09-20,1.42,121130.73,42395.75,42395.75,6056.54,30282.68,organic,West
2020-09-20,1.19,2030492.64,710672.43,710672.43,101524.63,507623.16,conventional,Northeast
2020-09-20,1.98,75248.56,26337.0,26337.0,3762.43,18812.14,organic,Northeast
2020-09-20,1.14,1672003.28,585201.15,585201.15,83600.16,418000.82,conventional,Southeast
2020-09-20,1.57,81806.59,28632.3,28632.3,4090.33,20451.65,organic,Southeast
2020-09-20,1.22,1631567.46,571048.61,571048.61,81578.37,407891.86,conventional,Great_Lakes
2020-09-20,1.45,89348.02,31271.81,31271.81,4467.4,22337.0,organic,Great_Lakes
2020-09-20,1.24,1339287.05,468750.47,468750.47,66964.35,334821.76,conventional,MidSouth
2020-09-20,1.74,61817.06,21635.97,21635.97,3090.85,15454.27,organic,MidSouth
2020-09-20,1.31,2157767.42,755218.6,755218.6,107888.37,539441.86,conventional,SouthCentral
2020-09-20,1.59,108106.57,37837.3,37837.3,5405.33,27026.64,organic,SouthCentral
2020-09-27,1.17,1714794.76,600178.17,600178.17,85739.74,428698.69,conventional,California
2020-09-27,1.62,96709.95,33848.48,33848.48,4835.5,24177.49,organic,California
2020-09-27,1.01,2483188.06,869115.82,869115.82,124159.4,620797.02,conventional,West
2020-09-27,1.77,94446.47,33056.26,33056.26,4722.32,23611.62,organic,West
2020-09-27,1.16,2025649.91,708977.47,708977.47,101282.5,506412.48,conventional,Northeast
2020-09-27,1.66,100451.23,35157.93,35157.93,5022.56,25112.81,organic,Northeast
2020-09-27,1.16,1566850.57,548397.7,548397.7,78342.53,391712.64,conventional,Southeast
2020-09-27,1.89,67652.52,23678.38,23678.38,3382.63,16913.13,organic,Southeast
2020-09-27,1.09,1654872.2,579205.27,579205.27,82743.61,413718.05,conventional,Great_Lakes
2020-09-27,1.71,72172.34,25260.32,25260.32,3608.62,18043.09,organic,Great_Lakes
2020-09-27,1.31,1182807.79,413982.73,413982.73,59140.39,295701.95,conventional,MidSouth
2020-09-27,1.52,79031.0,27660.85,27660.85,3951.55,19757.75,organic,MidSouth
2020-09-27,1.24,2298601.61,804510.56,804510.56,114930.08,574650.4,conventional,SouthCentral
2020-09-27,1.75,102292.15,35802.25,35802.25,5114.61,25573.04,organic,SouthCentral
2020-10-04,1.17,2346189.5,821166.32,821166.32,117309.47,586547.37,conventional,California
2020-10-04,1.74,89162.62,31206.92,31206.92,4458.13,22290.66,organic,California
2020-10-04,1.29,1683933.92,589376.87,589376.87,84196.7,420983.48,conventional,West
2020-10-04,1.96,68558.64,23995.53,23995.53,3427.93,17139.66,organic,West
2020-10-04,1.09,2187114.79,765490.18,765490.18,109355.74,546778.7,conventional,Northeast
2020-10-04,1.63,103760.1,36316.04,36316.04,5188.01,25940.03,organic,Northeast
2020-10-04,1.04,2104161.83,736456.64,736456.64,105208.09,526040.46,conventional,Southeast
2020-10-04,1.56,91699.05,32094.67,32094.67,4584.95,22924.76,organic,Southeast
2020-10-04,1.14,1779104.27,622686.49,622686.49,88955.21,444776.07,conventional,Great_Lakes
2020-10-04,1.57,80891.09,28311.88,28311.88,4044.55,20222.77,organic,Great_Lakes
2020-10-04,1.18,1527983.42,534794.2,534794.2,76399.17,381995.86,conventional,MidSouth
2020-10-04,1.56,65488.11,22920.84,22920.84,3274.41,16372.03,organic,MidSouth
2020-10-04,1.21,2390125.69,836543.99,836543.99,119506.28,597531.42,conventional,SouthCentral
2020-10-04,1.77,94133.8,32946.83,32946.83,4706.69,23533.45,organic,SouthCentral
2020-10-11,0.97,2591527.94,907034.78,907034.78,129576.4,647881.99,conventional,California
2020-10-11,1.54,108936.7,38127.84,38127.84,5446.83,27234.17,organic,California
2020-10-11,1.09,2663899.59,932364.86,932364.86,133194.98,665974.9,conventional,West
2020-10-11,1.61,111021.9,38857.67,38857.67,5551.1,27755.48,organic,West
2020-10-11,1.17,2042846.27,714996.19,714996.19,102142.31,510711.57,conventional,Northeast
2020-10-11,1.65,97094.59,33983.11,33983.11,4854.73,24273.65,organic,Northeast
2020-10-11,1.07,2234487.44,782070.61,782070.61,111724.37,558621.86,conventional,Southeast
2020-10-11,1.61,74399.93,26039.97,26039.97,3720.0,18599.98,organic,Southeast
2020-10-11,1.17,1605191.34,561816.97,561816.97,80259.57,401297.84,conventional,Great_Lakes
2020-10-11,1.75,90021.81,31507.63,31507.63,4501.09,22505.45,organic,Great_Lakes
2020-10-11,1.07,1639587.11,573855.49,573855.49,81979.36,409896.78,conventional,MidSouth
2020-10-11,1.39,89215.12,31225.29,31225.29,4460.76,22303.78,organic,MidSouth
2020-10-11,1.06,2688826.88,941089.41,941089.41,134441.34,672206.72,conventional,SouthCentral
2020-10-11,1.48,144882.92,50709.02,50709.02,7244.15,36220.73,organic,SouthCentral
2020-10-18,1.25,1977180.68,692013.24,692013.24,98859.03,494295.17,conventional,California
2020-10-18,1.52,130587.39,45705.59,45705.59,6529.37,32646.85,organic,California
2020-10-18,1.07,2139738.4,748908.44,748908.44,106986.92,534934.6,conventional,West
2020-10-18,1.72,88512.63,30979.42,30979.42,4425.63,22128.16,organic,West
2020-10-18,1.25,1789948.93,626482.13,626482.13,89497.45,447487.23,conventional,Northeast
2020-10-18,1.74,97644.84,34175.69,34175.69,4882.24,24411.21,organic,Northeast
2020-10-18,1.03,2005696.37,701993.73,701993.73,100284.82,501424.09,conventional,Southeast
2020-10-18,1.64,96748.27,33861.9,33861.9,4837.41,24187.07,organic,Southeast
2020-10-18,1.08,1799930.53,629975.69,629975.69,89996.53,449982.63,conventional,Great_Lakes
2020-10-18,1.72,69800.02,24430.01,24430.01,3490.0,17450.01,organic,Great_Lakes
2020-10-18,1.17,1269598.02,444359.31,444359.31,63479.9,317399.5,conventional,MidSouth
2020-10-18,1.98,43596.58,15258.8,15258.8,2179.83,10899.14,organic,MidSouth
2020-10-18,1.12,2642650.09,924927.53,924927.53,132132.5,660662.52,conventional,SouthCentral
2020-10-18,1.94,79163.7,27707.3,27707.3,3958.19,19790.93,organic,SouthCentral
2020-10-25,1.35,1908683.95,668039.38,668039.38,95434.2,477170.99,conventional,California
2020-10-25,1.71,84439.58,29553.85,29553.85,4221.98,21109.9,organic,California
2020-10-25,1.21,2076803.14,726881.1,726881.1,103840.16,519200.78,conventional,West
2020-10-25,1.84,80985.65,28344.98,28344.98,4049.28,20246.41,organic,West
2020-10-25,1.14,1981203.29,693421.15,693421.15,99060.16,495300.82,conventional,Northeast
2020-10-25,1.5,114041.05,39914.37,39914.37,5702.05,28510.26,organic,Northeast
2020-10-25,1.2,1900790.62,665276.72,665276.72,95039.53,475197.66,conventional,Southeast
2020-10-25,1.38,119006.73,41652.35,41652.35,5950.34,29751.68,organic,Southeast
2020-10-25,1.4,1321951.73,462683.11,462683.11,66097.59,330487.93,conventional,Great_Lakes
2020-10-25,1.93,60487.15,21170.5,21170.5,3024.36,15121.79,organic,Great_Lakes
2020-10-25,1.01,1671459.47,585010.81,585010.81,83572.97,417864.87,conventional,MidSouth
2020-10-25,1.81,52694.51,18443.08,18443.08,2634.73,13173.63,organic,MidSouth
2020-10-25,1.09,2867416.15,1003595.65,1003595.65,143370.81,716854.04,conventional,SouthCentral
2020-10-25,1.65,121817.04,42635.96,42635.96,6090.85,30454.26,organic,SouthCentral
2020-11-01,1.17,2360163.72,826057.3,826057.3,118008.19,590040.93,conventional,California
2020-11-01,1.59,113843.8,39845.33,39845.33,5692.19,28460.95,organic,California
2020-11-01,1.06,3060749.89,1071262.46,1071262.46,153037.49,765187.47,conventional,West
2020-11-01,1.55,136732.1,47856.24,47856.24,6836.61,34183.03,organic,West
2020-11-01,1.13,2267706.3,793697.2,793697.2,113385.31,566926.57,conventional,Northeast
2020-11-01,1.58,94630.79,33120.78,33120.78,4731.54,23657.7,organic,Northeast
2020-11-01,0.98,2192141.57,767249.55,767249.55,109607.08,548035.39,conventional,Southeast
2020-11-01,1.6,93243.43,32635.2,32635.2,4662.17,23310.86,organic,Southeast
2020-11-01,1.25,1619114.93,566690.22,566690.22,80955.75,404778.73,conventional,Great_Lakes
2020-11-01,1.52,82225.25,28778.84,28778.84,4111.26,20556.31,organic,Great_Lakes
2020-11-01,1.2,1648750.43,577062.65,577062.65,82437.52,412187.61,conventional,MidSouth
2020-11-01,1.84,63662.67,22281.93,22281.93,3183.13,15915.67,organic,MidSouth
2020-11-01,1.21,2910603.54,1018711.24,1018711.24,145530.18,727650.88,conventional,SouthCentral
2020-11-01,1.7,124669.27,43634.24,43634.24,6233.46,31167.32,organic,SouthCentral
2020-11-08,1.12,2164843.78,757695.32,757695.32,108242.19,541210.95,conventional,California
2020-11-08,1.55,115223.69,40328.29,40328.29,5761.18,28805.92,organic,California
2020-11-08,1.16,2880604.03,1008211.41,1008211.41,144030.2,720151.01,conventional,West
2020-11-08,1.66,124324.47,43513.56,43513.56,6216.22,31081.12,organic,West
2020-11-08,1.11,2226053.26,779118.64,779118.64,111302.66,556513.32,conventional,Northeast
2020-11-08,1.45,110105.09,38536.78,38536.78,5505.25,27526.27,organic,Northeast
2020-11-08,1.2,1837166.89,643008.41,643008.41,91858.34,459291.72,conventional,Southeast
2020-11-08,1.79,78566.93,27498.43,27498.43,3928.35,19641.73,organic,Southeast
2020-11-08,1.11,2301539.05,805538.67,805538.67,115076.95,575384.76,conventional,Great_Lakes
2020-11-08,1.64,95347.78,33371.72,33371.72,4767.39,23836.94,organic,Great_Lakes
2020-11-08,1.11,1718823.01,601588.05,601588.05,85941.15,429705.75,conventional,MidSouth
2020-11-08,1.79,63143.29,22100.15,22100.15,3157.16,15785.82,organic,MidSouth
2020-11-08,0.91,3625213.61,1268824.76,1268824.76,181260.68,906303.4,conventional,SouthCentral
2020-11-08,1.83,109877.02,38456.96,38456.96,5493.85,27469.26,organic,SouthCentral
2020-11-15,1.19,1935997.7,677599.19,677599.19,96799.88,483999.42,conventional,California
2020-11-15,1.54,120814.84,42285.19,42285.19,6040.74,30203.71,organic,California
2020-11-15,1.19,2621720.47,917602.17,917602.17,131086.02,655430.12,conventional,West
2020-11-15,1.63,118690.73,41541.75,41541.75,5934.54,29672.68,organic,West
2020-11-15,1.15,2006158.07,702155.33,702155.33,100307.9,501539.52,conventional,Northeast
2020-11-15,1.31,144009.32,50403.26,50403.26,7200.47,36002.33,organic,Northeast
2020-11-15,1.17,1813769.04,634819.16,634819.16,90688.45,453442.26,conventional,Southeast
2020-11-15,1.41,118038.15,41313.35,41313.35,5901.91,29509.54,organic,Southeast
2020-11-15,1.12,2006914.62,702420.12,702420.12,100345.73,501728.66,conventional,Great_Lakes
2020-11-15,1.93,53485.79,18720.03,18720.03,2674.29,13371.45,organic,Great_Lakes
2020-11-15,1.08,1652332.77,578316.47,578316.47,82616.64,413083.19,conventional,MidSouth
2020-11-15,1.87,49209.65,17223.38,17223.38,2460.48,12302.41,organic,MidSouth
2020-11-15,1.34,2262549.12,791892.19,791892.19,113127.46,565637.28,conventional,SouthCentral
2020-11-15,1.64,121389.89,42486.46,42486.46,6069.49,30347.47,organic,SouthCentral
2020-11-22,1.11,2659506.1,930827.13,930827.13,132975.3,664876.52,conventional,California
2020-11-22,1.49,126385.23,44234.83,44234.83,6319.26,31596.31,organic,California
2020-11-22,1.11,2439976.72,853991.85,853991.85,121998.84,609994.18,conventional,West
2020-11-22,2.04,84880.46,29708.16,29708.16,4244.02,21220.12,organic,West
2020-11-22,1.21,2232305.51,781306.93,781306.93,111615.28,558076.38,conventional,Northeast
2020-11-22,1.44,143349.93,50172.47,50172.47,7167.5,35837.48,organic,Northeast
2020-11-22,0.9,2483759.14,869315.7,869315.7,124187.96,620939.78,conventional,Southeast
2020-11-22,1.58,98622.95,34518.03,34518.03,4931.15,24655.74,organic,Southeast
2020-11-22,1.17,1796623.58,628818.25,628818.25,89831.18,449155.89,conventional,Great_Lakes
2020-11-22,1.65,76111.97,26639.19,26639.19,3805.6,19027.99,organic,Great_Lakes
2020-11-22,1.0,1960031.74,686011.11,686011.11,98001.59,490007.93,conventional,MidSouth
2020-11-22,1.75,74646.64,26126.33,26126.33,3732.33,18661.66,organic,MidSouth
2020-11-22,1.07,3140831.74,1099291.11,1099291.11,157041.59,785207.93,conventional,SouthCentral
2020-11-22,1.61,143152.08,50103.23,50103.23,7157.6,35788.02,organic,SouthCentral
2020-11-29,1.25,2130642.78,745724.97,745724.97,106532.14,532660.7,conventional,California
2020-11-29,1.6,120860.48,42301.17,42301.17,6043.02,30215.12,organic,California
2020-11-29,1.21,2197504.6,769126.61,769126.61,109875.23,549376.15,conventional,West
2020-11-29,1.45,131651.56,46078.04,46078.04,6582.58,32912.89,organic,West
2020-11-29,1.3,2042021.6,714707.56,714707.56,102101.08,510505.4,conventional,Northeast
2020-11-29,1.48,102069.67,35724.38,35724.38,5103.48,25517.42,organic,Northeast
2020-11-29,1.28,1554848.24,544196.89,544196.89,77742.41,388712.06,conventional,Southeast
2020-11-29,1.73,76684.24,26839.48,26839.48,3834.21,19171.06,organic,Southeast
2020-11-29,1.31,1486930.49,520425.67,520425.67,74346.52,371732.62,conventional,Great_Lakes
2020-11-29,1.82,73591.22,25756.93,25756.93,3679.56,18397.8,organic,Great_Lakes
2020-11-29,1.18,1291419.88,451996.96,451996.96,64570.99,322854.97,conventional,MidSouth
2020-11-29,1.32,95507.5,33427.62,33427.62,4775.37,23876.87,organic,MidSouth
2020-11-29,1.17,2419424.26,846798.49,846798.49,120971.21,604856.06,conventional,SouthCentral
2020-11-29,1.49,151130.1,52895.53,52895.53,7556.5,37782.52,organic,SouthCentral
2020-12-06,1.21,2347053.72,821468.8,821468.8,117352.69,586763.43,conventional,California
2020-12-06,1.77,90855.31,31799.36,31799.36,4542.77,22713.83,organic,California
2020-12-06,1.11,3188589.13,1116006.19,1116006.19,159429.46,797147.28,conventional,West
2020-12-06,1.66,121189.8,42416.43,42416.43,6059.49,30297.45,organic,West
2020-12-06,1.38,1672850.65,585497.73,585497.73,83642.53,418212.66,conventional,Northeast
2020-12-06,1.77,112396.1,39338.63,39338.63,5619.8,28099.02,organic,Northeast
2020-12-06,1.12,2330721.19,815752.42,815752.42,116536.06,582680.3,conventional,Southeast
2020-12-06,1.5,101367.43,35478.6,35478.6,5068.37,25341.86,organic,Southeast
2020-12-06,1.19,2061621.06,721567.37,721567.37,103081.05,515405.26,conventional,Great_Lakes
2020-12-06,1.82,91627.99,32069.8,32069.8,4581.4,22907.0,organic,Great_Lakes
2020-12-06,1.14,1861320.95,651462.33,651462.33,93066.05,465330.24,conventional,MidSouth
2020-12-06,1.6,86629.43,30320.3,30320.3,4331.47,21657.36,organic,MidSouth
2020-12-06,1.17,2978329.84,1042415.44,1042415.44,148916.49,744582.46,conventional,SouthCentral
2020-12-06,1.71,106323.79,37213.33,37213.33,5316.19,26580.95,organic,SouthCentral
2020-12-13,1.04,2888370.04,1010929.51,1010929.51,144418.5,722092.51,conventional,California
2020-12-13,1.4,157964.14,55287.45,55287.45,7898.21,39491.04,organic,California
2020-12-13,1.24,2517599.49,881159.82,881159.82,125879.97,629399.87,conventional,West
2020-12-13,1.48,162922.52,57022.88,57022.88,8146.13,40730.63,organic,West
2020-12-13,1.35,1940244.77,679085.67,679085.67,97012.24,485061.19,conventional,Northeast
2020-12-13,1.73,100746.33,35261.22,35261.22,5037.32,25186.58,organic,Northeast
2020-12-13,1.2,1965338.75,687868.56,687868.56,98266.94,491334.69,conventional,Southeast
2020-12-13,1.64,103798.02,36329.31,36329.31,5189.9,25949.51,organic,Southeast
2020-12-13,1.38,1428654.16,500028.96,500028.96,71432.71,357163.54,conventional,Great_Lakes
2020-12-13,1.63,81655.56,28579.44,28579.44,4082.78,20413.89,organic,Great_Lakes
2020-12-13,1.31,1362546.58,476891.3,476891.3,68127.33,340636.65,conventional,MidSouth
2020-12-13,1.43,99364.33,34777.52,34777.52,4968.22,24841.08,organic,MidSouth
2020-12-13,1.32,2597688.54,909190.99,909190.99,129884.43,649422.13,conventional,SouthCentral
2020-12-13,1.68,133870.19,46854.57,46854.57,6693.51,33467.55,organic,SouthCentral
2020-12-20,1.29,2031828.96,711140.14,711140.14,101591.45,507957.24,conventional,California
2020-12-20,1.63,109896.27,38463.69,38463.69,5494.81,27474.07,organic,California
2020-12-20,1.03,2992288.61,1047301.01,1047301.01,149614.43,748072.15,conventional,West
2020-12-20,1.82,110692.11,38742.24,38742.24,5534.61,27673.03,organic,West
2020-12-20,1.21,2222189.22,777766.23,777766.23,111109.46,555547.31,conventional,Northeast
2020-12-20,1.73,90986.15,31845.15,31845.15,4549.31,22746.54,organic,Northeast
2020-12-20,1.12,2205715.7,772000.49,772000.49,110285.78,551428.92,conventional,Southeast
2020-12-20,1.69,93859.56,32850.85,32850.85,4692.98,23464.89,organic,Southeast
2020-12-20,1.14,1985161.06,694806.37,694806.37,99258.05,496290.27,conventional,Great_Lakes
2020-12-20,2.12,67928.7,23775.04,23775.04,3396.43,16982.17,organic,Great_Lakes
2020-12-20,1.19,1577227.55,552029.64,552029.64,78861.38,394306.89,conventional,MidSouth
2020-12-20,1.58,79341.26,27769.44,27769.44,3967.06,19835.31,organic,MidSouth
2020-12-20,1.18,2450262.02,857591.71,857591.71,122513.1,612565.5,conventional,SouthCentral
2020-12-20,1.41,156153.59,54653.76,54653.76,7807.68,39038.4,organic,SouthCentral
2020-12-27,1.17,2416821.44,845887.5,845887.5,120841.07,604205.36,conventional,California
2020-12-27,1.87,80811.07,28283.88,28283.88,4040.55,20202.77,organic,California
2020-12-27,1.07,3301951.91,1155683.17,1155683.17,165097.6,825487.98,conventional,West
2020-12-27,1.67,129635.23,45372.33,45372.33,6481.76,32408.81,organic,West
2020-12-27,1.36,1811668.46,634083.96,634083.96,90583.42,452917.11,conventional,Northeast
2020-12-27,1.64,104255.52,36489.43,36489.43,5212.78,26063.88,organic,Northeast
2020-12-27,0.95,2584714.96,904650.24,904650.24,129235.75,646178.74,conventional,Southeast
2020-12-27,1.78,88733.52,31056.73,31056.73,4436.68,22183.38,organic,Southeast
2020-12-27,1.21,1831586.85,641055.4,641055.4,91579.34,457896.71,conventional,Great_Lakes
2020-12-27,1.55,112787.45,39475.61,39475.61,5639.37,28196.86,organic,Great_Lakes
2020-12-27,1.1,1817080.67,635978.23,635978.23,90854.03,454270.17,conventional,MidSouth
2020-12-27,1.67,85462.14,29911.75,29911.75,4273.11,21365.53,organic,MidSouth
2020-12-27,1.25,2394261.61,837991.56,837991.56,119713.08,598565.4,conventional,SouthCentral
2020-12-27,1.47,166148.68,58152.04,58152.04,8307.43,41537.17,organic,SouthCentral
2021-01-03,1.14,2629594.46,920358.06,920358.06,131479.72,657398.62,conventional,California
2021-01-03,1.8,108643.66,38025.28,38025.28,5432.18,27160.91,organic,California
2021-01-03,1.16,3057098.95,1069984.63,1069984.63,152854.95,764274.74,conventional,West
2021-01-03,1.59,160009.12,56003.19,56003.19,8000.46,40002.28,organic,West
2021-01-03,1.07,2911084.14,1018879.45,1018879.45,145554.21,727771.03,conventional,Northeast
2021-01-03,1.87,82375.27,28831.35,28831.35,4118.76,20593.82,organic,Northeast
2021-01-03,1.12,2568117.2,898841.02,898841.02,128405.86,642029.3,conventional,Southeast
2021-01-03,1.82,85822.44,30037.86,30037.86,4291.12,21455.61,organic,Southeast
2021-01-03,1.08,2539792.22,888927.28,888927.28,126989.61,634948.06,conventional,Great_Lakes
2021-01-03,1.83,74358.63,26025.52,26025.52,3717.93,18589.66,organic,Great_Lakes
2021-01-03,1.03,2110690.03,738741.51,738741.51,105534.5,527672.51,conventional,MidSouth
2021-01-03,1.74,72455.17,25359.31,25359.31,3622.76,18113.79,organic,MidSouth
2021-01-03,1.22,2778281.21,972398.42,972398.42,138914.06,694570.3,conventional,SouthCentral
2021-01-03,1.33,187504.29,65626.5,65626.5,9375.21,46876.07,organic,SouthCentral
2021-01-10,1.16,2630855.54,920799.44,920799.44,131542.78,657713.88,conventional,California
2021-01-10,1.48,119962.38,41986.83,41986.83,5998.12,29990.6,organic,California
2021-01-10,1.1,3286253.74,1150188.81,1150188.81,164312.69,821563.43,conventional,West
2021-01-10,1.84,124325.34,43513.87,43513.87,6216.27,31081.33,organic,West
2021-01-10,1.07,2526740.76,884359.27,884359.27,126337.04,631685.19,conventional,Northeast
2021-01-10,1.72,113304.08,39656.43,39656.43,5665.2,28326.02,organic,Northeast
2021-01-10,1.19,1840480.87,644168.31,644168.31,92024.04,460120.22,conventional,Southeast
2021-01-10,1.52,114392.54,40037.39,40037.39,5719.63,28598.14,organic,Southeast
2021-01-10,1.2,2187160.64,765506.22,765506.22,109358.03,546790.16,conventional,Great_Lakes
2021-01-10,1.67,98710.21,34548.57,34548.57,4935.51,24677.55,organic,Great_Lakes
2021-01-10,1.16,1889711.79,661399.13,661399.13,94485.59,472427.95,conventional,MidSouth
2021-01-10,1.7,78322.68,27412.94,27412.94,3916.13,19580.67,organic,MidSouth
2021-01-10,1.12,3275271.59,1146345.06,1146345.06,163763.58,818817.9,conventional,SouthCentral
2021-01-10,1.72,136732.76,47856.47,47856.47,6836.64,34183.19,organic,SouthCentral
2021-01-17,1.19,2894825.18,1013188.81,1013188.81,144741.26,723706.29,conventional,California
2021-01-17,1.69,110075.56,38526.45,38526.45,5503.78,27518.89,organic,California
2021-01-17,1.24,2360657.11,826229.99,826229.99,118032.86,590164.28,conventional,West
2021-01-17,1.49,156827.61,54889.66,54889.66,7841.38,39206.9,organic,West
2021-01-17,1.2,2165664.44,757982.55,757982.55,108283.22,541416.11,conventional,Northeast
2021-01-17,1.59,112767.46,39468.61,39468.61,5638.37,28191.86,organic,Northeast
2021-01-17,1.1,2568824.38,899088.53,899088.53,128441.22,642206.09,conventional,Southeast
2021-01-17,1.76,92221.08,32277.38,32277.38,4611.05,23055.27,organic,Southeast
2021-01-17,1.1,2066618.28,723316.4,723316.4,103330.91,516654.57,conventional,Great_Lakes
2021-01-17,1.86,86118.39,30141.44,30141.44,4305.92,21529.6,organic,Great_Lakes
2021-01-17,1.08,2070120.1,724542.04,724542.04,103506.01,517530.03,conventional,MidSouth
2021-01-17,1.64,79616.97,27865.94,27865.94,3980.85,19904.24,organic,MidSouth
2021-01-17,1.19,2842343.56,994820.24,994820.24,142117.18,710585.89,conventional,SouthCentral
2021-01-17,1.6,150764.26,52767.49,52767.49,7538.21,37691.06,organic,SouthCentral
2021-01-24,1.1,3020008.6,1057003.01,1057003.01,151000.43,755002.15,conventional,California
2021-01-24,1.93,89207.94,31222.78,31222.78,4460.4,22301.98,organic,California
2021-01-24,0.98,2992607.96,1047412.79,1047412.79,149630.4,748151.99,conventional,West
2021-01-24,1.63,124049.26,43417.24,43417.24,6202.46,31012.31,organic,West
2021-01-24,1.17,2497908.27,874267.9,874267.9,124895.41,624477.07,conventional,Northeast
2021-01-24,1.41,120013.85,42004.85,42004.85,6000.69,30003.46,organic,Northeast
2021-01-24,1.18,2209980.14,773493.05,773493.05,110499.01,552495.03,conventional,Southeast
2021-01-24,1.59,91193.22,31917.63,31917.63,4559.66,22798.31,organic,Southeast
2021-01-24,1.2,2281020.78,798357.27,798357.27,114051.04,570255.19,conventional,Great_Lakes
2021-01-24,1.69,86182.75,30163.96,30163.96,4309.14,21545.69,organic,Great_Lakes
2021-01-24,1.15,1610658.36,563730.43,563730.43,80532.92,402664.59,conventional,MidSouth
2021-01-24,1.81,71291.08,24951.88,24951.88,3564.55,17822.77,organic,MidSouth
2021-01-24,0.97,3800022.24,1330007.79,1330007.79,190001.11,950005.56,conventional,SouthCentral
2021-01-24,1.72,129122.21,45192.77,45192.77,6456.11,32280.55,organic,SouthCentral
2021-01-31,1.12,2531045.85,885866.05,885866.05,126552.29,632761.46,conventional,California
2021-01-31,1.73,105807.12,37032.49,37032.49,5290.36,26451.78,organic,California
2021-01-31,0.93,3635126.09,1272294.13,1272294.13,181756.3,908781.52,conventional,West
2021-01-31,1.8,109890.38,38461.63,38461.63,5494.52,27472.59,organic,West
2021-01-31,1.32,2193779.7,767822.89,767822.89,109688.98,548444.92,conventional,Northeast
2021-01-31,1.7,107175.39,37511.39,37511.39,5358.77,26793.85,organic,Northeast
2021-01-31,1.14,2226163.31,779157.16,779157.16,111308.17,556540.83,conventional,Southeast
2021-01-31,1.6,111537.1,39037.99,39037.99,5576.86,27884.28,organic,Southeast
2021-01-31,1.06,2210269.15,773594.2,773594.2,110513.46,552567.29,conventional,Great_Lakes
2021-01-31,1.48,140439.65,49153.88,49153.88,7021.98,35109.91,organic,Great_Lakes
2021-01-31,1.2,1748517.95,611981.28,611981.28,87425.9,437129.49,conventional,MidSouth
2021-01-31,1.49,100512.61,35179.41,35179.41,5025.63,25128.15,organic,MidSouth
2021-01-31,1.14,3255188.46,1139315.96,1139315.96,162759.42,813797.12,conventional,SouthCentral
2021-01-31,1.5,165908.53,58067.99,58067.99,8295.43,41477.13,organic,SouthCentral
2021-02-07,1.11,2805923.52,982073.23,982073.23,140296.18,701480.88,conventional,California
2021-02-07,1.76,99576.99,34851.95,34851.95,4978.85,24894.25,organic,California
2021-02-07,1.21,3020465.26,1057162.84,1057162.84,151023.26,755116.31,conventional,West
2021-02-07,1.52,142470.33,49864.62,49864.62,7123.52,35617.58,organic,West
2021-02-07,1.13,2784567.22,974598.53,974598.53,139228.36,696141.81,conventional,Northeast
2021-02-07,1.63,127352.89,44573.51,44573.51,6367.64,31838.22,organic,Northeast
2021-02-07,1.33,1905637.17,666973.01,666973.01,95281.86,476409.29,conventional,Southeast
2021-02-07,1.39,149328.86,52265.1,52265.1,7466.44,37332.22,organic,Southeast
2021-02-07,1.32,1980925.38,693323.88,693323.88,99046.27,495231.35,conventional,Great_Lakes
2021-02-07,1.49,118186.2,41365.17,41365.17,5909.31,29546.55,organic,Great_Lakes
2021-02-07,1.04,2270296.86,794603.9,794603.9,113514.84,567574.22,conventional,MidSouth
2021-02-07,1.45,100759.57,35265.85,35265.85,5037.98,25189.89,organic,MidSouth
2021-02-07,1.05,3760568.93,1316199.13,1316199.13,188028.45,940142.23,conventional,SouthCentral
2021-02-07,1.6,159850.96,55947.84,55947.84,7992.55,39962.74,organic,SouthCentral
2021-02-14,1.15,2623954.66,918384.13,918384.13,131197.73,655988.67,conventional,California
2021-02-14,1.74,117166.47,41008.26,41008.26,5858.32,29291.62,organic,California
2021-02-14,1.05,4064151.08,1422452.88,1422452.88,203207.55,1016037.77,conventional,West
2021-02-14,1.72,126118.36,44141.42,44141.42,6305.92,31529.59,organic,West
2021-02-14,1.29,2662650.24,931927.59,931927.59,133132.51,665662.56,conventional,Northeast
2021-02-14,1.63,126129.34,44145.27,44145.27,6306.47,31532.33,organic,Northeast
2021-02-14,1.05,2622774.41,917971.04,917971.04,131138.72,655693.6,conventional,Southeast
2021-02-14,1.62,111627.02,39069.46,39069.46,5581.35,27906.76,organic,Southeast
2021-02-14,1.18,2297976.35,804291.72,804291.72,114898.82,574494.09,conventional,Great_Lakes
2021-02-14,1.69,87823.57,30738.25,30738.25,4391.18,21955.89,organic,Great_Lakes
2021-02-14,1.06,2020359.38,707125.78,707125.78,101017.97,505089.85,conventional,MidSouth
2021-02-14,1.61,98515.17,34480.31,34480.31,4925.76,24628.79,organic,MidSouth
2021-02-14,1.03,3687188.13,1290515.85,1290515.85,184359.41,921797.03,conventional,SouthCentral
2021-02-14,1.79,127886.06,44760.12,44760.12,6394.3,31971.51,organic,SouthCentral
2021-02-21,1.2,2679980.91,937993.32,937993.32,133999.05,669995.23,conventional,California
2021-02-21,1.69,120801.39,42280.49,42280.49,6040.07,30200.35,organic,California
2021-02-21,1.22,2500508.8,875178.08,875178.08,125025.44,625127.2,conventional,West
2021-02-21,1.6,147847.81,51746.73,51746.73,7392.39,36961.95,organic,West
2021-02-21,1.2,2828598.0,990009.3,990009.3,141429.9,707149.5,conventional,Northeast
2021-02-21,1.59,146182.55,51163.89,51163.89,7309.13,36545.64,organic,Northeast
2021-02-21,1.08,2839931.72,993976.1,993976.1,141996.59,709982.93,conventional,Southeast
2021-02-21,1.77,87393.07,30587.57,30587.57,4369.65,21848.27,organic,Southeast
2021-02-21,1.18,2194301.71,768005.6,768005.6,109715.09,548575.43,conventional,Great_Lakes
2021-02-21,1.74,92127.03,32244.46,32244.46,4606.35,23031.76,organic,Great_Lakes
2021-02-21,1.12,2190117.92,766541.27,766541.27,109505.9,547529.48,conventional,MidSouth
2021-02-21,1.64,93907.32,32867.56,32867.56,4695.37,23476.83,organic,MidSouth
2021-02-21,1.13,3889435.43,1361302.4,1361302.4,194471.77,972358.86,conventional,SouthCentral
2021-02-21,1.55,154442.22,54054.78,54054.78,7722.11,38610.56,organic,SouthCentral
2021-02-28,1.3,2350994.79,822848.17,822848.17,117549.74,587748.7,conventional,California
2021-02-28,1.89,114087.12,39930.49,39930.49,5704.36,28521.78,organic,California
2021-02-28,1.13,2670968.69,934839.04,934839.04,133548.43,667742.17,conventional,West
2021-02-28,1.65,138233.83,48381.84,48381.84,6911.69,34558.46,organic,West
2021-02-28,1.27,2673229.64,935630.37,935630.37,133661.48,668307.41,conventional,Northeast
2021-02-28,1.55,142476.37,49866.73,49866.73,7123.82,35619.09,organic,Northeast
2021-02-28,1.23,2384643.26,834625.14,834625.14,119232.16,596160.82,conventional,Southeast
2021-02-28,1.72,82148.65,28752.03,28752.03,4107.43,20537.16,organic,Southeast
2021-02-28,1.13,2111610.97,739063.84,739063.84,105580.55,527902.74,conventional,Great_Lakes
2021-02-28,1.62,116088.29,40630.9,40630.9,5804.41,29022.07,organic,Great_Lakes
2021-02-28,1.18,2013125.29,704593.85,704593.85,100656.26,503281.32,conventional,MidSouth
2021-02-28,1.7,71551.49,25043.02,25043.02,3577.57,17887.87,organic,MidSouth
2021-02-28,0.9,4578628.94,1602520.13,1602520.13,228931.45,1144657.24,conventional,SouthCentral
2021-02-28,1.62,139424.58,48798.6,48798.6,6971.23,34856.14,organic,SouthCentral
2021-03-07,0.98,3336519.4,1167781.79,1167781.79,166825.97,834129.85,conventional,California
2021-03-07,1.62,142962.81,50036.98,50036.98,7148.14,35740.7,organic,California
2021-03-07,1.17,3443604.23,1205261.48,1205261.48,172180.21,860901.06,conventional,West
2021-03-07,1.49,175949.63,61582.37,61582.37,8797.48,43987.41,organic,West
2021-03-07,1.15,2843744.98,995310.74,995310.74,142187.25,710936.24,conventional,Northeast
2021-03-07,1.58,143760.85,50316.3,50316.3,7188.04,35940.21,organic,Northeast
2021-03-07,1.18,2215127.54,775294.64,775294.64,110756.38,553781.88,conventional,Southeast
2021-03-07,1.65,106123.27,37143.14,37143.14,5306.16,26530.82,organic,Southeast
2021-03-07,1.2,2001855.21,700649.32,700649.32,100092.76,500463.8,conventional,Great_Lakes
2021-03-07,1.65,108813.23,38084.63,38084.63,5440.66,27203.31,organic,Great_Lakes
2021-03-07,1.15,2143366.34,750178.22,750178.22,107168.32,535841.58,conventional,MidSouth
2021-03-07,1.77,78337.33,27418.06,27418.06,3916.87,19584.33,organic,MidSouth
2021-03-07,1.17,3380899.22,1183314.73,1183314.73,169044.96,845224.81,conventional,SouthCentral
2021-03-07,1.71,119918.41,41971.44,41971.44,5995.92,29979.6,organic,SouthCentral
2021-03-14,1.12,2659474.66,930816.13,930816.13,132973.73,664868.66,conventional,California
2021-03-14,1.84,109754.71,38414.15,38414.15,5487.74,27438.68,organic,California
2021-03-14,1.13,3391078.78,1186877.57,1186877.57,169553.94,847769.69,conventional,West
2021-03-14,1.71,117260.89,41041.31,41041.31,5863.04,29315.22,organic,West
2021-03-14,1.14,2652749.2,928462.22,928462.22,132637.46,663187.3,conventional,Northeast
2021-03-14,1.39,146971.5,51440.03,51440.03,7348.58,36742.88,organic,Northeast
2021-03-14,1.13,2440651.77,854228.12,854228.12,122032.59,610162.94,conventional,Southeast
2021-03-14,1.43,151287.98,52950.79,52950.79,7564.4,37822.0,organic,Southeast
2021-03-14,1.14,2350622.57,822717.9,822717.9,117531.13,587655.64,conventional,Great_Lakes
2021-03-14,1.71,91252.03,31938.21,31938.21,4562.6,22813.01,organic,Great_Lakes
2021-03-14,1.2,1786388.07,625235.83,625235.83,89319.4,446597.02,conventional,MidSouth
2021-03-14,1.52,104443.93,36555.37,36555.37,5222.2,26110.98,organic,MidSouth
2021-03-14,1.3,3075159.52,1076305.83,1076305.83,153757.98,768789.88,conventional,SouthCentral
2021-03-14,1.79,127800.1,44730.03,44730.03,6390.0,31950.02,organic,SouthCentral
2021-03-21,0.99,3934751.19,1377162.92,1377162.92,196737.56,983687.8,conventional,California
2021-03-21,1.96,117526.1,41134.14,41134.14,5876.31,29381.53,organic,California
2021-03-21,1.12,2923792.31,1023327.31,1023327.31,146189.62,730948.08,conventional,West
2021-03-21,1.49,136763.53,47867.24,47867.24,6838.18,34190.88,organic,West
2021-03-21,1.14,3110736.73,1088757.86,1088757.86,155536.84,777684.18,conventional,Northeast
2021-03-21,1.63,127730.23,44705.58,44705.58,6386.51,31932.56,organic,Northeast
2021-03-21,1.29,2029499.38,710324.78,710324.78,101474.97,507374.84,conventional,Southeast
2021-03-21,1.96,102662.87,35932.0,35932.0,5133.14,25665.72,organic,Southeast
2021-03-21,1.14,2244894.68,785713.14,785713.14,112244.73,561223.67,conventional,Great_Lakes
2021-03-21,1.75,91758.09,32115.33,32115.33,4587.9,22939.52,organic,Great_Lakes
2021-03-21,1.03,2442930.58,855025.7,855025.7,122146.53,610732.64,conventional,MidSouth
2021-03-21,1.83,75338.56,26368.5,26368.5,3766.93,18834.64,organic,MidSouth
2021-03-21,1.02,3542621.19,1239917.42,1239917.42,177131.06,885655.3,conventional,SouthCentral
2021-03-21,1.67,142429.93,49850.47,49850.47,7121.5,35607.48,organic,SouthCentral
2021-03-28,1.12,3264364.57,1142527.6,1142527.6,163218.23,816091.14,conventional,California
2021-03-28,1.76,135675.24,47486.33,47486.33,6783.76,33918.81,organic,California
2021-03-28,1.05,3364750.91,1177662.82,1177662.82,168237.55,841187.73,conventional,West
2021-03-28,1.76,131433.52,46001.73,46001.73,6571.68,32858.38,organic,West
2021-03-28,1.3,2391592.2,837057.27,837057.27,119579.61,597898.05,conventional,Northeast
2021-03-28,1.93,101625.53,35568.94,35568.94,5081.28,25406.38,organic,Northeast
2021-03-28,1.26,2106527.17,737284.51,737284.51,105326.36,526631.79,conventional,Southeast
2021-03-28,1.65,118636.46,41522.76,41522.76,5931.82,29659.11,organic,Southeast
2021-03-28,1.31,2085060.67,729771.23,729771.23,104253.03,521265.17,conventional,Great_Lakes
2021-03-28,1.64,120930.09,42325.53,42325.53,6046.5,30232.52,organic,Great_Lakes
2021-03-28,0.93,2245135.9,785797.57,785797.57,112256.8,561283.98,conventional,MidSouth
2021-03-28,1.75,79439.82,27803.94,27803.94,3971.99,19859.95,organic,MidSouth
2021-03-28,1.21,3186211.52,1115174.03,1115174.03,159310.58,796552.88,conventional,SouthCentral
2021-03-28,1.74,129806.56,45432.3,45432.3,6490.33,32451.64,organic,SouthCentral
2021-04-04,1.21,2901057.11,1015369.99,1015369.99,145052.86,725264.28,conventional,California
2021-04-04,1.83,133637.15,46773.0,46773.0,6681.86,33409.29,organic,California
2021-04-04,1.17,3022967.61,1058038.66,1058038.66,151148.38,755741.9,conventional,West
2021-04-04,1.42,161834.53,56642.08,56642.08,8091.73,40458.63,organic,West
2021-04-04,1.13,2951284.27,1032949.5,1032949.5,147564.21,737821.07,conventional,Northeast
2021-04-04,1.56,140888.86,49311.1,49311.1,7044.44,35222.22,organic,Northeast
2021-04-04,1.15,2339000.37,818650.13,818650.13,116950.02,584750.09,conventional,Southeast
2021-04-04,1.69,99147.58,34701.65,34701.65,4957.38,24786.9,organic,Southeast
2021-04-04,1.11,2083486.3,729220.2,729220.2,104174.31,520871.57,conventional,Great_Lakes
2021-04-04,1.61,100954.2,35333.97,35333.97,5047.71,25238.55,organic,Great_Lakes
2021-04-04,1.1,2077798.98,727229.64,727229.64,103889.95,519449.74,conventional,MidSouth
2021-04-04,1.75,80008.71,28003.05,28003.05,4000.44,20002.18,organic,MidSouth
2021-04-04,1.25,3134499.63,1097074.87,1097074.87,156724.98,783624.91,conventional,SouthCentral
2021-04-04,1.61,148451.45,51958.01,51958.01,7422.57,37112.86,organic,SouthCentral
2021-04-11,1.18,2881743.71,1008610.3,1008610.3,144087.19,720435.93,conventional,California
2021-04-11,1.86,120456.03,42159.61,42159.61,6022.8,30114.01,organic,California
2021-04-11,1.1,3198579.6,1119502.86,1119502.86,159928.98,799644.9,conventional,West
2021-04-11,1.75,138951.75,48633.11,48633.11,6947.59,34737.94,organic,West
2021-04-11,1.24,2396070.87,838624.8,838624.8,119803.54,599017.72,conventional,Northeast
2021-04-11,1.46,129577.99,45352.3,45352.3,6478.9,32394.5,organic,Northeast
2021-04-11,1.18,2367443.3,828605.15,828605.15,118372.16,591860.82,conventional,Southeast
2021-04-11,1.49,125409.53,43893.33,43893.33,6270.48,31352.38,organic,Southeast
2021-04-11,1.21,1942558.97,679895.64,679895.64,97127.95,485639.74,conventional,Great_Lakes
2021-04-11,1.82,85381.31,29883.46,29883.46,4269.07,21345.33,organic,Great_Lakes
2021-04-11,1.28,1597076.24,558976.68,558976.68,79853.81,399269.06,conventional,MidSouth
2021-04-11,1.5,94376.69,33031.84,33031.84,4718.83,23594.17,organic,MidSouth
2021-04-11,1.14,3252746.98,1138461.44,1138461.44,162637.35,813186.74,conventional,SouthCentral
2021-04-11,1.62,158999.88,55649.96,55649.96,7949.99,39749.97,organic,SouthCentral
2021-04-18,1.13,2884927.29,1009724.55,1009724.55,144246.36,721231.82,conventional,California
2021-04-18,1.39,171415.16,59995.31,59995.31,8570.76,42853.79,organic,California
2021-04-18,1.14,3487336.06,1220567.62,1220567.62,174366.8,871834.01,conventional,West
2021-04-18,1.51,130222.54,45577.89,45577.89,6511.13,32555.63,organic,West
2021-04-18,1.21,2558275.62,895396.47,895396.47,127913.78,639568.91,conventional,Northeast
2021-04-18,1.5,118376.65,41431.83,41431.83,5918.83,29594.16,organic,Northeast
2021-04-18,1.3,2270513.6,794679.76,794679.76,113525.68,567628.4,conventional,Southeast
2021-04-18,1.28,149604.69,52361.64,52361.64,7480.23,37401.17,organic,Southeast
2021-04-18,1.32,1851270.35,647944.62,647944.62,92563.52,462817.59,conventional,Great_Lakes
2021-04-18,1.58,106551.51,37293.03,37293.03,5327.58,26637.88,organic,Great_Lakes
2021-04-18,1.04,1882095.75,658733.51,658733.51,94104.79,470523.94,conventional,MidSouth
2021-04-18,1.81,61854.11,21648.94,21648.94,3092.71,15463.53,organic,MidSouth
2021-04-18,1.17,3471292.33,1214952.32,1214952.32,173564.62,867823.08,conventional,SouthCentral
2021-04-18,1.43,168267.7,58893.69,58893.69,8413.38,42066.92,organic,SouthCentral
2021-04-25,1.27,2620351.62,917123.07,917123.07,131017.58,655087.9,conventional,California
2021-04-25,1.56,157348.45,55071.96,55071.96,7867.42,39337.11,organic,California
2021-04-25,1.27,2738453.35,958458.67,958458.67,136922.67,684613.34,conventional,West
2021-04-25,1.51,148839.08,52093.68,52093.68,7441.95,37209.77,organic,West
2021-04-25,1.18,2537588.46,888155.96,888155.96,126879.42,634397.11,conventional,Northeast
2021-04-25,1.79,90628.7,31720.05,31720.05,4531.44,22657.18,organic,Northeast
2021-04-25,1.0,2863876.35,1002356.72,1002356.72,143193.82,715969.09,conventional,Southeast
2021-04-25,1.58,107249.15,37537.2,37537.2,5362.46,26812.29,organic,Southeast
2021-04-25,0.97,2809844.89,983445.71,983445.71,140492.24,702461.22,conventional,Great_Lakes
2021-04-25,1.64,110059.82,38520.94,38520.94,5502.99,27514.95,organic,Great_Lakes
2021-04-25,1.16,1863583.94,652254.38,652254.38,93179.2,465895.99,conventional,MidSouth
2021-04-25,1.83,64226.51,22479.28,22479.28,3211.33,16056.63,organic,MidSouth
2021-04-25,1.2,2744275.06,960496.27,960496.27,137213.75,686068.77,conventional,SouthCentral
2021-04-25,1.52,148919.65,52121.88,52121.88,7445.98,37229.91,organic,SouthCentral
2021-05-02,1.23,2481265.91,868443.07,868443.07,124063.3,620316.48,conventional,California
2021-05-02,1.65,109176.5,38211.77,38211.77,5458.82,27294.12,organic,California
2021-05-02,1.12,2808636.64,983022.82,983022.82,140431.83,702159.16,conventional,West
2021-05-02,1.71,111701.2,39095.42,39095.42,5585.06,27925.3,organic,West
2021-05-02,1.28,1927863.36,674752.17,674752.17,96393.17,481965.84,conventional,Northeast
2021-05-02,1.53,150617.61,52716.16,52716.16,7530.88,37654.4,organic,Northeast
2021-05-02,1.11,2131731.21,746105.92,746105.92,106586.56,532932.8,conventional,Southeast
2021-05-02,1.68,93911.8,32869.13,32869.13,4695.59,23477.95,organic,Southeast
2021-05-02,1.07,2180913.69,763319.79,763319.79,109045.68,545228.42,conventional,Great_Lakes
2021-05-02,2.07,67814.74,23735.16,23735.16,3390.74,16953.68,organic,Great_Lakes
2021-05-02,0.96,2558255.65,895389.48,895389.48,127912.78,639563.91,conventional,MidSouth
2021-05-02,1.74,69310.0,24258.5,24258.5,3465.5,17327.5,organic,MidSouth
2021-05-02,1.06,3706310.79,1297208.78,1297208.78,185315.54,926577.7,conventional,SouthCentral
2021-05-02,1.61,121195.37,42418.38,42418.38,6059.77,30298.84,organic,SouthCentral
2021-05-09,1.33,2183523.51,764233.23,764233.23,109176.18,545880.88,conventional,California
2021-05-09,1.87,114253.72,39988.8,39988.8,5712.69,28563.43,organic,California
2021-05-09,1.05,3515772.05,1230520.22,1230520.22,175788.6,878943.01,conventional,West
2021-05-09,1.55,118065.24,41322.83,41322.83,5903.26,29516.31,organic,West
2021-05-09,1.11,2734843.46,957195.21,957195.21,136742.17,683710.86,conventional,Northeast
2021-05-09,1.58,117514.89,41130.21,41130.21,5875.74,29378.72,organic,Northeast
2021-05-09,1.26,2021675.63,707586.47,707586.47,101083.78,505418.91,conventional,Southeast
2021-05-09,1.52,122648.24,42926.88,42926.88,6132.41,30662.06,organic,Southeast
2021-05-09,1.17,1733347.81,606671.73,606671.73,86667.39,433336.95,conventional,Great_Lakes
2021-05-09,1.71,95634.42,33472.05,33472.05,4781.72,23908.61,organic,Great_Lakes
2021-05-09,1.15,1934630.38,677120.63,677120.63,96731.52,483657.6,conventional,MidSouth
2021-05-09,1.55,92258.43,32290.45,32290.45,4612.92,23064.61,organic,MidSouth
2021-05-09,0.99,3919832.53,1371941.38,1371941.38,195991.63,979958.13,conventional,SouthCentral
2021-05-09,1.94,100615.52,35215.43,35215.43,5030.78,25153.88,organic,SouthCentral
2021-05-16,1.07,2786736.48,975357.77,975357.77,139336.82,696684.12,conventional,California
2021-05-16,1.67,107540.76,37639.27,37639.27,5377.04,26885.19,organic,California
2021-05-16,1.19,2955143.34,1034300.17,1034300.17,147757.17,738785.83,conventional,West
2021-05-16,1.73,101325.95,35464.08,35464.08,5066.3,25331.49,organic,West
2021-05-16,1.25,2455875.61,859556.46,859556.46,122793.78,613968.9,conventional,Northeast
2021-05-16,1.77,105736.74,37007.86,37007.86,5286.84,26434.19,organic,Northeast
2021-05-16,1.17,2393586.19,837755.17,837755.17,119679.31,598396.55,conventional,Southeast
2021-05-16,1.94,72417.02,25345.96,25345.96,3620.85,18104.25,organic,Southeast
2021-05-16,1.26,1923553.71,673243.8,673243.8,96177.69,480888.43,conventional,Great_Lakes
2021-05-16,1.63,85011.6,29754.06,29754.06,4250.58,21252.9,organic,Great_Lakes
2021-05-16,1.12,1720008.67,602003.03,602003.03,86000.43,430002.17,conventional,MidSouth
2021-05-16,1.58,77566.69,27148.34,27148.34,3878.33,19391.67,organic,MidSouth
2021-05-16,1.11,3214476.95,1125066.93,1125066.93,160723.85,803619.24,conventional,SouthCentral
2021-05-16,1.66,119263.6,41742.26,41742.26,5963.18,29815.9,organic,SouthCentral
2021-05-23,1.01,3297268.32,1154043.91,1154043.91,164863.42,824317.08,conventional,California
2021-05-23,1.53,151734.8,53107.18,53107.18,7586.74,37933.7,organic,California
2021-05-23,1.17,2959620.09,1035867.03,1035867.03,147981.0,739905.02,conventional,West
2021-05-23,1.86,105042.96,36765.04,36765.04,5252.15,26260.74,organic,West
2021-05-23,1.09,2889350.53,1011272.69,1011272.69,144467.53,722337.63,conventional,Northeast
2021-05-23,1.73,104183.39,36464.19,36464.19,5209.17,26045.85,organic,Northeast
2021-05-23,1.29,1923520.43,673232.15,673232.15,96176.02,480880.11,conventional,Southeast
2021-05-23,1.65,101203.66,35421.28,35421.28,5060.18,25300.91,organic,Southeast
2021-05-23,1.06,2423581.09,848253.38,848253.38,121179.05,605895.27,conventional,Great_Lakes
2021-05-23,1.86,85101.11,29785.39,29785.39,4255.06,21275.28,organic,Great_Lakes
2021-05-23,1.15,1776157.15,621655.0,621655.0,88807.86,444039.29,conventional,MidSouth
2021-05-23,1.7,83667.89,29283.76,29283.76,4183.39,20916.97,organic,MidSouth
2021-05-23,1.21,2884365.46,1009527.91,1009527.91,144218.27,721091.36,conventional,SouthCentral
2021-05-23,1.7,142635.74,49922.51,49922.51,7131.79,35658.94,organic,SouthCentral
2021-05-30,1.05,3077939.96,1077278.98,1077278.98,153897.0,769484.99,conventional,California
2021-05-30,1.33,177360.41,62076.14,62076.14,8868.02,44340.1,organic,California
2021-05-30,1.22,2859885.01,1000959.75,1000959.75,142994.25,714971.25,conventional,West
2021-05-30,1.59,141471.89,49515.16,49515.16,7073.59,35367.97,organic,West
2021-05-30,1.29,2445916.55,856070.79,856070.79,122295.83,611479.14,conventional,Northeast
2021-05-30,1.65,115667.43,40483.6,40483.6,5783.37,28916.86,organic,Northeast
2021-05-30,1.26,1783496.2,624223.67,624223.67,89174.81,445874.05,conventional,Southeast
2021-05-30,1.6,121237.07,42432.97,42432.97,6061.85,30309.27,organic,Southeast
2021-05-30,1.25,2015532.59,705436.41,705436.41,100776.63,503883.15,conventional,Great_Lakes
2021-05-30,1.42,120842.55,42294.89,42294.89,6042.13,30210.64,organic,Great_Lakes
2021-05-30,1.09,1979952.55,692983.39,692983.39,98997.63,494988.14,conventional,MidSouth
2021-05-30,1.53,82137.58,28748.15,28748.15,4106.88,20534.4,organic,MidSouth
2021-05-30,0.94,4461606.04,1561562.11,1561562.11,223080.3,1115401.51,conventional,SouthCentral
2021-05-30,1.59,152504.08,53376.43,53376.43,7625.2,38126.02,organic,SouthCentral
2021-06-06,1.15,2313492.86,809722.5,809722.5,115674.64,578373.22,conventional,California
2021-06-06,1.46,122889.02,43011.16,43011.16,6144.45,30722.26,organic,California
2021-06-06,1.08,3001050.58,1050367.7,1050367.7,150052.53,750262.65,conventional,West
2021-06-06,1.53,160982.44,56343.85,56343.85,8049.12,40245.61,organic,West
2021-06-06,1.25,2253865.14,788852.8,788852.8,112693.26,563466.29,conventional,Northeast
2021-06-06,1.63,125000.5,43750.17,43750.17,6250.02,31250.12,organic,Northeast
2021-06-06,1.13,2144724.57,750653.6,750653.6,107236.23,536181.14,conventional,Southeast
2021-06-06,1.68,98922.39,34622.84,34622.84,4946.12,24730.6,organic,Southeast
2021-06-06,1.21,1813713.23,634799.63,634799.63,90685.66,453428.31,conventional,Great_Lakes
2021-06-06,1.57,104045.01,36415.75,36415.75,5202.25,26011.25,organic,Great_Lakes
2021-06-06,1.22,1509163.26,528207.14,528207.14,75458.16,377290.82,conventional,MidSouth
2021-06-06,1.41,93411.51,32694.03,32694.03,4670.58,23352.88,organic,MidSouth
2021-06-06,1.21,3178765.38,1112567.88,1112567.88,158938.27,794691.34,conventional,SouthCentral
2021-06-06,1.47,150494.47,52673.07,52673.07,7524.72,37623.62,organic,SouthCentral
2021-06-13,1.11,2931264.72,1025942.65,1025942.65,146563.24,732816.18,conventional,California
2021-06-13,1.64,103909.02,36368.16,36368.16,5195.45,25977.25,organic,California
2021-06-13,1.21,2451692.48,858092.37,858092.37,122584.62,612923.12,conventional,West
2021-06-13,1.47,131860.42,46151.15,46151.15,6593.02,32965.1,organic,West
2021-06-13,1.32,2034188.49,711965.97,711965.97,101709.42,508547.12,conventional,Northeast
2021-06-13,1.67,101582.44,35553.85,35553.85,5079.12,25395.61,organic,Northeast
2021-06-13,1.18,2080583.8,728204.33,728204.33,104029.19,520145.95,conventional,Southeast
2021-06-13,1.69,91772.96,32120.53,32120.53,4588.65,22943.24,organic,Southeast
2021-06-13,1.24,1843336.33,645167.72,645167.72,92166.82,460834.08,conventional,Great_Lakes
2021-06-13,1.5,97978.68,34292.54,34292.54,4898.93,24494.67,organic,Great_Lakes
2021-06-13,0.95,2500902.12,875315.74,875315.74,125045.11,625225.53,conventional,MidSouth
2021-06-13,1.78,62037.64,21713.17,21713.17,3101.88,15509.41,organic,MidSouth
2021-06-13,1.12,2880971.0,1008339.85,1008339.85,144048.55,720242.75,conventional,SouthCentral
2021-06-13,1.88,94140.83,32949.29,32949.29,4707.04,23535.21,organic,SouthCentral
2021-06-20,1.16,2466613.38,863314.68,863314.68,123330.67,616653.34,conventional,California
2021-06-20,1.77,100520.42,35182.15,35182.15,5026.02,25130.1,organic,California
2021-06-20,0.97,3240609.75,1134213.41,1134213.41,162030.49,810152.44,conventional,West
2021-06-20,1.5,139877.62,48957.17,48957.17,6993.88,34969.4,organic,West
2021-06-20,1.29,1766244.03,618185.41,618185.41,88312.2,441561.01,conventional,Northeast
2021-06-20,1.53,112001.01,39200.35,39200.35,5600.05,28000.25,organic,Northeast
2021-06-20,1.11,2323289.12,813151.19,813151.19,116164.46,580822.28,conventional,Southeast
2021-06-20,1.62,100744.59,35260.61,35260.61,5037.23,25186.15,organic,Southeast
2021-06-20,1.09,2201413.58,770494.75,770494.75,110070.68,550353.39,conventional,Great_Lakes
2021-06-20,1.77,75991.47,26597.01,26597.01,3799.57,18997.87,organic,Great_Lakes
2021-06-20,1.23,1553429.75,543700.41,543700.41,77671.49,388357.44,conventional,MidSouth
2021-06-20,1.81,64565.49,22597.92,22597.92,3228.27,16141.37,organic,MidSouth
2021-06-20,1.19,2812417.66,984346.18,984346.18,140620.88,703104.41,conventional,SouthCentral
2021-06-20,1.64,137372.65,48080.43,48080.43,6868.63,34343.16,organic,SouthCentral
2021-06-27,1.2,2153117.75,753591.21,753591.21,107655.89,538279.44,conventional,California
2021-06-27,1.87,78237.17,27383.01,27383.01,3911.86,19559.29,organic,California
2021-06-27,1.08,2879599.9,1007859.96,1007859.96,143979.99,719899.97,conventional,West
2021-06-27,1.71,133811.18,46833.91,46833.91,6690.56,33452.8,organic,West
2021-06-27,0.96,2814015.16,984905.31,984905.31,140700.76,703503.79,conventional,Northeast
2021-06-27,1.33,146341.16,51219.41,51219.41,7317.06,36585.29,organic,Northeast
2021-06-27,1.18,2315590.12,810456.54,810456.54,115779.51,578897.53,conventional,Southeast
2021-06-27,1.67,103048.14,36066.85,36066.85,5152.41,25762.04,organic,Southeast
2021-06-27,1.21,1829502.86,640326.0,640326.0,91475.14,457375.72,conventional,Great_Lakes
2021-06-27,1.44,114369.19,40029.22,40029.22,5718.46,28592.3,organic,Great_Lakes
2021-06-27,1.0,2216162.04,775656.71,775656.71,110808.1,554040.51,conventional,MidSouth
2021-06-27,1.63,86989.93,30446.48,30446.48,4349.5,21747.48,organic,MidSouth
2021-06-27,1.1,3167323.68,1108563.29,1108563.29,158366.18,791830.92,conventional,SouthCentral
2021-06-27,1.68,127848.11,44746.84,44746.84,6392.41,31962.03,organic,SouthCentral
2021-07-04,1.11,2522575.75,882901.51,882901.51,126128.79,630643.94,conventional,California
2021-07-04,1.51,105900.65,37065.23,37065.23,5295.03,26475.16,organic,California
2021-07-04,1.27,2317255.31,811039.36,811039.36,115862.77,579313.83,conventional,West
2021-07-04,1.66,130792.07,45777.22,45777.22,6539.6,32698.02,organic,West
2021-07-04,1.12,2489845.96,871446.09,871446.09,124492.3,622461.49,conventional,Northeast
2021-07-04,1.68,86167.55,30158.64,30158.64,4308.38,21541.89,organic,Northeast
2021-07-04,1.33,1744739.85,610658.95,610658.95,87236.99,436184.96,conventional,Southeast
2021-07-04,1.63,95440.63,33404.22,33404.22,4772.03,23860.16,organic,Southeast
2021-07-04,1.11,2082993.88,729047.86,729047.86,104149.69,520748.47,conventional,Great_Lakes
2021-07-04,1.29,109293.3,38252.66,38252.66,5464.67,27323.33,organic,Great_Lakes
2021-07-04,1.25,1374870.45,481204.66,481204.66,68743.52,343717.61,conventional,MidSouth
2021-07-04,1.68,59342.94,20770.03,20770.03,2967.15,14835.74,organic,MidSouth
2021-07-04,1.33,2482036.57,868712.8,868712.8,124101.83,620509.14,conventional,SouthCentral
2021-07-04,1.62,120640.42,42224.15,42224.15,6032.02,30160.11,organic,SouthCentral
2021-07-11,1.25,2453123.25,858593.14,858593.14,122656.16,613280.81,conventional,California
2021-07-11,1.79,114889.27,40211.24,40211.24,5744.46,28722.32,organic,California
2021-07-11,1.06,2584263.98,904492.39,904492.39,129213.2,646065.99,conventional,West
2021-07-11,1.47,138629.74,48520.41,48520.41,6931.49,34657.43,organic,West
2021-07-11,1.17,2108245.91,737886.07,737886.07,105412.3,527061.48,conventional,Northeast
2021-07-11,1.77,99411.87,34794.16,34794.16,4970.59,24852.97,organic,Northeast
2021-07-11,1.0,2211748.44,774111.95,774111.95,110587.42,552937.11,conventional,Southeast
2021-07-11,1.77,74780.28,26173.1,26173.1,3739.01,18695.07,organic,Southeast
2021-07-11,1.07,2212686.36,774440.23,774440.23,110634.32,553171.59,conventional,Great_Lakes
2021-07-11,1.46,98027.12,34309.49,34309.49,4901.36,24506.78,organic,Great_Lakes
2021-07-11,1.18,1432407.15,501342.5,501342.5,71620.36,358101.79,conventional,MidSouth
2021-07-11,1.77,59501.29,20825.45,20825.45,2975.06,14875.32,organic,MidSouth
2021-07-11,1.29,2329384.35,815284.52,815284.52,116469.22,582346.09,conventional,SouthCentral
2021-07-11,1.75,120471.72,42165.1,42165.1,6023.59,30117.93,organic,SouthCentral
2021-07-18,1.09,2120839.41,742293.79,742293.79,106041.97,530209.85,conventional,California
2021-07-18,1.7,100518.2,35181.37,35181.37,5025.91,25129.55,organic,California
2021-07-18,1.21,2301045.07,805365.77,805365.77,115052.25,575261.27,conventional,West
2021-07-18,1.59,145005.86,50752.05,50752.05,7250.29,36251.47,organic,West
2021-07-18,1.0,2737165.62,958007.97,958007.97,136858.28,684291.41,conventional,Northeast
2021-07-18,1.56,102454.54,35859.09,35859.09,5122.73,25613.64,organic,Northeast
2021-07-18,1.12,1885708.95,659998.13,659998.13,94285.45,471427.24,conventional,Southeast
2021-07-18,1.74,92973.84,32540.84,32540.84,4648.69,23243.46,organic,Southeast
2021-07-18,1.2,1787831.25,625740.94,625740.94,89391.56,446957.81,conventional,Great_Lakes
2021-07-18,1.5,101594.17,35557.96,35557.96,5079.71,25398.54,organic,Great_Lakes
2021-07-18,1.37,1215561.0,425446.35,425446.35,60778.05,303890.25,conventional,MidSouth
2021-07-18,1.59,69554.29,24344.0,24344.0,3477.71,17388.57,organic,MidSouth
2021-07-18,1.1,2304439.29,806553.75,806553.75,115221.96,576109.82,conventional,SouthCentral
2021-07-18,1.71,106364.34,37227.52,37227.52,5318.22,26591.09,organic,SouthCentral
2021-07-25,0.99,2988481.45,1045968.51,1045968.51,149424.07,747120.36,conventional,California
2021-07-25,1.49,118269.53,41394.34,41394.34,5913.48,29567.38,organic,California
2021-07-25,1.3,1911192.78,668917.47,668917.47,95559.64,477798.19,conventional,West
2021-07-25,1.42,143745.55,50310.94,50310.94,7187.28,35936.39,organic,West
2021-07-25,1.26,1702199.17,595769.71,595769.71,85109.96,425549.79,conventional,Northeast
2021-07-25,1.71,98104.47,34336.56,34336.56,4905.22,24526.12,organic,Northeast
2021-07-25,0.94,2648873.69,927105.79,927105.79,132443.68,662218.42,conventional,Southeast
2021-07-25,1.78,75414.64,26395.12,26395.12,3770.73,18853.66,organic,Southeast
2021-07-25,1.28,1794113.28,627939.65,627939.65,89705.66,448528.32,conventional,Great_Lakes
2021-07-25,1.67,78982.82,27643.99,27643.99,3949.14,19745.7,organic,Great_Lakes
2021-07-25,1.05,1729724.69,605403.64,605403.64,86486.23,432431.17,conventional,MidSouth
2021-07-25,1.74,62669.98,21934.49,21934.49,3133.5,15667.49,organic,MidSouth
2021-07-25,0.93,3922291.56,1372802.04,1372802.04,196114.58,980572.89,conventional,SouthCentral
2021-07-25,1.68,114661.57,40131.55,40131.55,5733.08,28665.39,organic,SouthCentral
2021-08-01,1.24,2263401.63,792190.57,792190.57,113170.08,565850.41,conventional,California
2021-08-01,1.23,159930.96,55975.84,55975.84,7996.55,39982.74,organic,California
2021-08-01,1.01,2871380.01,1004983.0,1004983.0,143569.0,717845.0,conventional,West
2021-08-01,1.67,110067.27,38523.54,38523.54,5503.36,27516.82,organic,West
2021-08-01,1.1,1861505.33,651526.87,651526.87,93075.27,465376.33,conventional,Northeast
2021-08-01,1.58,101974.51,35691.08,35691.08,5098.73,25493.63,organic,Northeast
2021-08-01,1.25,1496194.66,523668.13,523668.13,74809.73,374048.67,conventional,Southeast
2021-08-01,1.8,67310.75,23558.76,23558.76,3365.54,16827.69,organic,Southeast
2021-08-01,1.19,1619365.9,566778.06,566778.06,80968.29,404841.47,conventional,Great_Lakes
2021-08-01,1.68,84076.8,29426.88,29426.88,4203.84,21019.2,organic,Great_Lakes
2021-08-01,1.03,1593507.26,557727.54,557727.54,79675.36,398376.81,conventional,MidSouth
2021-08-01,1.68,81451.3,28507.95,28507.95,4072.56,20362.82,organic,MidSouth
2021-08-01,1.06,3318964.1,1161637.44,1161637.44,165948.21,829741.03,conventional,SouthCentral
2021-08-01,1.95,88557.55,30995.14,30995.14,4427.88,22139.39,organic,SouthCentral
2021-08-08,1.12,2143046.75,750066.36,750066.36,107152.34,535761.69,conventional,California
2021-08-08,1.64,86399.5,30239.82,30239.82,4319.97,21599.87,organic,California
2021-08-08,1.14,2657435.96,930102.59,930102.59,132871.8,664358.99,conventional,West
2021-08-08,1.56,111779.08,39122.68,39122.68,5588.95,27944.77,organic,West
2021-08-08,0.98,2574851.17,901197.91,901197.91,128742.56,643712.79,conventional,Northeast
2021-08-08,1.69,89305.49,31256.92,31256.92,4465.27,22326.37,organic,Northeast
2021-08-08,1.13,1827244.94,639535.73,639535.73,91362.25,456811.23,conventional,Southeast
2021-08-08,1.73,76569.27,26799.24,26799.24,3828.46,19142.32,organic,Southeast
2021-08-08,1.18,1724673.58,603635.75,603635.75,86233.68,431168.4,conventional,Great_Lakes
2021-08-08,1.82,72894.53,25513.09,25513.09,3644.73,18223.63,organic,Great_Lakes
2021-08-08,1.17,1616038.21,565613.37,565613.37,80801.91,404009.55,conventional,MidSouth
2021-08-08,1.71,70747.27,24761.55,24761.55,3537.36,17686.82,organic,MidSouth
2021-08-08,1.21,2069414.0,724294.9,724294.9,103470.7,517353.5,conventional,SouthCentral
2021-08-08,1.85,98479.39,34467.79,34467.79,4923.97,24619.85,organic,SouthCentral
2021-08-15,1.14,2254495.61,789073.46,789073.46,112724.78,563623.9,conventional,California
2021-08-15,1.6,105723.16,37003.11,37003.11,5286.16,26430.79,organic,California
2021-08-15,1.09,2765683.12,967989.09,967989.09,138284.16,691420.78,conventional,West
2021-08-15,1.63,102737.22,35958.03,35958.03,5136.86,25684.3,organic,West
2021-08-15,1.06,2321182.28,812413.8,812413.8,116059.11,580295.57,conventional,Northeast
2021-08-15,1.68,93211.77,32624.12,32624.12,4660.59,23302.94,organic,Northeast
2021-08-15,1.05,1806345.08,632220.78,632220.78,90317.25,451586.27,conventional,Southeast
2021-08-15,1.74,87662.73,30681.95,30681.95,4383.14,21915.68,organic,Southeast
2021-08-15,1.05,2238097.34,783334.07,783334.07,111904.87,559524.34,conventional,Great_Lakes
2021-08-15,1.69,75811.55,26534.04,26534.04,3790.58,18952.89,organic,Great_Lakes
2021-08-15,1.11,1366849.14,478397.2,478397.2,68342.46,341712.28,conventional,MidSouth
2021-08-15,1.8,53427.01,18699.45,18699.45,2671.35,13356.75,organic,MidSouth
2021-08-15,1.07,3022352.32,1057823.31,1057823.31,151117.62,755588.08,conventional,SouthCentral
2021-08-15,1.37,130809.8,45783.43,45783.43,6540.49,32702.45,organic,SouthCentral
2021-08-22,1.15,2248343.61,786920.26,786920.26,112417.18,562085.9,conventional,California
2021-08-22,1.72,89609.33,31363.27,31363.27,4480.47,22402.33,organic,California
2021-08-22,1.4,1790453.53,626658.74,626658.74,89522.68,447613.38,conventional,West
2021-08-22,1.62,100180.14,35063.05,35063.05,5009.01,25045.04,organic,West
2021-08-22,1.16,2120318.44,742111.45,742111.45,106015.92,530079.61,conventional,Northeast
2021-08-22,1.83,67806.11,23732.14,23732.14,3390.31,16951.53,organic,Northeast
2021-08-22,1.13,1944883.02,680709.06,680709.06,97244.15,486220.76,conventional,Southeast
2021-08-22,1.74,75995.0,26598.25,26598.25,3799.75,18998.75,organic,Southeast
2021-08-22,1.2,1551600.22,543060.08,543060.08,77580.01,387900.06,conventional,Great_Lakes
2021-08-22,1.88,71361.68,24976.59,24976.59,3568.08,17840.42,organic,Great_Lakes
2021-08-22,1.02,1566356.4,548224.74,548224.74,78317.82,391589.1,conventional,MidSouth
2021-08-22,1.49,81669.16,28584.21,28584.21,4083.46,20417.29,organic,MidSouth
2021-08-22,1.02,2887831.95,1010741.18,1010741.18,144391.6,721957.99,conventional,SouthCentral
2021-08-22,1.72,107458.07,37610.32,37610.32,5372.9,26864.52,organic,SouthCentral
2021-08-29,1.18,1957496.29,685123.7,685123.7,97874.81,489374.07,conventional,California
2021-08-29,1.74,85627.29,29969.55,29969.55,4281.36,21406.82,organic,California
2021-08-29,1.12,2469727.29,864404.55,864404.55,123486.36,617431.82,conventional,West
2021-08-29,1.67,103883.53,36359.23,36359.23,5194.18,25970.88,organic,West
2021-08-29,1.07,2173146.28,760601.2,760601.2,108657.31,543286.57,conventional,Northeast
2021-08-29,1.65,80119.99,28042.0,28042.0,4006.0,20030.0,organic,Northeast
2021-08-29,1.1,1983306.7,694157.35,694157.35,99165.34,495826.68,conventional,Southeast
2021-08-29,1.46,110922.31,38822.81,38822.81,5546.12,27730.58,organic,Southeast
2021-08-29,1.28,1392500.52,487375.18,487375.18,69625.03,348125.13,conventional,Great_Lakes
2021-08-29,1.85,65251.98,22838.19,22838.19,3262.6,16313.0,organic,Great_Lakes
2021-08-29,1.19,1342963.39,470037.19,470037.19,67148.17,335740.85,conventional,MidSouth
2021-08-29,1.79,60618.62,21216.52,21216.52,3030.93,15154.65,organic,MidSouth
2021-08-29,1.07,2553529.45,893735.31,893735.31,127676.47,638382.36,conventional,SouthCentral
2021-08-29,1.43,145026.95,50759.43,50759.43,7251.35,36256.74,organic,SouthCentral
2021-09-05,1.21,2122813.36,742984.68,742984.68,106140.67,530703.34,conventional,California
2021-09-05,1.63,87132.74,30496.46,30496.46,4356.64,21783.18,organic,California
2021-09-05,1.08,2703495.36,946223.38,946223.38,135174.77,675873.84,conventional,West
2021-09-05,1.58,111432.95,39001.53,39001.53,5571.65,27858.24,organic,West
2021-09-05,1.04,2321185.48,812414.92,812414.92,116059.27,580296.37,conventional,Northeast
2021-09-05,1.58,106312.47,37209.36,37209.36,5315.62,26578.12,organic,Northeast
2021-09-05,1.23,1580968.66,553339.03,553339.03,79048.43,395242.16,conventional,Southeast
2021-09-05,1.63,77238.38,27033.43,27033.43,3861.92,19309.59,organic,Southeast
2021-09-05,1.01,1885746.79,660011.38,660011.38,94287.34,471436.7,conventional,Great_Lakes
2021-09-05,1.68,77443.64,27105.27,27105.27,3872.18,19360.91,organic,Great_Lakes
2021-09-05,1.16,1371279.25,479947.74,479947.74,68563.96,342819.81,conventional,MidSouth
2021-09-05,1.79,57152.27,20003.3,20003.3,2857.61,14288.07,organic,MidSouth
2021-09-05,1.22,2012635.62,704422.47,704422.47,100631.78,503158.9,conventional,SouthCentral
2021-09-05,1.06,223839.04,78343.66,78343.66,11191.95,55959.76,organic,SouthCentral
2021-09-12,1.01,2483647.21,869276.52,869276.52,124182.36,620911.8,conventional,California
2021-09-12,1.6,117621.1,41167.38,41167.38,5881.05,29405.27,organic,California
2021-09-12,1.19,2217674.96,776186.24,776186.24,110883.75,554418.74,conventional,West
2021-09-12,1.78,95425.33,33398.87,33398.87,4771.27,23856.33,organic,West
2021-09-12,1.1,2290753.11,801763.59,801763.59,114537.66,572688.28,conventional,Northeast
2021-09-12,1.48,108832.25,38091.29,38091.29,5441.61,27208.06,organic,Northeast
2021-09-12,1.0,2172867.5,760503.62,760503.62,108643.37,543216.87,conventional,Southeast
2021-09-12,1.68,92406.05,32342.12,32342.12,4620.3,23101.51,organic,Southeast
2021-09-12,0.99,1960161.9,686056.66,686056.66,98008.09,490040.47,conventional,Great_Lakes
2021-09-12,1.77,71461.46,25011.51,25011.51,3573.07,17865.36,organic,Great_Lakes
2021-09-12,1.17,1296915.36,453920.38,453920.38,64845.77,324228.84,conventional,MidSouth
2021-09-12,1.56,78949.35,27632.27,27632.27,3947.47,19737.34,organic,MidSouth
2021-09-12,1.14,2588767.23,906068.53,906068.53,129438.36,647191.81,conventional,SouthCentral
2021-09-12,1.63,101350.98,35472.84,35472.84,5067.55,25337.74,organic,SouthCentral
2021-09-19,1.24,2021943.25,707680.14,707680.14,101097.16,505485.81,conventional,California
2021-09-19,2.0,65363.25,22877.14,22877.14,3268.16,16340.81,organic,California
2021-09-19,1.23,1886359.46,660225.81,660225.81,94317.97,471589.86,conventional,West
2021-09-19,1.67,110812.76,38784.46,38784.46,5540.64,27703.19,organic,West
2021-09-19,0.94,2520230.05,882080.52,882080.52,126011.5,630057.51,conventional,Northeast
2021-09-19,1.57,90613.73,31714.81,31714.81,4530.69,22653.43,organic,Northeast
2021-09-19,1.19,1872995.99,655548.6,655548.6,93649.8,468249.0,conventional,Southeast
2021-09-19,1.63,83385.09,29184.78,29184.78,4169.25,20846.27,organic,Southeast
2021-09-19,1.16,1692197.77,592269.22,592269.22,84609.89,423049.44,conventional,Great_Lakes
2021-09-19,1.49,100593.22,35207.63,35207.63,5029.66,25148.31,organic,Great_Lakes
2021-09-19,1.18,1427371.71,499580.1,499580.1,71368.59,356842.93,conventional,MidSouth
2021-09-19,1.53,68702.72,24045.95,24045.95,3435.14,17175.68,organic,MidSouth
2021-09-19,1.13,2252644.33,788425.52,788425.52,112632.22,563161.08,conventional,SouthCentral
2021-09-19,1.4,135765.01,47517.75,47517.75,6788.25,33941.25,organic,SouthCentral
2021-09-26,1.2,1922442.87,672855.01,672855.01,96122.14,480610.72,conventional,California
2021-09-26,1.5,102645.08,35925.78,35925.78,5132.25,25661.27,organic,California
2021-09-26,1.1,2335254.75,817339.16,817339.16,116762.74,583813.69,conventional,West
2021-09-26,1.97,87129.76,30495.41,30495.41,4356.49,21782.44,organic,West
2021-09-26,1.25,1972264.78,690292.67,690292.67,98613.24,493066.2,conventional,Northeast
2021-09-26,1.5,91699.43,32094.8,32094.8,4584.97,22924.86,organic,Northeast
2021-09-26,1.04,2253157.2,788605.02,788605.02,112657.86,563289.3,conventional,Southeast
2021-09-26,1.57,76404.13,26741.45,26741.45,3820.21,19101.03,organic,Southeast
2021-09-26,1.11,1762805.88,616982.06,616982.06,88140.29,440701.47,conventional,Great_Lakes
2021-09-26,1.69,76153.13,26653.6,26653.6,3807.66,19038.28,organic,Great_Lakes
2021-09-26,1.07,1655666.95,579483.43,579483.43,82783.35,413916.74,conventional,MidSouth
2021-09-26,1.55,69107.42,24187.6,24187.6,3455.37,17276.86,organic,MidSouth
2021-09-26,1.22,2207124.65,772493.63,772493.63,110356.23,551781.16,conventional,SouthCentral
2021-09-26,1.56,129023.53,45158.23,45158.23,6451.18,32255.88,organic,SouthCentral
2021-10-03,1.06,2341675.96,819586.59,819586.59,117083.8,585418.99,conventional,California
2021-10-03,1.73,112370.67,39329.73,39329.73,5618.53,28092.67,organic,California
2021-10-03,1.21,2277268.82,797044.09,797044.09,113863.44,569317.2,conventional,West
2021-10-03,1.73,87957.53,30785.14,30785.14,4397.88,21989.38,organic,West
2021-10-03,1.16,2015529.67,705435.39,705435.39,100776.48,503882.42,conventional,Northeast
2021-10-03,1.7,89099.95,31184.98,31184.98,4455.0,22274.99,organic,Northeast
2021-10-03,1.19,1710720.14,598752.05,598752.05,85536.01,427680.04,conventional,Southeast
2021-10-03,1.66,72041.99,25214.7,25214.7,3602.1,18010.5,organic,Southeast
2021-10-03,1.12,2030225.41,710578.89,710578.89,101511.27,507556.35,conventional,Great_Lakes
2021-10-03,1.7,75356.72,26374.85,26374.85,3767.84,18839.18,organic,Great_Lakes
2021-10-03,1.34,1082911.82,379019.14,379019.14,54145.59,270727.95,conventional,MidSouth
2021-10-03,1.48,91432.83,32001.49,32001.49,4571.64,22858.21,organic,MidSouth
2021-10-03,1.15,2495568.58,873449.0,873449.0,124778.43,623892.14,conventional,SouthCentral
2021-10-03,1.47,142935.34,50027.37,50027.37,7146.77,35733.83,organic,SouthCentral
2021-10-10,1.2,1895298.99,663354.65,663354.65,94764.95,473824.75,conventional,California
2021-10-10,1.63,97127.49,33994.62,33994.62,4856.37,24281.87,organic,California
2021-10-10,1.18,2079730.65,727905.73,727905.73,103986.53,519932.66,conventional,West
2021-10-10,1.84,97979.76,34292.92,34292.92,4898.99,24494.94,organic,West
2021-10-10,1.11,2092928.66,732525.03,732525.03,104646.43,523232.16,conventional,Northeast
2021-10-10,1.63,86679.73,30337.91,30337.91,4333.99,21669.93,organic,Northeast
2021-10-10,1.11,1877550.24,657142.59,657142.59,93877.51,469387.56,conventional,Southeast
2021-10-10,1.89,73510.72,25728.75,25728.75,3675.54,18377.68,organic,Southeast
2021-10-10,1.24,1638094.22,573332.98,573332.98,81904.71,409523.56,conventional,Great_Lakes
2021-10-10,1.48,92176.04,32261.61,32261.61,4608.8,23044.01,organic,Great_Lakes
2021-10-10,1.25,1194060.52,417921.18,417921.18,59703.03,298515.13,conventional,MidSouth
2021-10-10,1.75,76152.38,26653.33,26653.33,3807.62,19038.09,organic,MidSouth
2021-10-10,1.26,2564177.9,897462.26,897462.26,128208.89,641044.47,conventional,SouthCentral
2021-10-10,1.68,122951.08,43032.88,43032.88,6147.55,30737.77,organic,SouthCentral
2021-10-17,1.08,2531967.42,886188.6,886188.6,126598.37,632991.85,conventional,California
2021-10-17,1.75,93003.24,32551.13,32551.13,4650.16,23250.81,organic,California
2021-10-17,1.28,1955721.48,684502.52,684502.52,97786.07,488930.37,conventional,West
2021-10-17,1.62,108868.03,38103.81,38103.81,5443.4,27217.01,organic,West
2021-10-17,1.05,2342373.78,819830.82,819830.82,117118.69,585593.45,conventional,Northeast
2021-10-17,1.39,131749.81,46112.43,46112.43,6587.49,32937.45,organic,Northeast
2021-10-17,1.15,1743171.81,610110.13,610110.13,87158.59,435792.95,conventional,Southeast
2021-10-17,1.52,90275.84,31596.54,31596.54,4513.79,22568.96,organic,Southeast
2021-10-17,1.22,1703655.52,596279.43,596279.43,85182.78,425913.88,conventional,Great_Lakes
2021-10-17,1.54,79998.73,27999.56,27999.56,3999.94,19999.68,organic,Great_Lakes
2021-10-17,1.22,1286683.84,450339.34,450339.34,64334.19,321670.96,conventional,MidSouth
2021-10-17,1.66,65962.57,23086.9,23086.9,3298.13,16490.64,organic,MidSouth
2021-10-17,1.18,2648789.99,927076.5,927076.5,132439.5,662197.5,conventional,SouthCentral
2021-10-17,1.46,114011.22,39903.93,39903.93,5700.56,28502.8,organic,SouthCentral
2021-10-24,1.09,2696982.04,943943.71,943943.71,134849.1,674245.51,conventional,California
2021-10-24,1.95,91863.58,32152.25,32152.25,4593.18,22965.9,organic,California
2021-10-24,1.13,2070690.02,724741.51,724741.51,103534.5,517672.51,conventional,West
2021-10-24,1.3,141564.65,49547.63,49547.63,7078.23,35391.16,organic,West
2021-10-24,1.13,2319920.28,811972.1,811972.1,115996.01,579980.07,conventional,Northeast
2021-10-24,1.78,83945.78,29381.02,29381.02,4197.29,20986.44,organic,Northeast
2021-10-24,1.06,1870571.02,654699.86,654699.86,93528.55,467642.76,conventional,Southeast
2021-10-24,1.69,85067.79,29773.73,29773.73,4253.39,21266.95,organic,Southeast
2021-10-24,1.19,1547995.48,541798.42,541798.42,77399.77,386998.87,conventional,Great_Lakes
2021-10-24,1.75,75457.51,26410.13,26410.13,3772.88,18864.38,organic,Great_Lakes
2021-10-24,1.04,1550695.27,542743.34,542743.34,77534.76,387673.82,conventional,MidSouth
2021-10-24,1.75,58577.1,20501.99,20501.99,2928.86,14644.28,organic,MidSouth
2021-10-24,1.31,2264160.09,792456.03,792456.03,113208.0,566040.02,conventional,SouthCentral
2021-10-24,1.58,122894.47,43013.06,43013.06,6144.72,30723.62,organic,SouthCentral
2021-10-31,1.16,2053645.57,718775.95,718775.95,102682.28,513411.39,conventional,California
2021-10-31,1.51,120346.36,42121.23,42121.23,6017.32,30086.59,organic,California
2021-10-31,1.23,2245530.07,785935.53,785935.53,112276.5,561382.52,conventional,West
2021-10-31,1.88,82031.11,28710.89,28710.89,4101.56,20507.78,organic,West
2021-10-31,1.32,1606075.14,562126.3,562126.3,80303.76,401518.79,conventional,Northeast
2021-10-31,1.5,89139.72,31198.9,31198.9,4456.99,22284.93,organic,Northeast
2021-10-31,1.11,1843303.26,645156.14,645156.14,92165.16,460825.82,conventional,Southeast
2021-10-31,1.73,78440.08,27454.03,27454.03,3922.0,19610.02,organic,Southeast
2021-10-31,1.03,1948574.67,682001.14,682001.14,97428.73,487143.67,conventional,Great_Lakes
2021-10-31,1.59,69485.05,24319.77,24319.77,3474.25,17371.26,organic,Great_Lakes
2021-10-31,1.05,1535838.8,537543.58,537543.58,76791.94,383959.7,conventional,MidSouth
2021-10-31,1.87,55714.51,19500.08,19500.08,2785.73,13928.63,organic,MidSouth
2021-10-31,1.22,2114967.02,740238.46,740238.46,105748.35,528741.75,conventional,SouthCentral
2021-10-31,1.83,112166.67,39258.33,39258.33,5608.33,28041.67,organic,SouthCentral
2021-11-07,0.95,2795816.74,978535.86,978535.86,139790.84,698954.19,conventional,California
2021-11-07,1.72,104567.01,36598.45,36598.45,5228.35,26141.75,organic,California
2021-11-07,1.08,2617085.91,915980.07,915980.07,130854.3,654271.48,conventional,West
2021-11-07,1.56,122836.14,42992.65,42992.65,6141.81,30709.04,organic,West
2021-11-07,1.27,1806662.3,632331.81,632331.81,90333.12,451665.58,conventional,Northeast
2021-11-07,1.8,79339.39,27768.79,27768.79,3966.97,19834.85,organic,Northeast
2021-11-07,1.07,2281469.6,798514.36,798514.36,114073.48,570367.4,conventional,Southeast
2021-11-07,1.79,84234.67,29482.14,29482.14,4211.73,21058.67,organic,Southeast
2021-11-07,1.02,2090525.13,731683.79,731683.79,104526.26,522631.28,conventional,Great_Lakes
2021-11-07,1.77,75512.58,26429.4,26429.4,3775.63,18878.14,organic,Great_Lakes
2021-11-07,1.04,1821512.61,637529.41,637529.41,91075.63,455378.15,conventional,MidSouth
2021-11-07,1.54,92414.77,32345.17,32345.17,4620.74,23103.69,organic,MidSouth
2021-11-07,1.3,2437248.24,853036.88,853036.88,121862.41,609312.06,conventional,SouthCentral
2021-11-07,1.85,103251.4,36137.99,36137.99,5162.57,25812.85,organic,SouthCentral
2021-11-14,1.23,2419638.27,846873.39,846873.39,120981.91,604909.57,conventional,California
2021-11-14,1.69,98779.17,34572.71,34572.71,4938.96,24694.79,organic,California
2021-11-14,0.98,3017358.09,1056075.33,1056075.33,150867.9,754339.52,conventional,West
2021-11-14,1.77,110204.24,38571.48,38571.48,5510.21,27551.06,organic,West
2021-11-14,1.2,1973872.58,690855.4,690855.4,98693.63,493468.15,conventional,Northeast
2021-11-14,1.35,125229.49,43830.32,43830.32,6261.47,31307.37,organic,Northeast
2021-11-14,1.12,1958382.8,685433.98,685433.98,97919.14,489595.7,conventional,Southeast
2021-11-14,1.74,98071.64,34325.07,34325.07,4903.58,24517.91,organic,Southeast
2021-11-14,1.16,1807800.19,632730.07,632730.07,90390.01,451950.05,conventional,Great_Lakes
2021-11-14,1.61,87933.51,30776.73,30776.73,4396.68,21983.38,organic,Great_Lakes
2021-11-14,1.07,1722088.74,602731.06,602731.06,86104.44,430522.18,conventional,MidSouth
2021-11-14,1.72,67139.32,23498.76,23498.76,3356.97,16784.83,organic,MidSouth
2021-11-14,1.2,2680571.04,938199.87,938199.87,134028.55,670142.76,conventional,SouthCentral
2021-11-14,1.38,169493.53,59322.74,59322.74,8474.68,42373.38,organic,SouthCentral
2021-11-21,1.08,2301203.03,805421.06,805421.06,115060.15,575300.76,conventional,California
2021-11-21,1.48,128199.04,44869.66,44869.66,6409.95,32049.76,organic,California
2021-11-21,1.13,2226341.04,779219.36,779219.36,111317.05,556585.26,conventional,West
2021-11-21,1.72,90765.74,31768.01,31768.01,4538.29,22691.43,organic,West
2021-11-21,1.16,2183499.88,764224.96,764224.96,109174.99,545874.97,conventional,Northeast
2021-11-21,1.78,104015.97,36405.59,36405.59,5200.8,26003.99,organic,Northeast
2021-11-21,1.01,2264444.0,792555.4,792555.4,113222.2,566111.0,conventional,Southeast
2021-11-21,1.61,94701.64,33145.57,33145.57,4735.08,23675.41,organic,Southeast
2021-11-21,1.17,1770701.71,619745.6,619745.6,88535.09,442675.43,conventional,Great_Lakes
2021-11-21,1.58,79685.45,27889.91,27889.91,3984.27,19921.36,organic,Great_Lakes
2021-11-21,1.25,1453838.01,508843.31,508843.31,72691.9,363459.5,conventional,MidSouth
2021-11-21,1.79,60027.75,21009.71,21009.71,3001.39,15006.94,organic,MidSouth
2021-11-21,1.08,2684109.41,939438.29,939438.29,134205.47,671027.35,conventional,SouthCentral
2021-11-21,1.7,104954.2,36733.97,36733.97,5247.71,26238.55,organic,SouthCentral
2021-11-28,1.33,1741941.7,609679.6,609679.6,87097.09,435485.43,conventional,California
2021-11-28,1.69,118077.27,41327.05,41327.05,5903.86,29519.32,organic,California
2021-11-28,1.21,2365671.12,827984.89,827984.89,118283.56,591417.78,conventional,West
2021-11-28,1.5,111734.03,39106.91,39106.91,5586.7,27933.51,organic,West
2021-11-28,1.23,2262407.12,791842.49,791842.49,113120.36,565601.78,conventional,Northeast
2021-11-28,1.58,92729.35,32455.27,32455.27,4636.47,23182.34,organic,Northeast
2021-11-28,0.9,2424856.4,848699.74,848699.74,121242.82,606214.1,conventional,Southeast
2021-11-28,1.63,104030.54,36410.69,36410.69,5201.53,26007.63,organic,Southeast
2021-11-28,1.22,1779097.45,622684.11,622684.11,88954.87,444774.36,conventional,Great_Lakes
2021-11-28,1.59,83565.7,29248.0,29248.0,4178.29,20891.43,organic,Great_Lakes
2021-11-28,1.29,1366694.19,478342.97,478342.97,68334.71,341673.55,conventional,MidSouth
2021-11-28,1.33,89738.49,31408.47,31408.47,4486.92,22434.62,organic,MidSouth
2021-11-28,1.06,2867230.27,1003530.6,1003530.6,143361.51,716807.57,conventional,SouthCentral
2021-11-28,1.73,112174.94,39261.23,39261.23,5608.75,28043.74,organic,SouthCentral
2021-12-05,1.14,2821787.91,987625.77,987625.77,141089.4,705446.98,conventional,California
2021-12-05,1.55,150506.72,52677.35,52677.35,7525.34,37626.68,organic,California
2021-12-05,1.08,2917621.96,1021167.69,1021167.69,145881.1,729405.49,conventional,West
2021-12-05,1.61,127128.84,44495.09,44495.09,6356.44,31782.21,organic,West
2021-12-05,1.19,2321490.24,812521.58,812521.58,116074.51,580372.56,conventional,Northeast
2021-12-05,1.54,105064.48,36772.57,36772.57,5253.22,26266.12,organic,Northeast
2021-12-05,1.4,1578852.83,552598.49,552598.49,78942.64,394713.21,conventional,Southeast
2021-12-05,1.75,73255.32,25639.36,25639.36,3662.77,18313.83,organic,Southeast
2021-12-05,1.12,2057226.33,720029.21,720029.21,102861.32,514306.58,conventional,Great_Lakes
2021-12-05,1.72,64777.57,22672.15,22672.15,3238.88,16194.39,organic,Great_Lakes
2021-12-05,1.17,1504613.24,526614.63,526614.63,75230.66,376153.31,conventional,MidSouth
2021-12-05,1.7,65156.27,22804.69,22804.69,3257.81,16289.07,organic,MidSouth
2021-12-05,1.06,3167041.7,1108464.6,1108464.6,158352.09,791760.43,conventional,SouthCentral
2021-12-05,1.49,146482.87,51269.01,51269.01,7324.14,36620.72,organic,SouthCentral
2021-12-12,1.03,2494794.84,873178.19,873178.19,124739.74,623698.71,conventional,California
2021-12-12,1.8,87104.72,30486.65,30486.65,4355.24,21776.18,organic,California
2021-12-12,1.13,2910293.6,1018602.76,1018602.76,145514.68,727573.4,conventional,West
2021-12-12,1.56,121242.06,42434.72,42434.72,6062.1,30310.52,organic,West
2021-12-12,1.17,2509288.79,878251.08,878251.08,125464.44,627322.2,conventional,Northeast
2021-12-12,1.47,123229.49,43130.32,43130.32,6161.47,30807.37,organic,Northeast
2021-12-12,0.98,2494877.53,873207.13,873207.13,124743.88,623719.38,conventional,Southeast
2021-12-12,1.66,86231.45,30181.01,30181.01,4311.57,21557.86,organic,Southeast
2021-12-12,1.1,1894197.2,662969.02,662969.02,94709.86,473549.3,conventional,Great_Lakes
2021-12-12,1.66,99626.46,34869.26,34869.26,4981.32,24906.62,organic,Great_Lakes
2021-12-12,1.04,1811154.18,633903.96,633903.96,90557.71,452788.54,conventional,MidSouth
2021-12-12,1.73,79695.27,27893.34,27893.34,3984.76,19923.82,organic,MidSouth
2021-12-12,1.0,3450120.66,1207542.23,1207542.23,172506.03,862530.17,conventional,SouthCentral
2021-12-12,1.69,125876.44,44056.75,44056.75,6293.82,31469.11,organic,SouthCentral
2021-12-19,0.9,3550828.51,1242789.98,1242789.98,177541.43,887707.13,conventional,California
2021-12-19,1.88,94355.88,33024.56,33024.56,4717.79,23588.97,organic,California
2021-12-19,1.05,2900321.3,1015112.45,1015112.45,145016.06,725080.32,conventional,West
2021-12-19,1.92,105764.6,37017.61,37017.61,5288.23,26441.15,organic,West
2021-12-19,1.21,2260822.8,791287.98,791287.98,113041.14,565205.7,conventional,Northeast
2021-12-19,1.55,113681.89,39788.66,39788.66,5684.09,28420.47,organic,Northeast
2021-12-19,1.14,2212344.78,774320.67,774320.67,110617.24,553086.19,conventional,Southeast
2021-12-19,1.88,87022.64,30457.92,30457.92,4351.13,21755.66,organic,Southeast
2021-12-19,1.01,2418994.07,846647.92,846647.92,120949.7,604748.52,conventional,Great_Lakes
2021-12-19,1.76,87441.7,30604.59,30604.59,4372.08,21860.42,organic,Great_Lakes
2021-12-19,1.09,2274842.45,796194.86,796194.86,113742.12,568710.61,conventional,MidSouth
2021-12-19,1.46,81516.6,28530.81,28530.81,4075.83,20379.15,organic,MidSouth
2021-12-19,1.17,3394880.13,1188208.04,1188208.04,169744.01,848720.03,conventional,SouthCentral
2021-12-19,1.52,144841.12,50694.39,50694.39,7242.06,36210.28,organic,SouthCentral
2021-12-26,1.26,2249140.87,787199.31,787199.31,112457.04,562285.22,conventional,California
2021-12-26,1.6,125508.75,43928.06,43928.06,6275.44,31377.19,organic,California
2021-12-26,1.18,2833768.61,991819.01,991819.01,141688.43,708442.15,conventional,West
2021-12-26,1.84,105446.06,36906.12,36906.12,5272.3,26361.52,organic,West
2021-12-26,1.18,2318061.61,811321.56,811321.56,115903.08,579515.4,conventional,Northeast
2021-12-26,1.72,99558.06,34845.32,34845.32,4977.9,24889.51,organic,Northeast
2021-12-26,1.15,2310316.7,808610.85,808610.85,115515.84,577579.18,conventional,Southeast
2021-12-26,1.88,66867.72,23403.7,23403.7,3343.39,16716.93,organic,Southeast
2021-12-26,1.15,1905190.44,666816.65,666816.65,95259.52,476297.61,conventional,Great_Lakes
2021-12-26,1.6,98455.06,34459.27,34459.27,4922.75,24613.77,organic,Great_Lakes
2021-12-26,1.22,1550765.58,542767.95,542767.95,77538.28,387691.4,conventional,MidSouth
2021-12-26,1.36,91298.85,31954.6,31954.6,4564.94,22824.71,organic,MidSouth
2021-12-26,1.24,2148978.33,752142.42,752142.42,107448.92,537244.58,conventional,SouthCentral
2021-12-26,1.83,119341.04,41769.36,41769.36,5967.05,29835.26,organic,SouthCentral
2022-01-02,1.28,2327730.18,814705.56,814705.56,116386.51,581932.54,conventional,California
2022-01-02,1.34,173487.97,60720.79,60720.79,8674.4,43371.99,organic,California
2022-01-02,1.28,2727408.4,954592.94,954592.94,136370.42,681852.1,conventional,West
2022-01-02,1.55,143770.01,50319.5,50319.5,7188.5,35942.5,organic,West
2022-01-02,1.1,2511795.94,879128.58,879128.58,125589.8,627948.99,conventional,Northeast
2022-01-02,1.79,88954.08,31133.93,31133.93,4447.7,22238.52,organic,Northeast
2022-01-02,1.06,2285818.64,800036.52,800036.52,114290.93,571454.66,conventional,Southeast
2022-01-02,1.43,128057.92,44820.27,44820.27,6402.9,32014.48,organic,Southeast
2022-01-02,1.27,1892735.16,662457.31,662457.31,94636.76,473183.79,conventional,Great_Lakes
2022-01-02,1.42,132086.97,46230.44,46230.44,6604.35,33021.74,organic,Great_Lakes
2022-01-02,1.32,1444962.72,505736.95,505736.95,72248.14,361240.68,conventional,MidSouth
2022-01-02,1.58,91342.58,31969.9,31969.9,4567.13,22835.65,organic,MidSouth
2022-01-02,1.31,2569927.09,899474.48,899474.48,128496.35,642481.77,conventional,SouthCentral
2022-01-02,1.45,183601.88,64260.66,64260.66,9180.09,45900.47,organic,SouthCentral
2022-01-09,1.23,2491164.98,871907.74,871907.74,124558.25,622791.25,conventional,California
2022-01-09,1.57,145378.75,50882.56,50882.56,7268.94,36344.69,organic,California
2022-01-09,1.2,2568129.14,898845.2,898845.2,128406.46,642032.29,conventional,West
2022-01-09,1.66,112672.41,39435.34,39435.34,5633.62,28168.1,organic,West
2022-01-09,1.22,2302151.93,805753.17,805753.17,115107.6,575537.98,conventional,Northeast
2022-01-09,1.58,120318.24,42111.38,42111.38,6015.91,30079.56,organic,Northeast
2022-01-09,1.15,2413624.98,844768.74,844768.74,120681.25,603406.25,conventional,Southeast
2022-01-09,1.74,92325.65,32313.98,32313.98,4616.28,23081.41,organic,Southeast
2022-01-09,1.23,2064273.59,722495.76,722495.76,103213.68,516068.4,conventional,Great_Lakes
2022-01-09,1.59,102055.01,35719.26,35719.26,5102.75,25513.75,organic,Great_Lakes
2022-01-09,1.14,1910571.16,668699.91,668699.91,95528.56,477642.79,conventional,MidSouth
2022-01-09,1.59,82120.95,28742.33,28742.33,4106.05,20530.24,organic,MidSouth
2022-01-09,1.35,2795547.36,978441.58,978441.58,139777.37,698886.84,conventional,SouthCentral
2022-01-09,1.54,167422.39,58597.84,58597.84,8371.12,41855.6,organic,SouthCentral
2022-01-16,1.16,2758690.81,965541.78,965541.78,137934.54,689672.7,conventional,California
2022-01-16,1.67,134578.61,47102.51,47102.51,6728.93,33644.65,organic,California
2022-01-16,1.18,2769835.64,969442.47,969442.47,138491.78,692458.91,conventional,West
2022-01-16,1.81,116033.86,40611.85,40611.85,5801.69,29008.46,organic,West
2022-01-16,1.16,2557996.97,895298.94,895298.94,127899.85,639499.24,conventional,Northeast
2022-01-16,1.64,115185.74,40315.01,40315.01,5759.29,28796.44,organic,Northeast
2022-01-16,1.09,2268845.19,794095.82,794095.82,113442.26,567211.3,conventional,Southeast
2022-01-16,1.5,101801.78,35630.62,35630.62,5090.09,25450.45,organic,Southeast
2022-01-16,1.06,2359907.36,825967.58,825967.58,117995.37,589976.84,conventional,Great_Lakes
2022-01-16,1.67,93459.43,32710.8,32710.8,4672.97,23364.86,organic,Great_Lakes
2022-01-16,0.91,2727139.28,954498.75,954498.75,136356.96,681784.82,conventional,MidSouth
2022-01-16,1.81,73671.74,25785.11,25785.11,3683.59,18417.93,organic,MidSouth
2022-01-16,1.34,2411765.19,844117.82,844117.82,120588.26,602941.3,conventional,SouthCentral
2022-01-16,1.93,101683.75,35589.31,35589.31,5084.19,25420.94,organic,SouthCentral
2022-01-23,1.17,2383665.54,834282.94,834282.94,119183.28,595916.39,conventional,California
2022-01-23,1.65,126268.54,44193.99,44193.99,6313.43,31567.13,organic,California
2022-01-23,1.13,3110574.75,1088701.16,1088701.16,155528.74,777643.69,conventional,West
2022-01-23,1.66,121589.68,42556.39,42556.39,6079.48,30397.42,organic,West
2022-01-23,1.09,2872811.11,1005483.89,1005483.89,143640.56,718202.78,conventional,Northeast
2022-01-23,1.55,136489.76,47771.42,47771.42,6824.49,34122.44,organic,Northeast
2022-01-23,1.27,1740390.9,609136.81,609136.81,87019.54,435097.72,conventional,Southeast
2022-01-23,1.82,107605.94,37662.08,37662.08,5380.3,26901.49,organic,Southeast
2022-01-23,1.18,2212045.83,774216.04,774216.04,110602.29,553011.46,conventional,Great_Lakes
2022-01-23,1.81,82762.02,28966.71,28966.71,4138.1,20690.5,organic,Great_Lakes
2022-01-23,1.17,1593562.01,557746.7,557746.7,79678.1,398390.5,conventional,MidSouth
2022-01-23,1.67,83709.8,29298.43,29298.43,4185.49,20927.45,organic,MidSouth
2022-01-23,1.2,3256761.01,1139866.35,1139866.35,162838.05,814190.25,conventional,SouthCentral
2022-01-23,1.53,150241.95,52584.68,52584.68,7512.1,37560.49,organic,SouthCentral
2022-01-30,1.34,2211097.11,773883.99,773883.99,110554.86,552774.28,conventional,California
2022-01-30,1.68,117691.1,41191.88,41191.88,5884.55,29422.77,organic,California
2022-01-30,1.07,3608585.52,1263004.93,1263004.93,180429.28,902146.38,conventional,West
2022-01-30,1.57,124879.49,43707.82,43707.82,6243.97,31219.87,organic,West
2022-01-30,1.1,2263881.18,792358.41,792358.41,113194.06,565970.29,conventional,Northeast
2022-01-30,1.55,113017.27,39556.05,39556.05,5650.86,28254.32,organic,Northeast
2022-01-30,1.21,2003035.18,701062.31,701062.31,100151.76,500758.8,conventional,Southeast
2022-01-30,1.78,103844.74,36345.66,36345.66,5192.24,25961.19,organic,Southeast
2022-01-30,1.23,1961491.52,686522.03,686522.03,98074.58,490372.88,conventional,Great_Lakes
2022-01-30,1.67,82025.82,28709.04,28709.04,4101.29,20506.46,organic,Great_Lakes
2022-01-30,1.14,1710108.49,598537.97,598537.97,85505.42,427527.12,conventional,MidSouth
2022-01-30,1.75,95755.11,33514.29,33514.29,4787.76,23938.78,organic,MidSouth
2022-01-30,1.2,2554634.22,894121.98,894121.98,127731.71,638658.56,conventional,SouthCentral
2022-01-30,1.6,151151.41,52902.99,52902.99,7557.57,37787.85,organic,SouthCentral
2022-02-06,1.16,2659445.99,930806.1,930806.1,132972.3,664861.5,conventional,California
2022-02-06,1.69,109319.75,38261.91,38261.91,5465.99,27329.94,organic,California
2022-02-06,1.06,3558781.04,1245573.36,1245573.36,177939.05,889695.26,conventional,West
2022-02-06,1.5,166548.2,58291.87,58291.87,8327.41,41637.05,organic,West
2022-02-06,1.01,3584885.54,1254709.94,1254709.94,179244.28,896221.38,conventional,Northeast
2022-02-06,1.53,130285.89,45600.06,45600.06,6514.29,32571.47,organic,Northeast
2022-02-06,1.18,2188165.37,765857.88,765857.88,109408.27,547041.34,conventional,Southeast
2022-02-06,1.67,110763.09,38767.08,38767.08,5538.15,27690.77,organic,Southeast
2022-02-06,1.25,2194461.08,768061.38,768061.38,109723.05,548615.27,conventional,Great_Lakes
2022-02-06,1.62,103277.07,36146.97,36146.97,5163.85,25819.27,organic,Great_Lakes
2022-02-06,1.38,1622918.54,568021.49,568021.49,81145.93,405729.63,conventional,MidSouth
2022-02-06,1.51,98241.29,34384.45,34384.45,4912.06,24560.32,organic,MidSouth
2022-02-06,1.12,3408718.01,1193051.3,1193051.3,170435.9,852179.5,conventional,SouthCentral
2022-02-06,1.47,171118.72,59891.55,59891.55,8555.94,42779.68,organic,SouthCentral
2022-02-13,1.33,2483109.54,869088.34,869088.34,124155.48,620777.39,conventional,California
2022-02-13,1.28,212398.79,74339.57,74339.57,10619.94,53099.7,organic,California
2022-02-13,1.26,2634464.88,922062.71,922062.71,131723.24,658616.22,conventional,West
2022-02-13,1.76,113915.29,39870.35,39870.35,5695.76,28478.82,organic,West
2022-02-13,1.1,3155422.61,1104397.91,1104397.91,157771.13,788855.65,conventional,Northeast
2022-02-13,1.61,102838.72,35993.55,35993.55,5141.94,25709.68,organic,Northeast
2022-02-13,1.14,2373423.75,830698.31,830698.31,118671.19,593355.94,conventional,Southeast
2022-02-13,1.83,91433.34,32001.67,32001.67,4571.67,22858.33,organic,Southeast
2022-02-13,1.11,2593967.41,907888.59,907888.59,129698.37,648491.85,conventional,Great_Lakes
2022-02-13,1.67,93417.72,32696.2,32696.2,4670.89,23354.43,organic,Great_Lakes
2022-02-13,1.27,1709906.59,598467.31,598467.31,85495.33,427476.65,conventional,MidSouth
2022-02-13,1.65,86793.81,30377.83,30377.83,4339.69,21698.45,organic,MidSouth
2022-02-13,1.04,3597131.8,1258996.13,1258996.13,179856.59,899282.95,conventional,SouthCentral
2022-02-13,1.65,146321.22,51212.43,51212.43,7316.06,36580.31,organic,SouthCentral
2022-02-20,1.28,2540237.57,889083.15,889083.15,127011.88,635059.39,conventional,California
2022-02-20,1.78,114466.08,40063.13,40063.13,5723.3,28616.52,organic,California
2022-02-20,1.26,2808189.26,982866.24,982866.24,140409.46,702047.32,conventional,West
2022-02-20,1.65,136045.55,47615.94,47615.94,6802.28,34011.39,organic,West
2022-02-20,1.05,3083006.43,1079052.25,1079052.25,154150.32,770751.61,conventional,Northeast
2022-02-20,1.64,114195.16,39968.31,39968.31,5709.76,28548.79,organic,Northeast
2022-02-20,1.26,1913387.86,669685.75,669685.75,95669.39,478346.97,conventional,Southeast
2022-02-20,1.59,125312.11,43859.24,43859.24,6265.61,31328.03,organic,Southeast
2022-02-20,1.18,2192924.81,767523.68,767523.68,109646.24,548231.2,conventional,Great_Lakes
2022-02-20,1.69,100742.05,35259.72,35259.72,5037.1,25185.51,organic,Great_Lakes
2022-02-20,1.0,2202126.07,770744.13,770744.13,110106.3,550531.52,conventional,MidSouth
2022-02-20,1.89,65010.13,22753.55,22753.55,3250.51,16252.53,organic,MidSouth
2022-02-20,1.12,3293494.47,1152723.07,1152723.07,164674.72,823373.62,conventional,SouthCentral
2022-02-20,1.64,142502.53,49875.89,49875.89,7125.13,35625.63,organic,SouthCentral
2022-02-27,1.2,2745627.86,960969.75,960969.75,137281.39,686406.97,conventional,California
2022-02-27,1.77,104019.08,36406.68,36406.68,5200.95,26004.77,organic,California
2022-02-27,1.12,3095888.88,1083561.11,1083561.11,154794.44,773972.22,conventional,West
2022-02-27,1.72,118622.2,41517.77,41517.77,5931.11,29655.55,organic,West
2022-02-27,1.24,2654347.7,929021.69,929021.69,132717.38,663586.92,conventional,Northeast
2022-02-27,1.5,130951.29,45832.95,45832.95,6547.56,32737.82,organic,Northeast
2022-02-27,1.1,3106542.17,1087289.76,1087289.76,155327.11,776635.54,conventional,Southeast
2022-02-27,1.59,133867.23,46853.53,46853.53,6693.36,33466.81,organic,Southeast
2022-02-27,1.02,2434139.58,851948.85,851948.85,121706.98,608534.9,conventional,Great_Lakes
2022-02-27,1.55,103603.75,36261.31,36261.31,5180.19,25900.94,organic,Great_Lakes
2022-02-27,1.12,1846586.81,646305.38,646305.38,92329.34,461646.7,conventional,MidSouth
2022-02-27,1.53,107565.39,37647.89,37647.89,5378.27,26891.35,organic,MidSouth
2022-02-27,1.27,3157335.16,1105067.31,1105067.31,157866.76,789333.79,conventional,SouthCentral
2022-02-27,1.73,140502.99,49176.05,49176.05,7025.15,35125.75,organic,SouthCentral
2022-03-06,1.1,2836714.54,992850.09,992850.09,141835.73,709178.63,conventional,California
2022-03-06,1.7,110296.77,38603.87,38603.87,5514.84,27574.19,organic,California
2022-03-06,1.05,3794052.15,1327918.25,1327918.25,189702.61,948513.04,conventional,West
2022-03-06,1.94,113753.34,39813.67,39813.67,5687.67,28438.34,organic,West
2022-03-06,1.26,2363594.18,827257.96,827257.96,118179.71,590898.54,conventional,Northeast
2022-03-06,1.45,156954.12,54933.94,54933.94,7847.71,39238.53,organic,Northeast
2022-03-06,1.21,2285734.31,800007.01,800007.01,114286.72,571433.58,conventional,Southeast
2022-03-06,1.61,123539.16,43238.71,43238.71,6176.96,30884.79,organic,Southeast
2022-03-06,1.05,2436696.51,852843.78,852843.78,121834.83,609174.13,conventional,Great_Lakes
2022-03-06,1.5,121361.47,42476.51,42476.51,6068.07,30340.37,organic,Great_Lakes
2022-03-06,1.04,2070291.74,724602.11,724602.11,103514.59,517572.94,conventional,MidSouth
2022-03-06,1.54,93426.73,32699.36,32699.36,4671.34,23356.68,organic,MidSouth
2022-03-06,1.0,4046790.56,1416376.69,1416376.69,202339.53,1011697.64,conventional,SouthCentral
2022-03-06,1.84,131081.85,45878.65,45878.65,6554.09,32770.46,organic,SouthCentral
2022-03-13,1.3,2754323.53,964013.24,964013.24,137716.18,688580.88,conventional,California
2022-03-13,1.77,118419.46,41446.81,41446.81,5920.97,29604.87,organic,California
2022-03-13,1.15,3276812.01,1146884.2,1146884.2,163840.6,819203.0,conventional,West
2022-03-13,1.59,121499.25,42524.74,42524.74,6074.96,30374.81,organic,West
2022-03-13,1.2,2343925.56,820373.94,820373.94,117196.28,585981.39,conventional,Northeast
2022-03-13,1.51,139430.27,48800.6,48800.6,6971.51,34857.57,organic,Northeast
2022-03-13,1.14,2178783.86,762574.35,762574.35,108939.19,544695.97,conventional,Southeast
2022-03-13,1.67,116878.09,40907.33,40907.33,5843.9,29219.52,organic,Southeast
2022-03-13,1.04,2919506.35,1021827.22,1021827.22,145975.32,729876.59,conventional,Great_Lakes
2022-03-13,1.42,161945.99,56681.1,56681.1,8097.3,40486.5,organic,Great_Lakes
2022-03-13,1.11,2044957.84,715735.24,715735.24,102247.89,511239.46,conventional,MidSouth
2022-03-13,1.37,114511.81,40079.13,40079.13,5725.59,28627.95,organic,MidSouth
2022-03-13,1.17,3275065.89,1146273.06,1146273.06,163753.29,818766.47,conventional,SouthCentral
2022-03-13,1.57,149538.06,52338.32,52338.32,7476.9,37384.52,organic,SouthCentral
2022-03-20,1.26,2582929.91,904025.47,904025.47,129146.5,645732.48,conventional,California
2022-03-20,1.88,101489.7,35521.39,35521.39,5074.48,25372.42,organic,California
2022-03-20,1.11,3461267.14,1211443.5,1211443.5,173063.36,865316.79,conventional,West
2022-03-20,1.41,156315.94,54710.58,54710.58,7815.8,39078.98,organic,West
2022-03-20,1.26,2196766.54,768868.29,768868.29,109838.33,549191.64,conventional,Northeast
2022-03-20,1.38,192143.95,67250.38,67250.38,9607.2,48035.99,organic,Northeast
2022-03-20,1.01,2879392.7,1007787.45,1007787.45,143969.64,719848.18,conventional,Southeast
2022-03-20,1.66,81163.23,28407.13,28407.13,4058.16,20290.81,organic,Southeast
2022-03-20,1.12,2473911.6,865869.06,865869.06,123695.58,618477.9,conventional,Great_Lakes
2022-03-20,1.7,108732.78,38056.47,38056.47,5436.64,27183.2,organic,Great_Lakes
2022-03-20,1.11,2134114.09,746939.93,746939.93,106705.7,533528.52,conventional,MidSouth
2022-03-20,1.55,83079.66,29077.88,29077.88,4153.98,20769.92,organic,MidSouth
2022-03-20,1.02,3492173.9,1222260.86,1222260.86,174608.69,873043.47,conventional,SouthCentral
2022-03-20,1.8,114458.97,40060.64,40060.64,5722.95,28614.74,organic,SouthCentral
2022-03-27,1.18,2753741.14,963809.4,963809.4,137687.06,688435.28,conventional,California
2022-03-27,1.63,151360.12,52976.04,52976.04,7568.01,37840.03,organic,California
2022-03-27,1.11,3406637.63,1192323.17,1192323.17,170331.88,851659.41,conventional,West
2022-03-27,1.66,136109.68,47638.39,47638.39,6805.48,34027.42,organic,West
2022-03-27,1.38,1918363.43,671427.2,671427.2,95918.17,479590.86,conventional,Northeast
2022-03-27,1.84,109909.32,38468.26,38468.26,5495.47,27477.33,organic,Northeast
2022-03-27,1.1,2900653.01,1015228.55,1015228.55,145032.65,725163.25,conventional,Southeast
2022-03-27,1.37,135726.53,47504.28,47504.28,6786.33,33931.63,organic,Southeast
2022-03-27,1.03,2751864.47,963152.57,963152.57,137593.22,687966.12,conventional,Great_Lakes
2022-03-27,1.48,127666.61,44683.31,44683.31,6383.33,31916.65,organic,Great_Lakes
2022-03-27,1.13,1897029.55,663960.34,663960.34,94851.48,474257.39,conventional,MidSouth
2022-03-27,1.71,80224.43,28078.55,28078.55,4011.22,20056.11,organic,MidSouth
2022-03-27,1.04,4788626.37,1676019.23,1676019.23,239431.32,1197156.59,conventional,SouthCentral
2022-03-27,1.58,130265.62,45592.97,45592.97,6513.28,32566.4,organic,SouthCentral
2022-04-03,1.07,2828416.8,989945.88,989945.88,141420.84,707104.2,conventional,California
2022-04-03,1.77,118527.79,41484.73,41484.73,5926.39,29631.95,organic,California
2022-04-03,1.19,2824623.56,988618.24,988618.24,141231.18,706155.89,conventional,West
2022-04-03,1.61,136679.55,47837.84,47837.84,6833.98,34169.89,organic,West
2022-04-03,1.14,2865471.24,1002914.93,1002914.93,143273.56,716367.81,conventional,Northeast
2022-04-03,1.7,119999.14,41999.7,41999.7,5999.96,29999.79,organic,Northeast
2022-04-03,1.2,2414090.56,844931.69,844931.69,120704.53,603522.64,conventional,Southeast
2022-04-03,1.69,106312.66,37209.43,37209.43,5315.63,26578.17,organic,Southeast
2022-04-03,1.27,1909284.72,668249.65,668249.65,95464.24,477321.18,conventional,Great_Lakes
2022-04-03,1.52,102652.97,35928.54,35928.54,5132.65,25663.24,organic,Great_Lakes
2022-04-03,1.17,1604084.39,561429.54,561429.54,80204.22,401021.1,conventional,MidSouth
2022-04-03,1.72,79320.06,27762.02,27762.02,3966.0,19830.01,organic,MidSouth
2022-04-03,1.26,2797764.42,979217.55,979217.55,139888.22,699441.1,conventional,SouthCentral
2022-04-03,1.62,171736.99,60107.95,60107.95,8586.85,42934.25,organic,SouthCentral
2022-04-10,1.29,2338863.3,818602.16,818602.16,116943.17,584715.83,conventional,California
2022-04-10,1.68,128568.86,44999.1,44999.1,6428.44,32142.22,organic,California
2022-04-10,1.19,2856525.99,999784.1,999784.1,142826.3,714131.5,conventional,West
2022-04-10,1.84,95764.56,33517.6,33517.6,4788.23,23941.14,organic,West
2022-04-10,1.11,2884980.56,1009743.2,1009743.2,144249.03,721245.14,conventional,Northeast
2022-04-10,1.72,128612.46,45014.36,45014.36,6430.62,32153.11,organic,Northeast
2022-04-10,1.27,2048245.27,716885.84,716885.84,102412.26,512061.32,conventional,Southeast
2022-04-10,1.84,83960.17,29386.06,29386.06,4198.01,20990.04,organic,Southeast
2022-04-10,1.24,2387970.97,835789.84,835789.84,119398.55,596992.74,conventional,Great_Lakes
2022-04-10,1.83,88402.01,30940.7,30940.7,4420.1,22100.5,organic,Great_Lakes
2022-04-10,1.12,1741737.72,609608.2,609608.2,87086.89,435434.43,conventional,MidSouth
2022-04-10,1.7,73175.6,25611.46,25611.46,3658.78,18293.9,organic,MidSouth
2022-04-10,1.07,3301116.46,1155390.76,1155390.76,165055.82,825279.11,conventional,SouthCentral
2022-04-10,1.58,158712.54,55549.39,55549.39,7935.63,39678.14,organic,SouthCentral
2022-04-17,1.18,2634278.71,921997.55,921997.55,131713.94,658569.68,conventional,California
2022-04-17,1.81,109031.34,38160.97,38160.97,5451.57,27257.83,organic,California
2022-04-17,1.07,3378324.62,1182413.62,1182413.62,168916.23,844581.16,conventional,West
2022-04-17,1.94,110309.86,38608.45,38608.45,5515.49,27577.46,organic,West
2022-04-17,1.11,2447162.17,856506.76,856506.76,122358.11,611790.54,conventional,Northeast
2022-04-17,1.62,126006.15,44102.15,44102.15,6300.31,31501.54,organic,Northeast
2022-04-17,1.11,2167002.08,758450.73,758450.73,108350.1,541750.52,conventional,Southeast
2022-04-17,1.52,139136.67,48697.83,48697.83,6956.83,34784.17,organic,Southeast
2022-04-17,1.29,1831393.22,640987.63,640987.63,91569.66,457848.31,conventional,Great_Lakes
2022-04-17,1.75,83226.36,29129.23,29129.23,4161.32,20806.59,organic,Great_Lakes
2022-04-17,1.29,1675610.55,586463.69,586463.69,83780.53,418902.64,conventional,MidSouth
2022-04-17,1.79,63460.97,22211.34,22211.34,3173.05,15865.24,organic,MidSouth
2022-04-17,1.22,3089506.47,1081327.26,1081327.26,154475.32,772376.62,conventional,SouthCentral
2022-04-17,1.78,146255.18,51189.31,51189.31,7312.76,36563.79,organic,SouthCentral
2022-04-24,1.16,2693511.84,942729.14,942729.14,134675.59,673377.96,conventional,California
2022-04-24,1.77,114763.09,40167.08,40167.08,5738.15,28690.77,organic,California
2022-04-24,1.06,3113133.56,1089596.74,1089596.74,155656.68,778283.39,conventional,West
2022-04-24,1.43,161002.81,56350.98,56350.98,8050.14,40250.7,organic,West
2022-04-24,1.26,2403249.11,841137.19,841137.19,120162.46,600812.28,conventional,Northeast
2022-04-24,1.57,139371.05,48779.87,48779.87,6968.55,34842.76,organic,Northeast
2022-04-24,1.07,2625516.7,918930.85,918930.85,131275.84,656379.18,conventional,Southeast
2022-04-24,1.62,118143.18,41350.11,41350.11,5907.16,29535.79,organic,Southeast
2022-04-24,0.99,2558129.79,895345.43,895345.43,127906.49,639532.45,conventional,Great_Lakes
2022-04-24,1.4,127026.93,44459.43,44459.43,6351.35,31756.73,organic,Great_Lakes
2022-04-24,1.27,1607931.44,562776.01,562776.01,80396.57,401982.86,conventional,MidSouth
2022-04-24,1.57,99945.29,34980.85,34980.85,4997.26,24986.32,organic,MidSouth
2022-04-24,1.26,2950704.99,1032746.75,1032746.75,147535.25,737676.25,conventional,SouthCentral
2022-04-24,1.75,122423.25,42848.14,42848.14,6121.16,30605.81,organic,SouthCentral
2022-05-01,1.29,2791733.63,977106.77,977106.77,139586.68,697933.41,conventional,California
2022-05-01,1.73,92196.4,32268.74,32268.74,4609.82,23049.1,organic,California
2022-05-01,1.09,3228425.07,1129948.77,1129948.77,161421.25,807106.27,conventional,West
2022-05-01,1.59,156359.85,54725.95,54725.95,7817.99,39089.96,organic,West
2022-05-01,1.21,2244248.25,785486.89,785486.89,112212.41,561062.06,conventional,Northeast
2022-05-01,1.65,103443.66,36205.28,36205.28,5172.18,25860.92,organic,Northeast
2022-05-01,1.13,2202398.35,770839.42,770839.42,110119.92,550599.59,conventional,Southeast
2022-05-01,1.83,107648.53,37676.98,37676.98,5382.43,26912.13,organic,Southeast
2022-05-01,1.01,2193196.56,767618.8,767618.8,109659.83,548299.14,conventional,Great_Lakes
2022-05-01,1.61,86541.35,30289.47,30289.47,4327.07,21635.34,organic,Great_Lakes
2022-05-01,1.15,1907259.45,667540.81,667540.81,95362.97,476814.86,conventional,MidSouth
2022-05-01,1.87,68403.51,23941.23,23941.23,3420.18,17100.88,organic,MidSouth
2022-05-01,1.13,2754632.0,964121.2,964121.2,137731.6,688658.0,conventional,SouthCentral
2022-05-01,1.65,142523.89,49883.36,49883.36,7126.19,35630.97,organic,SouthCentral
2022-05-08,1.21,2391594.87,837058.2,837058.2,119579.74,597898.72,conventional,California
2022-05-08,1.58,111556.01,39044.6,39044.6,5577.8,27889.0,organic,California
2022-05-08,0.92,3489771.4,1221419.99,1221419.99,174488.57,872442.85,conventional,West
2022-05-08,1.41,169195.86,59218.55,59218.55,8459.79,42298.97,organic,West
2022-05-08,1.1,2564608.34,897612.92,897612.92,128230.42,641152.08,conventional,Northeast
2022-05-08,1.5,94649.09,33127.18,33127.18,4732.45,23662.27,organic,Northeast
2022-05-08,1.3,1785744.77,625010.67,625010.67,89287.24,446436.19,conventional,Southeast
2022-05-08,1.59,92879.82,32507.94,32507.94,4643.99,23219.95,organic,Southeast
2022-05-08,1.25,1980094.16,693032.95,693032.95,99004.71,495023.54,conventional,Great_Lakes
2022-05-08,1.53,105274.76,36846.17,36846.17,5263.74,26318.69,organic,Great_Lakes
2022-05-08,1.32,1513853.86,529848.85,529848.85,75692.69,378463.46,conventional,MidSouth
2022-05-08,1.62,75730.59,26505.71,26505.71,3786.53,18932.65,organic,MidSouth
2022-05-08,0.96,3906346.93,1367221.43,1367221.43,195317.35,976586.73,conventional,SouthCentral
2022-05-08,1.7,151739.53,53108.84,53108.84,7586.98,37934.88,organic,SouthCentral
2022-05-15,0.93,3248437.19,1136953.02,1136953.02,162421.86,812109.3,conventional,California
2022-05-15,1.56,132000.75,46200.26,46200.26,6600.04,33000.19,organic,California
2022-05-15,1.14,2906352.13,1017223.25,1017223.25,145317.61,726588.03,conventional,West
2022-05-15,1.71,112321.34,39312.47,39312.47,5616.07,28080.33,organic,West
2022-05-15,1.24,2373320.67,830662.23,830662.23,118666.03,593330.17,conventional,Northeast
2022-05-15,1.6,139373.12,48780.59,48780.59,6968.66,34843.28,organic,Northeast
2022-05-15,1.31,2074820.84,726187.29,726187.29,103741.04,518705.21,conventional,Southeast
2022-05-15,1.2,192199.45,67269.81,67269.81,9609.97,48049.86,organic,Southeast
2022-05-15,1.23,2339803.99,818931.4,818931.4,116990.2,584951.0,conventional,Great_Lakes
2022-05-15,1.84,97181.18,34013.41,34013.41,4859.06,24295.3,organic,Great_Lakes
2022-05-15,1.24,1834235.29,641982.35,641982.35,91711.76,458558.82,conventional,MidSouth
2022-05-15,1.95,64591.58,22607.05,22607.05,3229.58,16147.9,organic,MidSouth
2022-05-15,0.99,3704500.17,1296575.06,1296575.06,185225.01,926125.04,conventional,SouthCentral
2022-05-15,1.71,135799.9,47529.97,47529.97,6790.0,33949.98,organic,SouthCentral
2022-05-22,1.03,2743302.74,960155.96,960155.96,137165.14,685825.68,conventional,California
2022-05-22,1.54,146526.2,51284.17,51284.17,7326.31,36631.55,organic,California
2022-05-22,1.31,2646241.53,926184.54,926184.54,132312.08,661560.38,conventional,West
2022-05-22,1.81,112232.8,39281.48,39281.48,5611.64,28058.2,organic,West
2022-05-22,0.98,2992637.29,1047423.05,1047423.05,149631.86,748159.32,conventional,Northeast
2022-05-22,1.61,112034.43,39212.05,39212.05,5601.72,28008.61,organic,Northeast
2022-05-22,1.16,2324003.97,813401.39,813401.39,116200.2,581000.99,conventional,Southeast
2022-05-22,1.78,88202.26,30870.79,30870.79,4410.11,22050.57,organic,Southeast
2022-05-22,0.96,2613463.3,914712.15,914712.15,130673.16,653365.82,conventional,Great_Lakes
2022-05-22,1.66,109397.19,38289.02,38289.02,5469.86,27349.3,organic,Great_Lakes
2022-05-22,1.09,2003835.09,701342.28,701342.28,100191.75,500958.77,conventional,MidSouth
2022-05-22,1.69,78388.46,27435.96,27435.96,3919.42,19597.12,organic,MidSouth
2022-05-22,1.24,2718969.47,951639.31,951639.31,135948.47,679742.37,conventional,SouthCentral
2022-05-22,1.56,153748.3,53811.9,53811.9,7687.41,38437.07,organic,SouthCentral
2022-05-29,1.09,3029702.01,1060395.71,1060395.71,151485.1,757425.5,conventional,California
2022-05-29,1.54,137686.12,48190.14,48190.14,6884.31,34421.53,organic,California
2022-05-29,1.14,2971001.69,1039850.59,1039850.59,148550.08,742750.42,conventional,West
2022-05-29,1.58,133816.06,46835.62,46835.62,6690.8,33454.01,organic,West
2022-05-29,1.16,2542152.45,889753.36,889753.36,127107.62,635538.11,conventional,Northeast
2022-05-29,1.65,134816.3,47185.71,47185.71,6740.82,33704.08,organic,Northeast
2022-05-29,1.05,2512768.47,879468.97,879468.97,125638.42,628192.12,conventional,Southeast
2022-05-29,1.41,132722.35,46452.82,46452.82,6636.12,33180.59,organic,Southeast
2022-05-29,1.04,2406883.0,842409.05,842409.05,120344.15,601720.75,conventional,Great_Lakes
2022-05-29,1.59,105462.58,36911.9,36911.9,5273.13,26365.64,organic,Great_Lakes
2022-05-29,1.09,1830737.83,640758.24,640758.24,91536.89,457684.46,conventional,MidSouth
2022-05-29,1.87,69460.29,24311.1,24311.1,3473.01,17365.07,organic,MidSouth
2022-05-29,1.09,3296417.04,1153745.96,1153745.96,164820.85,824104.26,conventional,SouthCentral
2022-05-29,1.9,112543.39,39390.19,39390.19,5627.17,28135.85,organic,SouthCentral
2022-06-05,1.08,2576342.56,901719.89,901719.89,128817.13,644085.64,conventional,California
2022-06-05,1.57,115219.7,40326.9,40326.9,5760.99,28804.93,organic,California
2022-06-05,1.02,2846157.58,996155.15,996155.15,142307.88,711539.39,conventional,West
2022-06-05,1.53,144135.09,50447.28,50447.28,7206.75,36033.77,organic,West
2022-06-05,1.11,2412070.07,844224.52,844224.52,120603.5,603017.52,conventional,Northeast
2022-06-05,1.84,102113.01,35739.55,35739.55,5105.65,25528.25,organic,Northeast
2022-06-05,1.12,2058890.82,720611.79,720611.79,102944.54,514722.7,conventional,Southeast
2022-06-05,1.52,114342.51,40019.88,40019.88,5717.13,28585.63,organic,Southeast
2022-06-05,1.13,1998302.21,699405.77,699405.77,99915.11,499575.55,conventional,Great_Lakes
2022-06-05,1.53,94126.34,32944.22,32944.22,4706.32,23531.59,organic,Great_Lakes
2022-06-05,1.18,1460671.22,511234.93,511234.93,73033.56,365167.8,conventional,MidSouth
2022-06-05,1.8,62850.0,21997.5,21997.5,3142.5,15712.5,organic,MidSouth
2022-06-05,1.14,2684444.52,939555.58,939555.58,134222.23,671111.13,conventional,SouthCentral
2022-06-05,1.65,128057.81,44820.23,44820.23,6402.89,32014.45,organic,SouthCentral
2022-06-12,1.14,2849381.64,997283.57,997283.57,142469.08,712345.41,conventional,California
2022-06-12,1.68,102101.98,35735.69,35735.69,5105.1,25525.5,organic,California
2022-06-12,1.08,3052225.1,1068278.78,1068278.78,152611.25,763056.27,conventional,West
2022-06-12,1.84,105089.22,36781.23,36781.23,5254.46,26272.3,organic,West
2022-06-12,1.22,2295594.56,803458.1,803458.1,114779.73,573898.64,conventional,Northeast
2022-06-12,1.86,72495.02,25373.26,25373.26,3624.75,18123.76,organic,Northeast
2022-06-12,1.22,2116553.96,740793.89,740793.89,105827.7,529138.49,conventional,Southeast
2022-06-12,1.45,104924.59,36723.61,36723.61,5246.23,26231.15,organic,Southeast
2022-06-12,1.06,2092875.37,732506.38,732506.38,104643.77,523218.84,conventional,Great_Lakes
2022-06-12,1.58,99262.03,34741.71,34741.71,4963.1,24815.51,organic,Great_Lakes
2022-06-12,1.24,1672347.5,585321.62,585321.62,83617.37,418086.87,conventional,MidSouth
2022-06-12,1.52,78130.03,27345.51,27345.51,3906.5,19532.51,organic,MidSouth
2022-06-12,1.28,2703056.69,946069.84,946069.84,135152.83,675764.17,conventional,SouthCentral
2022-06-12,1.66,136961.92,47936.67,47936.67,6848.1,34240.48,organic,SouthCentral
2022-06-19,1.15,2635625.1,922468.78,922468.78,131781.25,658906.27,conventional,California
2022-06-19,1.6,121863.11,42652.09,42652.09,6093.16,30465.78,organic,California
2022-06-19,1.0,3032680.91,1061438.32,1061438.32,151634.05,758170.23,conventional,West
2022-06-19,1.55,127978.01,44792.3,44792.3,6398.9,31994.5,organic,West
2022-06-19,1.06,2502349.95,875822.48,875822.48,125117.5,625587.49,conventional,Northeast
2022-06-19,1.42,139426.28,48799.2,48799.2,6971.31,34856.57,organic,Northeast
2022-06-19,1.14,1848127.36,646844.57,646844.57,92406.37,462031.84,conventional,Southeast
2022-06-19,1.52,109859.99,38451.0,38451.0,5493.0,27465.0,organic,Southeast
2022-06-19,1.1,2024806.5,708682.27,708682.27,101240.32,506201.62,conventional,Great_Lakes
2022-06-19,1.64,94717.48,33151.12,33151.12,4735.87,23679.37,organic,Great_Lakes
2022-06-19,1.01,2073476.63,725716.82,725716.82,103673.83,518369.16,conventional,MidSouth
2022-06-19,1.53,84396.21,29538.67,29538.67,4219.81,21099.05,organic,MidSouth
2022-06-19,1.15,2828513.21,989979.62,989979.62,141425.66,707128.3,conventional,SouthCentral
2022-06-19,1.5,148647.31,52026.56,52026.56,7432.37,37161.83,organic,SouthCentral
2022-06-26,1.31,1915023.1,670258.08,670258.08,95751.15,478755.77,conventional,California
2022-06-26,1.9,89019.19,31156.72,31156.72,4450.96,22254.8,organic,California
2022-06-26,1.15,2453885.53,858859.94,858859.94,122694.28,613471.38,conventional,West
2022-06-26,1.53,128094.17,44832.96,44832.96,6404.71,32023.54,organic,West
2022-06-26,1.05,2604836.8,911692.88,911692.88,130241.84,651209.2,conventional,Northeast
2022-06-26,1.59,134574.28,47101.0,47101.0,6728.71,33643.57,organic,Northeast
2022-06-26,1.03,2419195.22,846718.33,846718.33,120959.76,604798.8,conventional,Southeast
2022-06-26,1.69,81998.45,28699.46,28699.46,4099.92,20499.61,organic,Southeast
2022-06-26,1.22,1815551.67,635443.09,635443.09,90777.58,453887.92,conventional,Great_Lakes
2022-06-26,1.28,142268.86,49794.1,49794.1,7113.44,35567.22,organic,Great_Lakes
2022-06-26,1.04,1754768.81,614169.08,614169.08,87738.44,438692.2,conventional,MidSouth
2022-06-26,1.75,66573.47,23300.72,23300.72,3328.67,16643.37,organic,MidSouth
2022-06-26,1.24,2941432.67,1029501.44,1029501.44,147071.63,735358.17,conventional,SouthCentral
2022-06-26,1.55,156582.22,54803.78,54803.78,7829.11,39145.55,organic,SouthCentral
2022-07-03,1.07,3032945.72,1061531.0,1061531.0,151647.29,758236.43,conventional,California
2022-07-03,1.55,127960.92,44786.32,44786.32,6398.05,31990.23,organic,California
2022-07-03,1.23,2333259.65,816640.88,816640.88,116662.98,583314.91,conventional,West
2022-07-03,1.55,120935.41,42327.39,42327.39,6046.77,30233.85,organic,West
2022-07-03,0.93,2869397.86,1004289.25,1004289.25,143469.89,717349.46,conventional,Northeast
2022-07-03,1.7,94532.02,33086.21,33086.21,4726.6,23633.01,organic,Northeast
2022-07-03,0.85,2550546.18,892691.16,892691.16,127527.31,637636.55,conventional,Southeast
2022-07-03,1.54,99883.63,34959.27,34959.27,4994.18,24970.91,organic,Southeast
2022-07-03,1.18,1782694.72,623943.15,623943.15,89134.74,445673.68,conventional,Great_Lakes
2022-07-03,1.75,69514.21,24329.97,24329.97,3475.71,17378.55,organic,Great_Lakes
2022-07-03,1.21,1512604.0,529411.4,529411.4,75630.2,378151.0,conventional,MidSouth
2022-07-03,1.71,65184.68,22814.64,22814.64,3259.23,16296.17,organic,MidSouth
2022-07-03,1.33,2351132.86,822896.5,822896.5,117556.64,587783.22,conventional,SouthCentral
2022-07-03,1.5,143842.48,50344.87,50344.87,7192.12,35960.62,organic,SouthCentral
2022-07-10,1.23,2053760.75,718816.26,718816.26,102688.04,513440.19,conventional,California
2022-07-10,1.81,94451.17,33057.91,33057.91,4722.56,23612.79,organic,California
2022-07-10,0.92,3384394.17,1184537.96,1184537.96,169219.71,846098.54,conventional,West
2022-07-10,1.59,124734.35,43657.02,43657.02,6236.72,31183.59,organic,West
2022-07-10,1.24,2001571.06,700549.87,700549.87,100078.55,500392.76,conventional,Northeast
2022-07-10,1.9,77726.83,27204.39,27204.39,3886.34,19431.71,organic,Northeast
2022-07-10,1.21,1938448.57,678457.0,678457.0,96922.43,484612.14,conventional,Southeast
2022-07-10,1.64,95622.09,33467.73,33467.73,4781.1,23905.52,organic,Southeast
2022-07-10,1.09,1925852.75,674048.46,674048.46,96292.64,481463.19,conventional,Great_Lakes
2022-07-10,1.45,103865.66,36352.98,36352.98,5193.28,25966.42,organic,Great_Lakes
2022-07-10,1.18,1648657.86,577030.25,577030.25,82432.89,412164.46,conventional,MidSouth
2022-07-10,1.77,61153.68,21403.79,21403.79,3057.68,15288.42,organic,MidSouth
2022-07-10,1.03,3221463.18,1127512.11,1127512.11,161073.16,805365.8,conventional,SouthCentral
2022-07-10,1.82,114078.4,39927.44,39927.44,5703.92,28519.6,organic,SouthCentral
2022-07-17,1.26,2046949.86,716432.45,716432.45,102347.49,511737.46,conventional,California
2022-07-17,1.58,103839.16,36343.71,36343.71,5191.96,25959.79,organic,California
2022-07-17,1.14,2485043.32,869765.16,869765.16,124252.17,621260.83,conventional,West
2022-07-17,1.68,107254.17,37538.96,37538.96,5362.71,26813.54,organic,West
2022-07-17,1.14,2073897.58,725864.15,725864.15,103694.88,518474.39,conventional,Northeast
2022-07-17,1.79,87092.59,30482.4,30482.4,4354.63,21773.15,organic,Northeast
2022-07-17,1.13,1864399.47,652539.82,652539.82,93219.97,466099.87,conventional,Southeast
2022-07-17,1.45,120733.61,42256.76,42256.76,6036.68,30183.4,organic,Southeast
2022-07-17,1.21,1543439.25,540203.74,540203.74,77171.96,385859.81,conventional,Great_Lakes
2022-07-17,1.76,83096.72,29083.85,29083.85,4154.84,20774.18,organic,Great_Lakes
2022-07-17,1.16,1741741.58,609609.55,609609.55,87087.08,435435.4,conventional,MidSouth
2022-07-17,1.68,58856.46,20599.76,20599.76,2942.82,14714.12,organic,MidSouth
2022-07-17,1.19,2666097.15,933134.0,933134.0,133304.86,666524.29,conventional,SouthCentral
2022-07-17,1.56,140840.89,49294.31,49294.31,7042.04,35210.22,organic,SouthCentral
2022-07-24,0.98,3068018.58,1073806.5,1073806.5,153400.93,767004.64,conventional,California
2022-07-24,1.52,107534.73,37637.16,37637.16,5376.74,26883.68,organic,California
2022-07-24,1.14,2605327.97,911864.79,911864.79,130266.4,651331.99,conventional,West
2022-07-24,1.67,101453.31,35508.66,35508.66,5072.67,25363.33,organic,West
2022-07-24,1.1,2101326.73,735464.35,735464.35,105066.34,525331.68,conventional,Northeast
2022-07-24,1.62,112278.13,39297.35,39297.35,5613.91,28069.53,organic,Northeast
2022-07-24,1.15,2080989.19,728346.22,728346.22,104049.46,520247.3,conventional,Southeast
2022-07-24,1.87,68306.33,23907.21,23907.21,3415.32,17076.58,organic,Southeast
2022-07-24,1.13,2263576.77,792251.87,792251.87,113178.84,565894.19,conventional,Great_Lakes
2022-07-24,1.87,58913.73,20619.8,20619.8,2945.69,14728.43,organic,Great_Lakes
2022-07-24,1.19,1490541.54,521689.54,521689.54,74527.08,372635.38,conventional,MidSouth
2022-07-24,1.77,58141.88,20349.66,20349.66,2907.09,14535.47,organic,MidSouth
2022-07-24,1.07,2831419.54,990996.84,990996.84,141570.98,707854.89,conventional,SouthCentral
2022-07-24,1.56,143636.88,50272.91,50272.91,7181.84,35909.22,organic,SouthCentral
2022-07-31,1.03,2538602.67,888510.94,888510.94,126930.13,634650.67,conventional,California
2022-07-31,1.38,151180.35,52913.12,52913.12,7559.02,37795.09,organic,California
2022-07-31,1.28,2123956.44,743384.75,743384.75,106197.82,530989.11,conventional,West
2022-07-31,1.61,121822.49,42637.87,42637.87,6091.12,30455.62,organic,West
2022-07-31,1.3,1932563.71,676397.3,676397.3,96628.19,483140.93,conventional,Northeast
2022-07-31,1.55,91735.41,32107.39,32107.39,4586.77,22933.85,organic,Northeast
2022-07-31,1.04,2218830.46,776590.66,776590.66,110941.52,554707.62,conventional,Southeast
2022-07-31,1.55,97594.89,34158.21,34158.21,4879.74,24398.72,organic,Southeast
2022-07-31,1.09,1821656.7,637579.85,637579.85,91082.84,455414.18,conventional,Great_Lakes
2022-07-31,1.47,116089.82,40631.44,40631.44,5804.49,29022.46,organic,Great_Lakes
2022-07-31,1.24,1625553.62,568943.77,568943.77,81277.68,406388.41,conventional,MidSouth
2022-07-31,1.73,62250.75,21787.76,21787.76,3112.54,15562.69,organic,MidSouth
2022-07-31,1.28,2366243.27,828185.14,828185.14,118312.16,591560.82,conventional,SouthCentral
2022-07-31,1.68,118104.07,41336.43,41336.43,5905.2,29526.02,organic,SouthCentral
2022-08-07,0.86,3608183.01,1262864.05,1262864.05,180409.15,902045.75,conventional,California
2022-08-07,1.72,95373.71,33380.8,33380.8,4768.69,23843.43,organic,California
2022-08-07,1.14,2384773.11,834670.59,834670.59,119238.66,596193.28,conventional,West
2022-08-07,1.56,121542.35,42539.82,42539.82,6077.12,30385.59,organic,West
2022-08-07,1.02,2414447.05,845056.47,845056.47,120722.35,603611.76,conventional,Northeast
2022-08-07,1.73,83661.35,29281.47,29281.47,4183.07,20915.34,organic,Northeast
2022-08-07,1.19,1621667.1,567583.48,567583.48,81083.35,405416.77,conventional,Southeast
2022-08-07,1.51,96498.04,33774.31,33774.31,4824.9,24124.51,organic,Southeast
2022-08-07,1.22,1404897.18,491714.01,491714.01,70244.86,351224.29,conventional,Great_Lakes
2022-08-07,1.73,69638.22,24373.38,24373.38,3481.91,17409.56,organic,Great_Lakes
2022-08-07,1.13,1340800.28,469280.1,469280.1,67040.01,335200.07,conventional,MidSouth
2022-08-07,1.52,81641.95,28574.68,28574.68,4082.1,20410.49,organic,MidSouth
2022-08-07,1.15,2471239.25,864933.74,864933.74,123561.96,617809.81,conventional,SouthCentral
2022-08-07,1.63,122653.81,42928.83,42928.83,6132.69,30663.45,organic,SouthCentral
2022-08-14,1.19,2078757.96,727565.29,727565.29,103937.9,519689.49,conventional,California
2022-08-14,1.81,94186.66,32965.33,32965.33,4709.33,23546.67,organic,California
2022-08-14,1.19,2246835.48,786392.42,786392.42,112341.77,561708.87,conventional,West
2022-08-14,1.75,99407.85,34792.75,34792.75,4970.39,24851.96,organic,West
2022-08-14,1.26,1968827.34,689089.57,689089.57,98441.37,492206.84,conventional,Northeast
2022-08-14,1.5,95434.6,33402.11,33402.11,4771.73,23858.65,organic,Northeast
2022-08-14,1.08,2136509.98,747778.49,747778.49,106825.5,534127.49,conventional,Southeast
2022-08-14,1.41,107714.19,37699.97,37699.97,5385.71,26928.55,organic,Southeast
2022-08-14,1.19,1851189.1,647916.19,647916.19,92559.46,462797.28,conventional,Great_Lakes
2022-08-14,1.68,67253.41,23538.69,23538.69,3362.67,16813.35,organic,Great_Lakes
2022-08-14,1.05,1482335.62,518817.47,518817.47,74116.78,370583.91,conventional,MidSouth
2022-08-14,1.57,69531.48,24336.02,24336.02,3476.57,17382.87,organic,MidSouth
2022-08-14,1.03,3287505.09,1150626.78,1150626.78,164375.25,821876.27,conventional,SouthCentral
2022-08-14,1.45,159437.85,55803.25,55803.25,7971.89,39859.46,organic,SouthCentral
2022-08-21,1.27,2083428.89,729200.11,729200.11,104171.44,520857.22,conventional,California
2022-08-21,1.55,112425.31,39348.86,39348.86,5621.27,28106.33,organic,California
2022-08-21,1.02,2913480.76,1019718.27,1019718.27,145674.04,728370.19,conventional,West
2022-08-21,1.64,101906.31,35667.21,35667.21,5095.32,25476.58,organic,West
2022-08-21,1.03,1931320.37,675962.13,675962.13,96566.02,482830.09,conventional,Northeast
2022-08-21,1.49,119267.52,41743.63,41743.63,5963.38,29816.88,organic,Northeast
2022-08-21,1.11,1884122.16,659442.76,659442.76,94206.11,471030.54,conventional,Southeast
2022-08-21,1.75,90173.76,31560.82,31560.82,4508.69,22543.44,organic,Southeast
2022-08-21,1.28,1415546.75,495441.36,495441.36,70777.34,353886.69,conventional,Great_Lakes
2022-08-21,1.36,133567.54,46748.64,46748.64,6678.38,33391.88,organic,Great_Lakes
2022-08-21,1.38,1184451.12,414557.89,414557.89,59222.56,296112.78,conventional,MidSouth
2022-08-21,1.46,86945.32,30430.86,30430.86,4347.27,21736.33,organic,MidSouth
2022-08-21,1.14,2564243.11,897485.09,897485.09,128212.16,641060.78,conventional,SouthCentral
2022-08-21,1.78,105704.41,36996.54,36996.54,5285.22,26426.1,organic,SouthCentral
2022-08-28,1.03,2446877.23,856407.03,856407.03,122343.86,611719.31,conventional,California
2022-08-28,1.75,94992.51,33247.38,33247.38,4749.63,23748.13,organic,California
2022-08-28,1.18,2449319.53,857261.84,857261.84,122465.98,612329.88,conventional,West
2022-08-28,1.6,112492.24,39372.28,39372.28,5624.61,28123.06,organic,West
2022-08-28,0.81,3046928.98,1066425.14,1066425.14,152346.45,761732.25,conventional,Northeast
2022-08-28,1.76,79964.39,27987.54,27987.54,3998.22,19991.1,organic,Northeast
2022-08-28,1.1,1769776.63,619421.82,619421.82,88488.83,442444.16,conventional,Southeast
2022-08-28,1.8,76089.59,26631.36,26631.36,3804.48,19022.4,organic,Southeast
2022-08-28,1.23,1400560.17,490196.06,490196.06,70028.01,350140.04,conventional,Great_Lakes
2022-08-28,1.63,78351.92,27423.17,27423.17,3917.6,19587.98,organic,Great_Lakes
2022-08-28,1.12,1434600.12,502110.04,502110.04,71730.01,358650.03,conventional,MidSouth
2022-08-28,1.6,75021.77,26257.62,26257.62,3751.09,18755.44,organic,MidSouth
2022-08-28,0.96,3700607.54,1295212.64,1295212.64,185030.38,925151.89,conventional,SouthCentral
2022-08-28,1.72,107304.81,37556.68,37556.68,5365.24,26826.2,organic,SouthCentral
2022-09-04,1.24,1733892.05,606862.22,606862.22,86694.6,433473.01,conventional,California
2022-09-04,1.55,104412.01,36544.2,36544.2,5220.6,26103.0,organic,California
2022-09-04,1.29,1977732.56,692206.4,692206.4,98886.63,494433.14,conventional,West
2022-09-04,1.72,91139.28,31898.75,31898.75,4556.96,22784.82,organic,West
2022-09-04,1.2,2170047.55,759516.64,759516.64,108502.38,542511.89,conventional,Northeast
2022-09-04,1.8,78246.24,27386.18,27386.18,3912.31,19561.56,organic,Northeast
2022-09-04,1.22,1740066.44,609023.25,609023.25,87003.32,435016.61,conventional,Southeast
2022-09-04,1.73,83788.37,29325.93,29325.93,4189.42,20947.09,organic,Southeast
2022-09-04,1.26,1512015.2,529205.32,529205.32,75600.76,378003.8,conventional,Great_Lakes
2022-09-04,1.75,68062.99,23822.05,23822.05,3403.15,17015.75,organic,Great_Lakes
2022-09-04,1.06,1551087.63,542880.67,542880.67,77554.38,387771.91,conventional,MidSouth
2022-09-04,1.64,54914.18,19219.96,19219.96,2745.71,13728.55,organic,MidSouth
2022-09-04,1.24,1829374.17,640280.96,640280.96,91468.71,457343.54,conventional,SouthCentral
2022-09-04,2.06,93730.48,32805.67,32805.67,4686.52,23432.62,organic,SouthCentral
2022-09-11,1.12,2205253.49,771838.72,771838.72,110262.67,551313.37,conventional,California
2022-09-11,1.7,87119.91,30491.97,30491.97,4356.0,21779.98,organic,California
2022-09-11,1.17,2211444.67,774005.63,774005.63,110572.23,552861.17,conventional,West
2022-09-11,1.64,105906.06,37067.12,37067.12,5295.3,26476.51,organic,West
2022-09-11,1.02,2333038.98,816563.64,816563.64,116651.95,583259.74,conventional,Northeast
2022-09-11,1.67,89007.87,31152.75,31152.75,4450.39,22251.97,organic,Northeast
2022-09-11,1.13,2001267.64,700443.67,700443.67,100063.38,500316.91,conventional,Southeast
2022-09-11,1.6,86175.48,30161.42,30161.42,4308.77,21543.87,organic,Southeast
2022-09-11,1.28,1489273.71,521245.8,521245.8,74463.69,372318.43,conventional,Great_Lakes
2022-09-11,1.68,74084.88,25929.71,25929.71,3704.24,18521.22,organic,Great_Lakes
2022-09-11,1.27,1230679.47,430737.81,430737.81,61533.97,307669.87,conventional,MidSouth
2022-09-11,1.84,53818.03,18836.31,18836.31,2690.9,13454.51,organic,MidSouth
2022-09-11,1.06,2906606.31,1017312.21,1017312.21,145330.32,726651.58,conventional,SouthCentral
2022-09-11,1.6,124622.56,43617.9,43617.9,6231.13,31155.64,organic,SouthCentral
2022-09-18,0.88,3005624.14,1051968.45,1051968.45,150281.21,751406.04,conventional,California
2022-09-18,1.58,92263.78,32292.32,32292.32,4613.19,23065.94,organic,California
2022-09-18,1.09,2320221.62,812077.57,812077.57,116011.08,580055.4,conventional,West
2022-09-18,1.64,90136.1,31547.64,31547.64,4506.81,22534.03,organic,West
2022-09-18,1.18,2154980.97,754243.34,754243.34,107749.05,538745.24,conventional,Northeast
2022-09-18,1.69,93787.88,32825.76,32825.76,4689.39,23446.97,organic,Northeast
2022-09-18,1.26,1758288.46,615400.96,615400.96,87914.42,439572.11,conventional,Southeast
2022-09-18,1.93,60291.64,21102.08,21102.08,3014.58,15072.91,organic,Southeast
2022-09-18,1.08,1976973.11,691940.59,691940.59,98848.66,494243.28,conventional,Great_Lakes
2022-09-18,1.76,75775.97,26521.59,26521.59,3788.8,18943.99,organic,Great_Lakes
2022-09-18,1.34,1181400.97,413490.34,413490.34,59070.05,295350.24,conventional,MidSouth
2022-09-18,1.71,54950.8,19232.78,19232.78,2747.54,13737.7,organic,MidSouth
2022-09-18,1.36,1965452.21,687908.27,687908.27,98272.61,491363.05,conventional,SouthCentral
2022-09-18,1.6,113189.37,39616.28,39616.28,5659.47,28297.34,organic,SouthCentral
2022-09-25,1.09,2170973.13,759840.6,759840.6,108548.66,542743.28,conventional,California
2022-09-25,1.57,90337.05,31617.97,31617.97,4516.85,22584.26,organic,California
2022-09-25,1.07,2916142.26,1020649.79,1020649.79,145807.11,729035.56,conventional,West
2022-09-25,1.76,102205.08,35771.78,35771.78,5110.25,25551.27,organic,West
2022-09-25,1.27,2048904.73,717116.66,717116.66,102445.24,512226.18,conventional,Northeast
2022-09-25,1.38,103374.82,36181.19,36181.19,5168.74,25843.71,organic,Northeast
2022-09-25,1.07,1881473.4,658515.69,658515.69,94073.67,470368.35,conventional,Southeast
2022-09-25,1.6,79957.47,27985.11,27985.11,3997.87,19989.37,organic,Southeast
2022-09-25,1.17,1677756.59,587214.81,587214.81,83887.83,419439.15,conventional,Great_Lakes
2022-09-25,1.54,68594.67,24008.13,24008.13,3429.73,17148.67,organic,Great_Lakes
2022-09-25,1.05,1529365.25,535277.84,535277.84,76468.26,382341.31,conventional,MidSouth
2022-09-25,1.61,59299.57,20754.85,20754.85,2964.98,14824.89,organic,MidSouth
2022-09-25,1.1,2409894.67,843463.13,843463.13,120494.73,602473.67,conventional,SouthCentral
2022-09-25,1.63,102622.24,35917.78,35917.78,5131.11,25655.56,organic,SouthCentral
2022-10-02,1.07,2172587.8,760405.73,760405.73,108629.39,543146.95,conventional,California
2022-10-02,1.63,92273.69,32295.79,32295.79,4613.68,23068.42,organic,California
2022-10-02,1.24,2196564.14,768797.45,768797.45,109828.21,549141.03,conventional,West
2022-10-02,1.64,97970.86,34289.8,34289.8,4898.54,24492.71,organic,West
2022-10-02,1.19,2075765.93,726518.07,726518.07,103788.3,518941.48,conventional,Northeast
2022-10-02,1.67,105886.67,37060.34,37060.34,5294.33,26471.67,organic,Northeast
2022-10-02,1.2,1871120.38,654892.13,654892.13,93556.02,467780.1,conventional,Southeast
2022-10-02,1.67,86268.59,30194.01,30194.01,4313.43,21567.15,organic,Southeast
2022-10-02,1.07,1849094.54,647183.09,647183.09,92454.73,462273.63,conventional,Great_Lakes
2022-10-02,1.7,77827.22,27239.53,27239.53,3891.36,19456.81,organic,Great_Lakes
2022-10-02,1.2,1511847.64,529146.68,529146.68,75592.38,377961.91,conventional,MidSouth
2022-10-02,1.44,73370.3,25679.6,25679.6,3668.51,18342.57,organic,MidSouth
2022-10-02,1.17,2354320.61,824012.21,824012.21,117716.03,588580.15,conventional,SouthCentral
2022-10-02,2.16,80993.21,28347.62,28347.62,4049.66,20248.3,organic,SouthCentral
2022-10-09,1.14,2121374.36,742481.02,742481.02,106068.72,530343.59,conventional,California
2022-10-09,1.58,105666.43,36983.25,36983.25,5283.32,26416.61,organic,California
2022-10-09,1.16,2226983.26,779444.14,779444.14,111349.16,556745.81,conventional,West
2022-10-09,1.61,124837.11,43692.99,43692.99,6241.86,31209.28,organic,West
2022-10-09,1.29,1810911.32,633818.96,633818.96,90545.57,452727.83,conventional,Northeast
2022-10-09,1.45,117946.36,41281.23,41281.23,5897.32,29486.59,organic,Northeast
2022-10-09,1.31,1739430.53,608800.69,608800.69,86971.53,434857.63,conventional,Southeast
2022-10-09,1.76,85909.79,30068.43,30068.43,4295.49,21477.45,organic,Southeast
2022-10-09,1.16,1833219.71,641626.9,641626.9,91660.99,458304.93,conventional,Great_Lakes
2022-10-09,1.55,89321.08,31262.38,31262.38,4466.05,22330.27,organic,Great_Lakes
2022-10-09,1.28,1215779.97,425522.99,425522.99,60789.0,303944.99,conventional,MidSouth
2022-10-09,1.52,74958.36,26235.42,26235.42,3747.92,18739.59,organic,MidSouth
2022-10-09,1.13,2761362.12,966476.74,966476.74,138068.11,690340.53,conventional,SouthCentral
2022-10-09,1.58,145392.47,50887.36,50887.36,7269.62,36348.12,organic,SouthCentral
2022-10-16,1.02,2811566.31,984048.21,984048.21,140578.32,702891.58,conventional,California
2022-10-16,1.54,91727.96,32104.78,32104.78,4586.4,22931.99,organic,California
2022-10-16,1.17,2232977.77,781542.22,781542.22,111648.89,558244.44,conventional,West
2022-10-16,1.48,104190.69,36466.74,36466.74,5209.53,26047.67,organic,West
2022-10-16,1.15,2213868.73,774854.06,774854.06,110693.44,553467.18,conventional,Northeast
2022-10-16,1.74,85565.7,29947.99,29947.99,4278.28,21391.42,organic,Northeast
2022-10-16,1.2,1731980.35,606193.12,606193.12,86599.02,432995.09,conventional,Southeast
2022-10-16,1.44,87773.83,30720.84,30720.84,4388.69,21943.46,organic,Southeast
2022-10-16,1.13,1770113.15,619539.6,619539.6,88505.66,442528.29,conventional,Great_Lakes
2022-10-16,1.78,76030.77,26610.77,26610.77,3801.54,19007.69,organic,Great_Lakes
2022-10-16,1.21,1340131.1,469045.89,469045.89,67006.56,335032.78,conventional,MidSouth
2022-10-16,1.44,83700.48,29295.17,29295.17,4185.02,20925.12,organic,MidSouth
2022-10-16,1.2,1997722.81,699202.98,699202.98,99886.14,499430.7,conventional,SouthCentral
2022-10-16,1.52,120746.02,42261.11,42261.11,6037.3,30186.5,organic,SouthCentral
2022-10-23,1.16,2029300.41,710255.14,710255.14,101465.02,507325.1,conventional,California
2022-10-23,1.64,96977.62,33942.17,33942.17,4848.88,24244.4,organic,California
2022-10-23,1.13,2246570.88,786299.81,786299.81,112328.54,561642.72,conventional,West
2022-10-23,1.55,103193.3,36117.65,36117.65,5159.66,25798.32,organic,West
2022-10-23,1.19,2056097.96,719634.29,719634.29,102804.9,514024.49,conventional,Northeast
2022-10-23,1.53,119383.65,41784.28,41784.28,5969.18,29845.91,organic,Northeast
2022-10-23,1.12,2137258.44,748040.45,748040.45,106862.92,534314.61,conventional,Southeast
2022-10-23,1.55,73373.86,25680.85,25680.85,3668.69,18343.46,organic,Southeast
2022-10-23,1.19,1713483.37,599719.18,599719.18,85674.17,428370.84,conventional,Great_Lakes
2022-10-23,1.66,73572.77,25750.47,25750.47,3678.64,18393.19,organic,Great_Lakes
2022-10-23,1.15,1407979.92,492792.97,492792.97,70399.0,351994.98,conventional,MidSouth
2022-10-23,1.6,74502.25,26075.79,26075.79,3725.11,18625.56,organic,MidSouth
2022-10-23,1.17,2632253.21,921288.62,921288.62,131612.66,658063.3,conventional,SouthCentral
2022-10-23,1.62,114689.66,40141.38,40141.38,5734.48,28672.41,organic,SouthCentral
2022-10-30,1.03,2428507.16,849977.51,849977.51,121425.36,607126.79,conventional,California
2022-10-30,1.15,159243.36,55735.17,55735.17,7962.17,39810.84,organic,California
2022-10-30,1.14,2467787.4,863725.59,863725.59,123389.37,616946.85,conventional,West
2022-10-30,1.61,112924.91,39523.72,39523.72,5646.25,28231.23,organic,West
2022-10-30,0.93,2648307.33,926907.57,926907.57,132415.37,662076.83,conventional,Northeast
2022-10-30,1.4,104482.56,36568.9,36568.9,5224.13,26120.64,organic,Northeast
2022-10-30,1.13,2064833.03,722691.56,722691.56,103241.65,516208.26,conventional,Southeast
2022-10-30,1.71,78260.44,27391.16,27391.16,3913.02,19565.11,organic,Southeast
2022-10-30,1.15,1659720.41,580902.14,580902.14,82986.02,414930.1,conventional,Great_Lakes
2022-10-30,1.57,88765.24,31067.83,31067.83,4438.26,22191.31,organic,Great_Lakes
2022-10-30,1.01,1798929.16,629625.2,629625.2,89946.46,449732.29,conventional,MidSouth
2022-10-30,1.59,75290.32,26351.61,26351.61,3764.52,18822.58,organic,MidSouth
2022-10-30,1.25,2023304.41,708156.54,708156.54,101165.22,505826.1,conventional,SouthCentral
2022-10-30,1.56,114480.25,40068.09,40068.09,5724.01,28620.06,organic,SouthCentral
2022-11-06,0.97,2658503.51,930476.23,930476.23,132925.18,664625.88,conventional,California
2022-11-06,2.02,82418.93,28846.63,28846.63,4120.95,20604.73,organic,California
2022-11-06,1.34,2190365.62,766627.97,766627.97,109518.28,547591.41,conventional,West
2022-11-06,1.54,119415.5,41795.42,41795.42,5970.77,29853.87,organic,West
2022-11-06,1.21,2116107.05,740637.47,740637.47,105805.35,529026.76,conventional,Northeast
2022-11-06,1.56,91139.57,31898.85,31898.85,4556.98,22784.89,organic,Northeast
2022-11-06,1.48,1402166.75,490758.36,490758.36,70108.34,350541.69,conventional,Southeast
2022-11-06,1.6,92352.82,32323.49,32323.49,4617.64,23088.2,organic,Southeast
2022-11-06,1.13,1933417.26,676696.04,676696.04,96670.86,483354.32,conventional,Great_Lakes
2022-11-06,1.84,70102.1,24535.73,24535.73,3505.1,17525.52,organic,Great_Lakes
2022-11-06,1.03,1752053.23,613218.63,613218.63,87602.66,438013.31,conventional,MidSouth
2022-11-06,1.58,85896.44,30063.75,30063.75,4294.82,21474.11,organic,MidSouth
2022-11-06,1.27,2428996.36,850148.73,850148.73,121449.82,607249.09,conventional,SouthCentral
2022-11-06,1.46,130118.47,45541.46,45541.46,6505.92,32529.62,organic,SouthCentral
2022-11-13,1.15,2389804.12,836431.44,836431.44,119490.21,597451.03,conventional,California
2022-11-13,1.59,105158.9,36805.62,36805.62,5257.95,26289.73,organic,California
2022-11-13,1.09,2650557.85,927695.25,927695.25,132527.89,662639.46,conventional,West
2022-11-13,1.29,144332.02,50516.21,50516.21,7216.6,36083.01,organic,West
2022-11-13,1.09,2569321.94,899262.68,899262.68,128466.1,642330.49,conventional,Northeast
2022-11-13,1.53,111705.12,39096.79,39096.79,5585.26,27926.28,organic,Northeast
2022-11-13,1.17,2102391.01,735836.85,735836.85,105119.55,525597.75,conventional,Southeast
2022-11-13,1.84,73733.5,25806.73,25806.73,3686.68,18433.38,organic,Southeast
2022-11-13,1.1,1863544.09,652240.43,652240.43,93177.2,465886.02,conventional,Great_Lakes
2022-11-13,1.61,82947.29,29031.55,29031.55,4147.36,20736.82,organic,Great_Lakes
2022-11-13,1.21,1514877.74,530207.21,530207.21,75743.89,378719.43,conventional,MidSouth
2022-11-13,1.74,73213.04,25624.56,25624.56,3660.65,18303.26,organic,MidSouth
2022-11-13,1.34,2275969.21,796589.23,796589.23,113798.46,568992.3,conventional,SouthCentral
2022-11-13,1.81,102268.36,35793.93,35793.93,5113.42,25567.09,organic,SouthCentral
2022-11-20,1.27,2244037.99,785413.3,785413.3,112201.9,561009.5,conventional,California
2022-11-20,1.8,92698.54,32444.49,32444.49,4634.93,23174.64,organic,California
2022-11-20,1.08,2395923.61,838573.26,838573.26,119796.18,598980.9,conventional,West
2022-11-20,1.64,130951.08,45832.88,45832.88,6547.55,32737.77,organic,West
2022-11-20,1.12,2396253.29,838688.65,838688.65,119812.66,599063.32,conventional,Northeast
2022-11-20,1.78,85052.6,29768.41,29768.41,4252.63,21263.15,organic,Northeast
2022-11-20,1.28,1343752.5,470313.38,470313.38,67187.63,335938.13,conventional,Southeast
2022-11-20,1.47,95048.3,33266.91,33266.91,4752.42,23762.08,organic,Southeast
2022-11-20,1.07,2100426.04,735149.12,735149.12,105021.3,525106.51,conventional,Great_Lakes
2022-11-20,1.69,83825.04,29338.76,29338.76,4191.25,20956.26,organic,Great_Lakes
2022-11-20,1.21,1351623.81,473068.33,473068.33,67581.19,337905.95,conventional,MidSouth
2022-11-20,1.47,86637.72,30323.2,30323.2,4331.89,21659.43,organic,MidSouth
2022-11-20,1.09,2572589.81,900406.43,900406.43,128629.49,643147.45,conventional,SouthCentral
2022-11-20,1.8,123747.66,43311.68,43311.68,6187.38,30936.92,organic,SouthCentral
2022-11-27,1.31,2018131.02,706345.86,706345.86,100906.55,504532.75,conventional,California
2022-11-27,1.74,110552.11,38693.24,38693.24,5527.61,27638.03,organic,California
2022-11-27,1.09,2918529.59,1021485.36,1021485.36,145926.48,729632.4,conventional,West
2022-11-27,1.69,117958.46,41285.46,41285.46,5897.92,29489.61,organic,West
2022-11-27,1.17,2364556.31,827594.71,827594.71,118227.82,591139.08,conventional,Northeast
2022-11-27,1.68,81773.13,28620.6,28620.6,4088.66,20443.28,organic,Northeast
2022-11-27,1.3,1551469.28,543014.25,543014.25,77573.46,387867.32,conventional,Southeast
2022-11-27,1.84,73578.16,25752.35,25752.35,3678.91,18394.54,organic,Southeast
2022-11-27,1.27,1807384.76,632584.67,632584.67,90369.24,451846.19,conventional,Great_Lakes
2022-11-27,1.71,83236.53,29132.79,29132.79,4161.83,20809.13,organic,Great_Lakes
2022-11-27,1.19,1263977.29,442392.05,442392.05,63198.86,315994.32,conventional,MidSouth
2022-11-27,1.67,61460.41,21511.14,21511.14,3073.02,15365.1,organic,MidSouth
2022-11-27,1.17,2435600.73,852460.25,852460.25,121780.04,608900.18,conventional,SouthCentral
2022-11-27,1.47,170225.9,59579.07,59579.07,8511.3,42556.48,organic,SouthCentral
2022-12-04,1.26,2253367.86,788678.75,788678.75,112668.39,563341.97,conventional,California
2022-12-04,1.68,107737.52,37708.13,37708.13,5386.88,26934.38,organic,California
2022-12-04,1.21,2396254.36,838689.03,838689.03,119812.72,599063.59,conventional,West
2022-12-04,1.8,103437.9,36203.27,36203.27,5171.9,25859.48,organic,West
2022-12-04,1.11,2467346.95,863571.43,863571.43,123367.35,616836.74,conventional,Northeast
2022-12-04,1.56,118653.7,41528.8,41528.8,5932.69,29663.43,organic,Northeast
2022-12-04,1.1,2313792.31,809827.31,809827.31,115689.62,578448.08,conventional,Southeast
2022-12-04,1.83,75034.24,26261.98,26261.98,3751.71,18758.56,organic,Southeast
2022-12-04,1.14,2121125.71,742394.0,742394.0,106056.29,530281.43,conventional,Great_Lakes
2022-12-04,1.58,100827.3,35289.56,35289.56,5041.37,25206.83,organic,Great_Lakes
2022-12-04,1.21,1726590.65,604306.73,604306.73,86329.53,431647.66,conventional,MidSouth
2022-12-04,1.56,74793.56,26177.75,26177.75,3739.68,18698.39,organic,MidSouth
2022-12-04,1.12,2813777.54,984822.14,984822.14,140688.88,703444.39,conventional,SouthCentral
2022-12-04,1.73,109113.06,38189.57,38189.57,5455.65,27278.26,organic,SouthCentral
2022-12-11,1.38,2218197.87,776369.26,776369.26,110909.89,554549.47,conventional,California
2022-12-11,1.65,123285.34,43149.87,43149.87,6164.27,30821.34,organic,California
2022-12-11,0.99,3983811.22,1394333.93,1394333.93,199190.56,995952.81,conventional,West
2022-12-11,1.56,129630.52,45370.68,45370.68,6481.53,32407.63,organic,West
2022-12-11,0.96,3045987.56,1066095.65,1066095.65,152299.38,761496.89,conventional,Northeast
2022-12-11,1.48,125167.27,43808.54,43808.54,6258.36,31291.82,organic,Northeast
2022-12-11,1.1,2046180.39,716163.14,716163.14,102309.02,511545.1,conventional,Southeast
2022-12-11,1.53,108162.65,37856.93,37856.93,5408.13,27040.66,organic,Southeast
2022-12-11,1.02,2200191.3,770066.96,770066.96,110009.57,550047.83,conventional,Great_Lakes
2022-12-11,1.75,107636.09,37672.63,37672.63,5381.8,26909.02,organic,Great_Lakes
2022-12-11,1.2,1483198.62,519119.52,519119.52,74159.93,370799.65,conventional,MidSouth
2022-12-11,1.59,79685.31,27889.86,27889.86,3984.27,19921.33,organic,MidSouth
2022-12-11,1.12,3283385.81,1149185.03,1149185.03,164169.29,820846.45,conventional,SouthCentral
2022-12-11,1.68,140477.28,49167.05,49167.05,7023.86,35119.32,organic,SouthCentral
2022-12-18,1.12,2899691.99,1014892.2,1014892.2,144984.6,724923.0,conventional,California
2022-12-18,1.63,105133.73,36796.8,36796.8,5256.69,26283.43,organic,California
2022-12-18,1.37,1869573.24,654350.63,654350.63,93478.66,467393.31,conventional,West
2022-12-18,1.54,125912.97,44069.54,44069.54,6295.65,31478.24,organic,West
2022-12-18,1.4,2123013.24,743054.64,743054.64,106150.66,530753.31,conventional,Northeast
2022-12-18,1.87,84469.96,29564.49,29564.49,4223.5,21117.49,organic,Northeast
2022-12-18,1.39,1701954.48,595684.07,595684.07,85097.72,425488.62,conventional,Southeast
2022-12-18,1.8,84559.18,29595.71,29595.71,4227.96,21139.8,organic,Southeast
2022-12-18,1.15,1985781.25,695023.44,695023.44,99289.06,496445.31,conventional,Great_Lakes
2022-12-18,1.62,99091.61,34682.06,34682.06,4954.58,24772.9,organic,Great_Lakes
2022-12-18,1.19,1610650.27,563727.6,563727.6,80532.51,402662.57,conventional,MidSouth
2022-12-18,1.88,46267.65,16193.68,16193.68,2313.38,11566.91,organic,MidSouth
2022-12-18,1.2,2948364.53,1031927.59,1031927.59,147418.23,737091.13,conventional,SouthCentral
2022-12-18,1.82,113110.33,39588.61,39588.61,5655.52,28277.58,organic,SouthCentral
2022-12-25,1.17,2665489.18,932921.21,932921.21,133274.46,666372.3,conventional,California
2022-12-25,1.87,90806.67,31782.33,31782.33,4540.33,22701.67,organic,California
2022-12-25,1.18,2986335.08,1045217.28,1045217.28,149316.75,746583.77,conventional,West
2022-12-25,1.33,155529.31,54435.26,54435.26,7776.47,38882.33,organic,West
2022-12-25,1.3,2208594.72,773008.15,773008.15,110429.74,552148.68,conventional,Northeast
2022-12-25,1.73,94256.61,32989.82,32989.82,4712.83,23564.15,organic,Northeast
2022-12-25,1.06,2212261.15,774291.4,774291.4,110613.06,553065.29,conventional,Southeast
2022-12-25,1.88,72734.09,25456.93,25456.93,3636.7,18183.52,organic,Southeast
2022-12-25,1.16,1876660.36,656831.13,656831.13,93833.02,469165.09,conventional,Great_Lakes
2022-12-25,1.78,76840.04,26894.01,26894.01,3842.0,19210.01,organic,Great_Lakes
2022-12-25,1.14,1483534.6,519237.11,519237.11,74176.73,370883.65,conventional,MidSouth
2022-12-25,1.41,95841.07,33544.38,33544.38,4792.05,23960.27,organic,MidSouth
2022-12-25,1.02,4053186.69,1418615.34,1418615.34,202659.33,1013296.67,conventional,SouthCentral
2022-12-25,1.34,166484.84,58269.69,58269.69,8324.24,41621.21,organic,SouthCentral
2023-01-01,1.15,2625328.14,918864.85,918864.85,131266.41,656332.03,conventional,California
2023-01-01,1.48,129628.53,45369.98,45369.98,6481.43,32407.13,organic,California
2023-01-01,1.05,3159563.6,1105847.26,1105847.26,157978.18,789890.9,conventional,West
2023-01-01,1.94,102422.32,35847.81,35847.81,5121.12,25605.58,organic,West
2023-01-01,1.27,2328935.32,815127.36,815127.36,116446.77,582233.83,conventional,Northeast
2023-01-01,1.82,74301.01,26005.35,26005.35,3715.05,18575.25,organic,Northeast
2023-01-01,1.12,2590935.52,906827.43,906827.43,129546.78,647733.88,conventional,Southeast
2023-01-01,1.56,131077.08,45876.98,45876.98,6553.85,32769.27,organic,Southeast
2023-01-01,1.3,1792934.38,627527.03,627527.03,89646.72,448233.59,conventional,Great_Lakes
2023-01-01,1.57,94398.44,33039.45,33039.45,4719.92,23599.61,organic,Great_Lakes
2023-01-01,1.09,1755119.68,614291.89,614291.89,87755.98,438779.92,conventional,MidSouth
2023-01-01,1.71,66245.24,23185.83,23185.83,3312.26,16561.31,organic,MidSouth
2023-01-01,1.21,3116370.1,1090729.53,1090729.53,155818.5,779092.52,conventional,SouthCentral
2023-01-01,1.4,211983.02,74194.06,74194.06,10599.15,52995.75,organic,SouthCentral
2023-01-08,1.2,2722607.37,952912.58,952912.58,136130.37,680651.84,conventional,California
2023-01-08,1.54,144204.08,50471.43,50471.43,7210.2,36051.02,organic,California
2023-01-08,1.26,2549959.53,892485.84,892485.84,127497.98,637489.88,conventional,West
2023-01-08,1.95,101487.81,35520.73,35520.73,5074.39,25371.95,organic,West
2023-01-08,1.26,2298947.61,804631.66,804631.66,114947.38,574736.9,conventional,Northeast
2023-01-08,1.74,88932.64,31126.42,31126.42,4446.63,22233.16,organic,Northeast
2023-01-08,1.19,2045037.3,715763.06,715763.06,102251.87,511259.33,conventional,Southeast
2023-01-08,1.52,136181.1,47663.38,47663.38,6809.05,34045.27,organic,Southeast
2023-01-08,1.13,2046799.59,716379.86,716379.86,102339.98,511699.9,conventional,Great_Lakes
2023-01-08,1.6,89873.03,31455.56,31455.56,4493.65,22468.26,organic,Great_Lakes
2023-01-08,1.29,1474371.11,516029.89,516029.89,73718.56,368592.78,conventional,MidSouth
2023-01-08,1.73,86612.81,30314.48,30314.48,4330.64,21653.2,organic,MidSouth
2023-01-08,1.1,3485198.67,1219819.53,1219819.53,174259.93,871299.67,conventional,SouthCentral
2023-01-08,1.5,210189.45,73566.31,73566.31,10509.47,52547.36,organic,SouthCentral
2023-01-15,1.24,2418078.53,846327.48,846327.48,120903.93,604519.63,conventional,California
2023-01-15,1.53,134245.28,46985.85,46985.85,6712.26,33561.32,organic,California
2023-01-15,1.12,3506143.21,1227150.12,1227150.12,175307.16,876535.8,conventional,West
2023-01-15,1.47,157118.16,54991.36,54991.36,7855.91,39279.54,organic,West
2023-01-15,1.15,2508888.15,878110.85,878110.85,125444.41,627222.04,conventional,Northeast
2023-01-15,1.63,113986.69,39895.34,39895.34,5699.33,28496.67,organic,Northeast
2023-01-15,1.24,2162270.86,756794.8,756794.8,108113.54,540567.71,conventional,Southeast
2023-01-15,1.71,70810.88,24783.81,24783.81,3540.54,17702.72,organic,Southeast
2023-01-15,1.18,1837612.05,643164.22,643164.22,91880.6,459403.01,conventional,Great_Lakes
2023-01-15,1.75,103592.03,36257.21,36257.21,5179.6,25898.01,organic,Great_Lakes
2023-01-15,1.06,1963615.31,687265.36,687265.36,98180.77,490903.83,conventional,MidSouth
2023-01-15,1.56,99874.66,34956.13,34956.13,4993.73,24968.66,organic,MidSouth
2023-01-15,1.16,3590749.22,1256762.23,1256762.23,179537.46,897687.31,conventional,SouthCentral
2023-01-15,1.71,137662.71,48181.95,48181.95,6883.14,34415.68,organic,SouthCentral
2023-01-22,1.16,2869902.36,1004465.83,1004465.83,143495.12,717475.59,conventional,California
2023-01-22,1.39,158894.92,55613.22,55613.22,7944.75,39723.73,organic,California
2023-01-22,1.14,3084654.25,1079628.99,1079628.99,154232.71,771163.56,conventional,West
2023-01-22,1.62,120094.42,42033.05,42033.05,6004.72,30023.61,organic,West
2023-01-22,1.15,2315930.79,810575.78,810575.78,115796.54,578982.7,conventional,Northeast
2023-01-22,1.36,163059.83,57070.94,57070.94,8152.99,40764.96,organic,Northeast
2023-01-22,1.21,2203105.94,771087.08,771087.08,110155.3,550776.48,conventional,Southeast
2023-01-22,1.85,80242.94,28085.03,28085.03,4012.15,20060.74,organic,Southeast
2023-01-22,1.01,2543664.63,890282.62,890282.62,127183.23,635916.16,conventional,Great_Lakes
2023-01-22,1.6,93932.32,32876.31,32876.31,4696.62,23483.08,organic,Great_Lakes
2023-01-22,1.14,1734200.55,606970.19,606970.19,86710.03,433550.14,conventional,MidSouth
2023-01-22,1.37,102118.46,35741.46,35741.46,5105.92,25529.61,organic,MidSouth
2023-01-22,1.04,3665516.54,1282930.79,1282930.79,183275.83,916379.13,conventional,SouthCentral
2023-01-22,1.55,174051.02,60917.86,60917.86,8702.55,43512.75,organic,SouthCentral
2023-01-29,1.31,2428759.65,850065.88,850065.88,121437.98,607189.91,conventional,California
2023-01-29,1.42,177736.11,62207.64,62207.64,8886.81,44434.03,organic,California
2023-01-29,1.31,2463935.06,862377.27,862377.27,123196.75,615983.77,conventional,West
2023-01-29,1.85,103629.12,36270.19,36270.19,5181.46,25907.28,organic,West
2023-01-29,0.96,2967611.63,1038664.07,1038664.07,148380.58,741902.91,conventional,Northeast
2023-01-29,1.91,78624.15,27518.45,27518.45,3931.21,19656.04,organic,Northeast
2023-01-29,1.15,2263002.59,792050.91,792050.91,113150.13,565750.65,conventional,Southeast
2023-01-29,1.57,104246.43,36486.25,36486.25,5212.32,26061.61,organic,Southeast
2023-01-29,1.16,2055019.59,719256.86,719256.86,102750.98,513754.9,conventional,Great_Lakes
2023-01-29,1.44,122462.54,42861.89,42861.89,6123.13,30615.63,organic,Great_Lakes
2023-01-29,1.26,1731155.31,605904.36,605904.36,86557.77,432788.83,conventional,MidSouth
2023-01-29,1.53,80310.67,28108.73,28108.73,4015.53,20077.67,organic,MidSouth
2023-01-29,1.12,3695377.05,1293381.97,1293381.97,184768.85,923844.26,conventional,SouthCentral
2023-01-29,1.75,139881.32,48958.46,48958.46,6994.07,34970.33,organic,SouthCentral
2023-02-05,1.24,2681938.35,938678.42,938678.42,134096.92,670484.59,conventional,California
2023-02-05,1.67,134488.96,47071.13,47071.13,6724.45,33622.24,organic,California
2023-02-05,1.1,2881311.98,1008459.19,1008459.19,144065.6,720327.99,conventional,West
2023-02-05,1.76,140391.51,49137.03,49137.03,7019.58,35097.88,organic,West
2023-02-05,1.04,3224161.81,1128456.63,1128456.63,161208.09,806040.45,conventional,Northeast
2023-02-05,1.9,96457.68,33760.19,33760.19,4822.88,24114.42,organic,Northeast
2023-02-05,1.07,2626878.48,919407.47,919407.47,131343.92,656719.62,conventional,Southeast
2023-02-05,1.57,108270.26,37894.59,37894.59,5413.51,27067.57,organic,Southeast
2023-02-05,1.19,1912440.89,669354.31,669354.31,95622.04,478110.22,conventional,Great_Lakes
2023-02-05,1.43,126655.64,44329.48,44329.48,6332.78,31663.91,organic,Great_Lakes
2023-02-05,1.15,1955192.83,684317.49,684317.49,97759.64,488798.21,conventional,MidSouth
2023-02-05,1.93,68066.17,23823.16,23823.16,3403.31,17016.54,organic,MidSouth
2023-02-05,1.21,2882812.07,1008984.23,1008984.23,144140.6,720703.02,conventional,SouthCentral
2023-02-05,1.77,127982.68,44793.94,44793.94,6399.13,31995.67,organic,SouthCentral
2023-02-12,1.16,2799932.61,979976.41,979976.41,139996.63,699983.15,conventional,California
2023-02-12,1.8,98099.05,34334.67,34334.67,4904.95,24524.76,organic,California
2023-02-12,0.92,3935982.07,1377593.72,1377593.72,196799.1,983995.52,conventional,West
2023-02-12,1.72,130165.48,45557.92,45557.92,6508.27,32541.37,organic,West
2023-02-12,1.27,2422511.75,847879.11,847879.11,121125.59,605627.94,conventional,Northeast
2023-02-12,1.57,102411.87,35844.16,35844.16,5120.59,25602.97,organic,Northeast
2023-02-12,1.13,2643284.32,925149.51,925149.51,132164.22,660821.08,conventional,Southeast
2023-02-12,1.59,112906.04,39517.11,39517.11,5645.3,28226.51,organic,Southeast
2023-02-12,1.19,2007107.25,702487.54,702487.54,100355.36,501776.81,conventional,Great_Lakes
2023-02-12,1.74,110997.84,38849.24,38849.24,5549.89,27749.46,organic,Great_Lakes
2023-02-12,1.13,1766815.42,618385.4,618385.4,88340.77,441703.86,conventional,MidSouth
2023-02-12,1.64,68910.91,24118.82,24118.82,3445.55,17227.73,organic,MidSouth
2023-02-12,1.18,3321050.78,1162367.77,1162367.77,166052.54,830262.69,conventional,SouthCentral
2023-02-12,1.9,118353.98,41423.89,41423.89,5917.7,29588.5,organic,SouthCentral
2023-02-19,1.19,2543418.68,890196.54,890196.54,127170.93,635854.67,conventional,California
2023-02-19,1.6,115410.87,40393.8,40393.8,5770.54,28852.72,organic,California
2023-02-19,1.13,3026813.17,1059384.61,1059384.61,151340.66,756703.29,conventional,West
2023-02-19,1.69,123165.92,43108.07,43108.07,6158.3,30791.48,organic,West
2023-02-19,1.16,2563446.09,897206.13,897206.13,128172.3,640861.52,conventional,Northeast
2023-02-19,1.6,126033.97,44111.89,44111.89,6301.7,31508.49,organic,Northeast
2023-02-19,1.15,2509836.99,878442.95,878442.95,125491.85,627459.25,conventional,Southeast
2023-02-19,1.63,104672.94,36635.53,36635.53,5233.65,26168.23,organic,Southeast
2023-02-19,1.13,2193579.76,767752.92,767752.92,109678.99,548394.94,conventional,Great_Lakes
2023-02-19,1.6,131825.68,46138.99,46138.99,6591.28,32956.42,organic,Great_Lakes
2023-02-19,1.06,2057819.81,720236.93,720236.93,102890.99,514454.95,conventional,MidSouth
2023-02-19,1.59,87813.8,30734.83,30734.83,4390.69,21953.45,organic,MidSouth
2023-02-19,1.12,3522127.56,1232744.65,1232744.65,176106.38,880531.89,conventional,SouthCentral
2023-02-19,1.39,213351.21,74672.92,74672.92,10667.56,53337.8,organic,SouthCentral
2023-02-26,1.21,2410123.88,843543.36,843543.36,120506.19,602530.97,conventional,California
2023-02-26,1.31,164093.7,57432.79,57432.79,8204.68,41023.42,organic,California
2023-02-26,1.13,3833059.47,1341570.81,1341570.81,191652.97,958264.87,conventional,West
2023-02-26,1.73,105961.81,37086.63,37086.63,5298.09,26490.45,organic,West
2023-02-26,1.08,2857928.1,1000274.83,1000274.83,142896.4,714482.02,conventional,Northeast
2023-02-26,1.69,101183.98,35414.39,35414.39,5059.2,25295.99,organic,Northeast
2023-02-26,1.14,2272929.04,795525.16,795525.16,113646.45,568232.26,conventional,Southeast
2023-02-26,1.48,128234.02,44881.91,44881.91,6411.7,32058.5,organic,Southeast
2023-02-26,1.23,2245154.67,785804.14,785804.14,112257.73,561288.67,conventional,Great_Lakes
2023-02-26,1.74,90231.54,31581.04,31581.04,4511.58,22557.88,organic,Great_Lakes
2023-02-26,1.22,1803899.3,631364.76,631364.76,90194.97,450974.83,conventional,MidSouth
2023-02-26,1.67,78792.64,27577.42,27577.42,3939.63,19698.16,organic,MidSouth
2023-02-26,1.1,3530056.12,1235519.64,1235519.64,176502.81,882514.03,conventional,SouthCentral
2023-02-26,2.02,113907.57,39867.65,39867.65,5695.38,28476.89,organic,SouthCentral
2023-03-05,1.09,2901839.07,1015643.68,1015643.68,145091.95,725459.77,conventional,California
2023-03-05,1.58,173394.88,60688.21,60688.21,8669.74,43348.72,organic,California
2023-03-05,1.11,3472687.08,1215440.48,1215440.48,173634.35,868171.77,conventional,West
2023-03-05,1.59,150213.0,52574.55,52574.55,7510.65,37553.25,organic,West
2023-03-05,1.23,2376670.59,831834.71,831834.71,118833.53,594167.65,conventional,Northeast
2023-03-05,1.55,156993.99,54947.9,54947.9,7849.7,39248.5,organic,Northeast
2023-03-05,1.25,2320815.61,812285.46,812285.46,116040.78,580203.9,conventional,Southeast
2023-03-05,1.77,102430.63,35850.72,35850.72,5121.53,25607.66,organic,Southeast
2023-03-05,1.35,1900216.41,665075.74,665075.74,95010.82,475054.1,conventional,Great_Lakes
2023-03-05,1.74,83452.82,29208.49,29208.49,4172.64,20863.21,organic,Great_Lakes
2023-03-05,1.07,1925507.69,673927.69,673927.69,96275.38,481376.92,conventional,MidSouth
2023-03-05,1.84,57061.47,19971.52,19971.52,2853.07,14265.37,organic,MidSouth
2023-03-05,1.11,2781077.74,973377.21,973377.21,139053.89,695269.43,conventional,SouthCentral
2023-03-05,1.53,162741.54,56959.54,56959.54,8137.08,40685.38,organic,SouthCentral
2023-03-12,1.29,2594174.96,907961.24,907961.24,129708.75,648543.74,conventional,California
2023-03-12,1.53,163037.03,57062.96,57062.96,8151.85,40759.26,organic,California
2023-03-12,1.15,3093424.98,1082698.74,1082698.74,154671.25,773356.25,conventional,West
2023-03-12,1.47,149673.07,52385.57,52385.57,7483.65,37418.27,organic,West
2023-03-12,1.07,2978620.64,1042517.23,1042517.23,148931.03,744655.16,conventional,Northeast
2023-03-12,1.66,140340.41,49119.14,49119.14,7017.02,35085.1,organic,Northeast
2023-03-12,1.19,1865588.6,652956.01,652956.01,93279.43,466397.15,conventional,Southeast
2023-03-12,1.69,90606.03,31712.11,31712.11,4530.3,22651.51,organic,Southeast
2023-03-12,1.05,2423529.35,848235.27,848235.27,121176.47,605882.34,conventional,Great_Lakes
2023-03-12,1.55,99671.21,34884.92,34884.92,4983.56,24917.8,organic,Great_Lakes
2023-03-12,1.17,1687787.16,590725.51,590725.51,84389.36,421946.79,conventional,MidSouth
2023-03-12,1.7,103503.49,36226.22,36226.22,5175.17,25875.87,organic,MidSouth
2023-03-12,1.02,3852082.51,1348228.88,1348228.88,192604.13,963020.63,conventional,SouthCentral
2023-03-12,1.27,217932.2,76276.27,76276.27,10896.61,54483.05,organic,SouthCentral
2023-03-19,1.21,2867225.28,1003528.85,1003528.85,143361.26,716806.32,conventional,California
2023-03-19,1.66,140843.82,49295.34,49295.34,7042.19,35210.95,organic,California
2023-03-19,1.4,2759919.65,965971.88,965971.88,137995.98,689979.91,conventional,West
2023-03-19,1.57,129239.44,45233.8,45233.8,6461.97,32309.86,organic,West
2023-03-19,1.11,2621811.89,917634.16,917634.16,131090.59,655452.97,conventional,Northeast
2023-03-19,1.72,101677.65,35587.18,35587.18,5083.88,25419.41,organic,Northeast
2023-03-19,1.14,2602134.37,910747.03,910747.03,130106.72,650533.59,conventional,Southeast
2023-03-19,1.63,100090.97,35031.84,35031.84,5004.55,25022.74,organic,Southeast
2023-03-19,1.27,1765832.89,618041.51,618041.51,88291.64,441458.22,conventional,Great_Lakes
2023-03-19,1.6,108560.46,37996.16,37996.16,5428.02,27140.11,organic,Great_Lakes
2023-03-19,1.15,1956032.86,684611.5,684611.5,97801.64,489008.22,conventional,MidSouth
2023-03-19,1.74,79775.62,27921.47,27921.47,3988.78,19943.91,organic,MidSouth
2023-03-19,1.11,3407148.99,1192502.15,1192502.15,170357.45,851787.25,conventional,SouthCentral
2023-03-19,1.56,179099.05,62684.67,62684.67,8954.95,44774.76,organic,SouthCentral
2023-03-26,1.09,3332560.93,1166396.32,1166396.32,166628.05,833140.23,conventional,California
2023-03-26,1.65,123288.1,43150.84,43150.84,6164.41,30822.03,organic,California
2023-03-26,1.21,2730653.24,955728.63,955728.63,136532.66,682663.31,conventional,West
2023-03-26,1.75,130380.21,45633.07,45633.07,6519.01,32595.05,organic,West
2023-03-26,1.09,3014785.29,1055174.85,1055174.85,150739.26,753696.32,conventional,Northeast
2023-03-26,1.73,126881.65,44408.58,44408.58,6344.08,31720.41,organic,Northeast
2023-03-26,1.25,2270079.94,794527.98,794527.98,113504.0,567519.99,conventional,Southeast
2023-03-26,1.48,163041.07,57064.37,57064.37,8152.05,40760.27,organic,Southeast
2023-03-26,1.01,2942270.17,1029794.56,1029794.56,147113.51,735567.54,conventional,Great_Lakes
2023-03-26,1.71,87443.46,30605.21,30605.21,4372.17,21860.86,organic,Great_Lakes
2023-03-26,1.14,1945445.47,680905.91,680905.91,97272.27,486361.37,conventional,MidSouth
2023-03-26,1.85,68320.17,23912.06,23912.06,3416.01,17080.04,organic,MidSouth
2023-03-26,1.12,2885616.23,1009965.68,1009965.68,144280.81,721404.06,conventional,SouthCentral
2023-03-26,1.91,109582.91,38354.02,38354.02,5479.15,27395.73,organic,SouthCentral
2023-04-02,1.18,2726153.49,954153.72,954153.72,136307.67,681538.37,conventional,California
2023-04-02,1.64,140613.97,49214.89,49214.89,7030.7,35153.49,organic,California
2023-04-02,1.32,2614538.14,915088.35,915088.35,130726.91,653634.54,conventional,West
2023-04-02,1.75,129316.92,45260.92,45260.92,6465.85,32329.23,organic,West
2023-04-02,1.25,2302596.18,805908.66,805908.66,115129.81,575649.04,conventional,Northeast
2023-04-02,1.81,116019.03,40606.66,40606.66,5800.95,29004.76,organic,Northeast
2023-04-02,1.26,2010644.66,703725.63,703725.63,100532.23,502661.17,conventional,Southeast
2023-04-02,1.62,111761.4,39116.49,39116.49,5588.07,27940.35,organic,Southeast
2023-04-02,1.01,3031790.86,1061126.8,1061126.8,151589.54,757947.71,conventional,Great_Lakes
2023-04-02,1.65,105481.2,36918.42,36918.42,5274.06,26370.3,organic,Great_Lakes
2023-04-02,1.09,1819884.49,636959.57,636959.57,90994.22,454971.12,conventional,MidSouth
2023-04-02,1.56,94895.79,33213.53,33213.53,4744.79,23723.95,organic,MidSouth
2023-04-02,1.22,3133030.2,1096560.57,1096560.57,156651.51,783257.55,conventional,SouthCentral
2023-04-02,1.7,137759.01,48215.65,48215.65,6887.95,34439.75,organic,SouthCentral
2023-04-09,1.2,3040008.51,1064002.98,1064002.98,152000.43,760002.13,conventional,California
2023-04-09,1.76,126394.56,44238.1,44238.1,6319.73,31598.64,organic,California
2023-04-09,1.18,2608490.96,912971.84,912971.84,130424.55,652122.74,conventional,West
2023-04-09,1.49,165888.33,58060.92,58060.92,8294.42,41472.08,organic,West
2023-04-09,1.15,2755025.01,964258.75,964258.75,137751.25,688756.25,conventional,Northeast
2023-04-09,1.9,103797.97,36329.29,36329.29,5189.9,25949.49,organic,Northeast
2023-04-09,1.28,2098964.51,734637.58,734637.58,104948.23,524741.13,conventional,Southeast
2023-04-09,1.53,118845.36,41595.88,41595.88,5942.27,29711.34,organic,Southeast
2023-04-09,1.07,2824261.09,988491.38,988491.38,141213.05,706065.27,conventional,Great_Lakes
2023-04-09,1.77,97167.06,34008.47,34008.47,4858.35,24291.77,organic,Great_Lakes
2023-04-09,1.27,1421014.89,497355.21,497355.21,71050.74,355253.72,conventional,MidSouth
2023-04-09,1.74,69196.39,24218.74,24218.74,3459.82,17299.1,organic,MidSouth
2023-04-09,1.15,3241529.71,1134535.4,1134535.4,162076.49,810382.43,conventional,SouthCentral
2023-04-09,1.75,139903.26,48966.14,48966.14,6995.16,34975.81,organic,SouthCentral
2023-04-16,1.28,2362262.15,826791.75,826791.75,118113.11,590565.54,conventional,California
2023-04-16,1.76,118406.36,41442.22,41442.22,5920.32,29601.59,organic,California
2023-04-16,0.99,3417197.33,1196019.07,1196019.07,170859.87,854299.33,conventional,West
2023-04-16,1.63,155703.68,54496.29,54496.29,7785.18,38925.92,organic,West
2023-04-16,1.2,2303050.35,806067.62,806067.62,115152.52,575762.59,conventional,Northeast
2023-04-16,1.63,148956.36,52134.73,52134.73,7447.82,37239.09,organic,Northeast
2023-04-16,1.16,2283029.66,799060.38,799060.38,114151.48,570757.41,conventional,Southeast
2023-04-16,1.72,107772.92,37720.52,37720.52,5388.65,26943.23,organic,Southeast
2023-04-16,1.1,2493527.88,872734.76,872734.76,124676.39,623381.97,conventional,Great_Lakes
2023-04-16,1.6,115114.86,40290.2,40290.2,5755.74,28778.71,organic,Great_Lakes
2023-04-16,1.17,1936388.3,677735.91,677735.91,96819.42,484097.08,conventional,MidSouth
2023-04-16,1.54,87469.1,30614.19,30614.19,4373.46,21867.28,organic,MidSouth
2023-04-16,1.24,2989411.4,1046293.99,1046293.99,149470.57,747352.85,conventional,SouthCentral
2023-04-16,1.69,139316.22,48760.68,48760.68,6965.81,34829.05,organic,SouthCentral
2023-04-23,1.24,2467879.12,863757.69,863757.69,123393.96,616969.78,conventional,California
2023-04-23,1.63,141007.6,49352.66,49352.66,7050.38,35251.9,organic,California
2023-04-23,1.27,2578673.04,902535.56,902535.56,128933.65,644668.26,conventional,West
2023-04-23,1.94,110117.63,38541.17,38541.17,5505.88,27529.41,organic,West
2023-04-23,1.05,3081478.04,1078517.31,1078517.31,154073.9,770369.51,conventional,Northeast
2023-04-23,1.59,131522.84,46032.99,46032.99,6576.14,32880.71,organic,Northeast
2023-04-23,1.15,2397267.85,839043.75,839043.75,119863.39,599316.96,conventional,Southeast
2023-04-23,1.51,134028.92,46910.12,46910.12,6701.45,33507.23,organic,Southeast
2023-04-23,1.03,2378900.74,832615.26,832615.26,118945.04,594725.19,conventional,Great_Lakes
2023-04-23,1.71,114373.92,40030.87,40030.87,5718.7,28593.48,organic,Great_Lakes
2023-04-23,1.11,2086692.35,730342.32,730342.32,104334.62,521673.09,conventional,MidSouth
2023-04-23,1.81,80475.69,28166.49,28166.49,4023.78,20118.92,organic,MidSouth
2023-04-23,1.12,3149370.0,1102279.5,1102279.5,157468.5,787342.5,conventional,SouthCentral
2023-04-23,1.32,203461.65,71211.58,71211.58,10173.08,50865.41,organic,SouthCentral
2023-04-30,1.27,2302968.65,806039.03,806039.03,115148.43,575742.16,conventional,California
2023-04-30,1.76,106062.23,37121.78,37121.78,5303.11,26515.56,organic,California
2023-04-30,1.16,3176333.16,1111716.61,1111716.61,158816.66,794083.29,conventional,West
2023-04-30,1.55,152312.66,53309.43,53309.43,7615.63,38078.17,organic,West
2023-04-30,1.11,2942955.73,1030034.51,1030034.51,147147.79,735738.93,conventional,Northeast
2023-04-30,1.69,116339.9,40718.97,40718.97,5817.0,29084.98,organic,Northeast
2023-04-30,1.31,2133693.21,746792.62,746792.62,106684.66,533423.3,conventional,Southeast
2023-04-30,1.55,116503.72,40776.3,40776.3,5825.19,29125.93,organic,Southeast
2023-04-30,1.14,2310818.04,808786.32,808786.32,115540.9,577704.51,conventional,Great_Lakes
2023-04-30,2.03,77916.5,27270.77,27270.77,3895.82,19479.12,organic,Great_Lakes
2023-04-30,0.95,2318001.42,811300.5,811300.5,115900.07,579500.36,conventional,MidSouth
2023-04-30,1.36,110270.94,38594.83,38594.83,5513.55,27567.73,organic,MidSouth
2023-04-30,0.95,3925981.02,1374093.36,1374093.36,196299.05,981495.26,conventional,SouthCentral
2023-04-30,1.42,193902.57,67865.9,67865.9,9695.13,48475.64,organic,SouthCentral
2023-05-07,1.15,2774328.9,971015.12,971015.12,138716.45,693582.23,conventional,California
2023-05-07,1.63,107414.17,37594.96,37594.96,5370.71,26853.54,organic,California
2023-05-07,1.2,3189741.27,1116409.44,1116409.44,159487.06,797435.32,conventional,West
2023-05-07,1.71,117795.95,41228.58,41228.58,5889.8,29448.99,organic,West
2023-05-07,1.01,2774124.78,970943.67,970943.67,138706.24,693531.2,conventional,Northeast
2023-05-07,1.72,119053.83,41668.84,41668.84,5952.69,29763.46,organic,Northeast
2023-05-07,1.18,2339323.42,818763.2,818763.2,116966.17,584830.85,conventional,Southeast
2023-05-07,1.76,97183.81,34014.33,34014.33,4859.19,24295.95,organic,Southeast
2023-05-07,1.08,2364827.07,827689.47,827689.47,118241.35,591206.77,conventional,Great_Lakes
2023-05-07,1.52,110033.91,38511.87,38511.87,5501.7,27508.48,organic,Great_Lakes
2023-05-07,1.18,1992942.77,697529.97,697529.97,99647.14,498235.69,conventional,MidSouth
2023-05-07,1.45,102991.05,36046.87,36046.87,5149.55,25747.76,organic,MidSouth
2023-05-07,1.3,2885336.69,1009867.84,1009867.84,144266.83,721334.17,conventional,SouthCentral
2023-05-07,1.77,134993.72,47247.8,47247.8,6749.69,33748.43,organic,SouthCentral
2023-05-14,1.28,2171726.03,760104.11,760104.11,108586.3,542931.51,conventional,California
2023-05-14,1.44,148883.5,52109.23,52109.23,7444.18,37220.88,organic,California
2023-05-14,0.93,4134751.48,1447163.02,1447163.02,206737.57,1033687.87,conventional,West
2023-05-14,1.83,106180.91,37163.32,37163.32,5309.05,26545.23,organic,West
2023-05-14,1.11,2618011.31,916303.96,916303.96,130900.57,654502.83,conventional,Northeast
2023-05-14,1.66,114256.3,39989.7,39989.7,5712.81,28564.07,organic,Northeast
2023-05-14,1.21,2097713.97,734199.89,734199.89,104885.7,524428.49,conventional,Southeast
2023-05-14,1.79,93753.64,32813.77,32813.77,4687.68,23438.41,organic,Southeast
2023-05-14,1.09,2579705.15,902896.8,902896.8,128985.26,644926.29,conventional,Great_Lakes
2023-05-14,1.45,117580.9,41153.31,41153.31,5879.04,29395.22,organic,Great_Lakes
2023-05-14,1.25,1540343.13,539120.09,539120.09,77017.16,385085.78,conventional,MidSouth
2023-05-14,1.7,82190.23,28766.58,28766.58,4109.51,20547.56,organic,MidSouth
2023-05-14,1.06,3461848.59,1211647.01,1211647.01,173092.43,865462.15,conventional,SouthCentral
2023-05-14,1.63,137313.72,48059.8,48059.8,6865.69,34328.43,organic,SouthCentral
2023-05-21,1.38,2028158.77,709855.57,709855.57,101407.94,507039.69,conventional,California
2023-05-21,1.8,102655.97,35929.59,35929.59,5132.8,25663.99,organic,California
2023-05-21,1.04,3297173.29,1154010.65,1154010.65,164858.66,824293.32,conventional,West
2023-05-21,1.75,130632.3,45721.31,45721.31,6531.62,32658.08,organic,West
2023-05-21,1.31,2728171.8,954860.13,954860.13,136408.59,682042.95,conventional,Northeast
2023-05-21,1.69,102792.94,35977.53,35977.53,5139.65,25698.24,organic,Northeast
2023-05-21,1.2,2105032.7,736761.44,736761.44,105251.63,526258.17,conventional,Southeast
2023-05-21,1.79,78927.09,27624.48,27624.48,3946.35,19731.77,organic,Southeast
2023-05-21,1.39,1835825.83,642539.04,642539.04,91791.29,458956.46,conventional,Great_Lakes
2023-05-21,1.4,116395.48,40738.42,40738.42,5819.77,29098.87,organic,Great_Lakes
2023-05-21,1.23,1820615.21,637215.32,637215.32,91030.76,455153.8,conventional,MidSouth
2023-05-21,1.46,104794.49,36678.07,36678.07,5239.72,26198.62,organic,MidSouth
2023-05-21,0.96,3955644.51,1384475.58,1384475.58,197782.23,988911.13,conventional,SouthCentral
2023-05-21,1.82,116319.16,40711.71,40711.71,5815.96,29079.79,organic,SouthCentral
2023-05-28,1.0,3265770.49,1143019.67,1143019.67,163288.52,816442.62,conventional,California
2023-05-28,1.56,141113.91,49389.87,49389.87,7055.7,35278.48,organic,California
2023-05-28,1.06,3001449.11,1050507.19,1050507.19,150072.46,750362.28,conventional,West
2023-05-28,1.35,179081.35,62678.47,62678.47,8954.07,44770.34,organic,West
2023-05-28,1.13,2339132.31,818696.31,818696.31,116956.62,584783.08,conventional,Northeast
2023-05-28,1.68,122647.43,42926.6,42926.6,6132.37,30661.86,organic,Northeast
2023-05-28,1.13,2360836.52,826292.78,826292.78,118041.83,590209.13,conventional,Southeast
2023-05-28,1.69,86680.41,30338.14,30338.14,4334.02,21670.1,organic,Southeast
2023-05-28,1.36,1698528.34,594484.92,594484.92,84926.42,424632.09,conventional,Great_Lakes
2023-05-28,1.75,96415.89,33745.56,33745.56,4820.79,24103.97,organic,Great_Lakes
2023-05-28,1.14,1924324.98,673513.74,673513.74,96216.25,481081.24,conventional,MidSouth
2023-05-28,1.69,68129.88,23845.46,23845.46,3406.49,17032.47,organic,MidSouth
2023-05-28,1.12,3120601.48,1092210.52,1092210.52,156030.07,780150.37,conventional,SouthCentral
2023-05-28,1.58,132936.55,46527.79,46527.79,6646.83,33234.14,organic,SouthCentral
2023-06-04,1.26,2547881.95,891758.68,891758.68,127394.1,636970.49,conventional,California
2023-06-04,1.8,113155.62,39604.47,39604.47,5657.78,28288.9,organic,California
2023-06-04,1.12,2652707.79,928447.73,928447.73,132635.39,663176.95,conventional,West
2023-06-04,1.53,143816.28,50335.7,50335.7,7190.81,35954.07,organic,West
2023-06-04,1.17,2280281.68,798098.59,798098.59,114014.08,570070.42,conventional,Northeast
2023-06-04,1.84,93131.55,32596.04,32596.04,4656.58,23282.89,organic,Northeast
2023-06-04,1.07,2185334.64,764867.13,764867.13,109266.73,546333.66,conventional,Southeast
2023-06-04,1.75,95688.46,33490.96,33490.96,4784.42,23922.11,organic,Southeast
2023-06-04,1.21,2212108.41,774237.94,774237.94,110605.42,553027.1,conventional,Great_Lakes
2023-06-04,1.9,76905.08,26916.78,26916.78,3845.25,19226.27,organic,Great_Lakes
2023-06-04,1.07,1662446.15,581856.15,581856.15,83122.31,415611.54,conventional,MidSouth
2023-06-04,1.59,85893.62,30062.77,30062.77,4294.68,21473.41,organic,MidSouth
2023-06-04,1.33,2527379.85,884582.95,884582.95,126368.99,631844.96,conventional,SouthCentral
2023-06-04,1.83,110789.88,38776.46,38776.46,5539.49,27697.47,organic,SouthCentral
2023-06-11,1.21,2518983.42,881644.2,881644.2,125949.17,629745.85,conventional,California
2023-06-11,1.35,146311.96,51209.19,51209.19,7315.6,36577.99,organic,California
2023-06-11,1.24,2487352.64,870573.42,870573.42,124367.63,621838.16,conventional,West
2023-06-11,1.47,112588.35,39405.92,39405.92,5629.42,28147.09,organic,West
2023-06-11,1.11,2434143.5,851950.23,851950.23,121707.18,608535.88,conventional,Northeast
2023-06-11,1.52,121564.58,42547.6,42547.6,6078.23,30391.14,organic,Northeast
2023-06-11,1.2,2098827.07,734589.47,734589.47,104941.35,524706.77,conventional,Southeast
2023-06-11,1.3,118778.05,41572.32,41572.32,5938.9,29694.51,organic,Southeast
2023-06-11,1.12,2181685.53,763589.94,763589.94,109084.28,545421.38,conventional,Great_Lakes
2023-06-11,1.72,88965.33,31137.86,31137.86,4448.27,22241.33,organic,Great_Lakes
2023-06-11,1.11,1706800.44,597380.15,597380.15,85340.02,426700.11,conventional,MidSouth
2023-06-11,1.54,90340.75,31619.26,31619.26,4517.04,22585.19,organic,MidSouth
2023-06-11,1.06,3491558.55,1222045.49,1222045.49,174577.93,872889.64,conventional,SouthCentral
2023-06-11,1.68,127873.7,44755.8,44755.8,6393.69,31968.43,organic,SouthCentral
2023-06-18,1.08,2432616.15,851415.65,851415.65,121630.81,608154.04,conventional,California
2023-06-18,1.55,120000.79,42000.28,42000.28,6000.04,30000.2,organic,California
2023-06-18,0.91,3528959.51,1235135.83,1235135.83,176447.98,882239.88,conventional,West
2023-06-18,1.79,113262.09,39641.73,39641.73,5663.1,28315.52,organic,West
2023-06-18,1.1,2493794.68,872828.14,872828.14,124689.73,623448.67,conventional,Northeast
2023-06-18,1.57,115952.92,40583.52,40583.52,5797.65,28988.23,organic,Northeast
2023-06-18,1.3,1938597.4,678509.09,678509.09,96929.87,484649.35,conventional,Southeast
2023-06-18,1.73,83803.81,29331.33,29331.33,4190.19,20950.95,organic,Southeast
2023-06-18,1.22,1627180.58,569513.2,569513.2,81359.03,406795.15,conventional,Great_Lakes
2023-06-18,1.61,99436.21,34802.67,34802.67,4971.81,24859.05,organic,Great_Lakes
2023-06-18,1.22,1638923.62,573623.27,573623.27,81946.18,409730.9,conventional,MidSouth
2023-06-18,1.69,71148.1,24901.83,24901.83,3557.4,17787.02,organic,MidSouth
2023-06-18,1.2,2571996.78,900198.87,900198.87,128599.84,642999.2,conventional,SouthCentral
2023-06-18,1.52,149851.69,52448.09,52448.09,7492.58,37462.92,organic,SouthCentral
2023-06-25,1.17,2136513.24,747779.63,747779.63,106825.66,534128.31,conventional,California
2023-06-25,1.72,115115.17,40290.31,40290.31,5755.76,28778.79,organic,California
2023-06-25,1.14,3276692.76,1146842.47,1146842.47,163834.64,819173.19,conventional,West
2023-06-25,1.55,128258.75,44890.56,44890.56,6412.94,32064.69,organic,West
2023-06-25,1.11,2441271.44,854445.0,854445.0,122063.57,610317.86,conventional,Northeast
2023-06-25,1.6,96092.53,33632.39,33632.39,4804.63,24023.13,organic,Northeast
2023-06-25,1.1,2213653.14,774778.6,774778.6,110682.66,553413.28,conventional,Southeast
2023-06-25,1.83,100339.45,35118.81,35118.81,5016.97,25084.86,organic,Southeast
2023-06-25,1.28,1651037.47,577863.12,577863.12,82551.87,412759.37,conventional,Great_Lakes
2023-06-25,1.55,98338.59,34418.51,34418.51,4916.93,24584.65,organic,Great_Lakes
2023-06-25,1.33,1383880.7,484358.24,484358.24,69194.03,345970.17,conventional,MidSouth
2023-06-25,1.45,87078.24,30477.38,30477.38,4353.91,21769.56,organic,MidSouth
2023-06-25,1.23,2867849.2,1003747.22,1003747.22,143392.46,716962.3,conventional,SouthCentral
2023-06-25,1.62,145404.85,50891.7,50891.7,7270.24,36351.21,organic,SouthCentral
2023-07-02,0.92,3094246.19,1082986.17,1082986.17,154712.31,773561.55,conventional,California
2023-07-02,1.78,86075.71,30126.5,30126.5,4303.79,21518.93,organic,California
2023-07-02,1.07,2352673.84,823435.84,823435.84,117633.69,588168.46,conventional,West
2023-07-02,1.89,84905.48,29716.92,29716.92,4245.27,21226.37,organic,West
2023-07-02,1.17,2224070.91,778424.82,778424.82,111203.55,556017.73,conventional,Northeast
2023-07-02,1.88,79355.22,27774.33,27774.33,3967.76,19838.81,organic,Northeast
2023-07-02,1.1,2090755.71,731764.5,731764.5,104537.79,522688.93,conventional,Southeast
2023-07-02,1.84,72716.07,25450.62,25450.62,3635.8,18179.02,organic,Southeast
2023-07-02,1.05,1836566.23,642798.18,642798.18,91828.31,459141.56,conventional,Great_Lakes
2023-07-02,1.47,108999.44,38149.8,38149.8,5449.97,27249.86,organic,Great_Lakes
2023-07-02,1.12,1533000.72,536550.25,536550.25,76650.04,383250.18,conventional,MidSouth
2023-07-02,1.54,77906.4,27267.24,27267.24,3895.32,19476.6,organic,MidSouth
2023-07-02,1.13,2730680.79,955738.28,955738.28,136534.04,682670.2,conventional,SouthCentral
2023-07-02,1.85,119810.06,41933.52,41933.52,5990.5,29952.52,organic,SouthCentral
2023-07-09,0.99,2888354.86,1010924.2,1010924.2,144417.74,722088.72,conventional,California
2023-07-09,1.53,114040.3,39914.1,39914.1,5702.01,28510.07,organic,California
2023-07-09,1.18,2363860.61,827351.21,827351.21,118193.03,590965.15,conventional,West
2023-07-09,1.68,115844.45,40545.56,40545.56,5792.22,28961.11,organic,West
2023-07-09,1.18,2000890.93,700311.83,700311.83,100044.55,500222.73,conventional,Northeast
2023-07-09,1.56,92471.7,32365.1,32365.1,4623.59,23117.93,organic,Northeast
2023-07-09,1.06,2501864.8,875652.68,875652.68,125093.24,625466.2,conventional,Southeast
2023-07-09,1.53,86655.53,30329.44,30329.44,4332.78,21663.88,organic,Southeast
2023-07-09,1.18,1785459.39,624910.79,624910.79,89272.97,446364.85,conventional,Great_Lakes
2023-07-09,1.62,99105.73,34687.01,34687.01,4955.29,24776.43,organic,Great_Lakes
2023-07-09,1.2,1404634.8,491622.18,491622.18,70231.74,351158.7,conventional,MidSouth
2023-07-09,1.59,70444.15,24655.45,24655.45,3522.21,17611.04,organic,MidSouth
2023-07-09,1.24,2420101.3,847035.45,847035.45,121005.06,605025.32,conventional,SouthCentral
2023-07-09,1.38,158817.38,55586.08,55586.08,7940.87,39704.34,organic,SouthCentral
2023-07-16,1.0,3320203.36,1162071.18,1162071.18,166010.17,830050.84,conventional,California
2023-07-16,1.51,118291.54,41402.04,41402.04,5914.58,29572.88,organic,California
2023-07-16,1.18,2362307.99,826807.8,826807.8,118115.4,590577.0,conventional,West
2023-07-16,1.61,121305.97,42457.09,42457.09,6065.3,30326.49,organic,West
2023-07-16,1.3,1978986.9,692645.41,692645.41,98949.34,494746.72,conventional,Northeast
2023-07-16,1.87,72870.96,25504.83,25504.83,3643.55,18217.74,organic,Northeast
2023-07-16,1.18,1900311.68,665109.09,665109.09,95015.58,475077.92,conventional,Southeast
2023-07-16,1.7,95553.68,33443.79,33443.79,4777.68,23888.42,organic,Southeast
2023-07-16,1.13,1848910.76,647118.77,647118.77,92445.54,462227.69,conventional,Great_Lakes
2023-07-16,1.73,65329.73,22865.41,22865.41,3266.49,16332.43,organic,Great_Lakes
2023-07-16,1.13,1577373.31,552080.66,552080.66,78868.67,394343.33,conventional,MidSouth
2023-07-16,1.51,88483.99,30969.4,30969.4,4424.2,22121.0,organic,MidSouth
2023-07-16,1.04,3035497.97,1062424.29,1062424.29,151774.9,758874.49,conventional,SouthCentral
2023-07-16,1.69,134499.13,47074.69,47074.69,6724.96,33624.78,organic,SouthCentral
2023-07-23,1.15,2514285.26,879999.84,879999.84,125714.26,628571.31,conventional,California
2023-07-23,1.76,96664.24,33832.48,33832.48,4833.21,24166.06,organic,California
2023-07-23,1.04,2509634.53,878372.08,878372.08,125481.73,627408.63,conventional,West
2023-07-23,1.67,104306.08,36507.13,36507.13,5215.3,26076.52,organic,West
2023-07-23,1.24,2096977.53,733942.14,733942.14,104848.88,524244.38,conventional,Northeast
2023-07-23,1.62,89312.21,31259.27,31259.27,4465.61,22328.05,organic,Northeast
2023-07-23,1.2,1695323.37,593363.18,593363.18,84766.17,423830.84,conventional,Southeast
2023-07-23,1.54,88095.09,30833.28,30833.28,4404.75,22023.77,organic,Southeast
2023-07-23,1.14,2078332.74,727416.46,727416.46,103916.64,519583.18,conventional,Great_Lakes
2023-07-23,1.65,80217.09,28075.98,28075.98,4010.85,20054.27,organic,Great_Lakes
2023-07-23,1.0,1939754.81,678914.18,678914.18,96987.74,484938.7,conventional,MidSouth
2023-07-23,1.53,78900.18,27615.06,27615.06,3945.01,19725.05,organic,MidSouth
2023-07-23,1.11,3023032.98,1058061.54,1058061.54,151151.65,755758.25,conventional,SouthCentral
2023-07-23,1.63,124134.86,43447.2,43447.2,6206.74,31033.71,organic,SouthCentral
2023-07-30,1.2,2618992.16,916647.25,916647.25,130949.61,654748.04,conventional,California
2023-07-30,1.78,92401.77,32340.62,32340.62,4620.09,23100.44,organic,California
2023-07-30,1.15,2382500.4,833875.14,833875.14,119125.02,595625.1,conventional,West
2023-07-30,1.51,121056.96,42369.94,42369.94,6052.85,30264.24,organic,West
2023-07-30,1.07,2499534.81,874837.18,874837.18,124976.74,624883.7,conventional,Northeast
2023-07-30,1.49,130259.07,45590.68,45590.68,6512.95,32564.77,organic,Northeast
2023-07-30,1.23,1796938.67,628928.53,628928.53,89846.93,449234.67,conventional,Southeast
2023-07-30,1.65,82551.42,28893.0,28893.0,4127.57,20637.85,organic,Southeast
2023-07-30,1.18,1975525.8,691434.03,691434.03,98776.29,493881.45,conventional,Great_Lakes
2023-07-30,1.54,79369.84,27779.45,27779.45,3968.49,19842.46,organic,Great_Lakes
2023-07-30,1.22,1480295.38,518103.38,518103.38,74014.77,370073.84,conventional,MidSouth
2023-07-30,1.48,76234.53,26682.09,26682.09,3811.73,19058.63,organic,MidSouth
2023-07-30,1.06,2826924.52,989423.58,989423.58,141346.23,706731.13,conventional,SouthCentral
2023-07-30,1.6,124438.47,43553.46,43553.46,6221.92,31109.62,organic,SouthCentral
2023-08-06,1.08,2218705.96,776547.09,776547.09,110935.3,554676.49,conventional,California
2023-08-06,1.62,103401.61,36190.56,36190.56,5170.08,25850.4,organic,California
2023-08-06,1.12,2656081.56,929628.55,929628.55,132804.08,664020.39,conventional,West
2023-08-06,1.73,83767.59,29318.66,29318.66,4188.38,20941.9,organic,West
2023-08-06,1.2,2031024.36,710858.53,710858.53,101551.22,507756.09,conventional,Northeast
2023-08-06,1.58,84124.44,29443.55,29443.55,4206.22,21031.11,organic,Northeast
2023-08-06,1.15,1823838.94,638343.63,638343.63,91191.95,455959.73,conventional,Southeast
2023-08-06,1.48,83446.45,29206.26,29206.26,4172.32,20861.61,organic,Southeast
2023-08-06,1.14,1737629.32,608170.26,608170.26,86881.47,434407.33,conventional,Great_Lakes
2023-08-06,1.59,82834.69,28992.14,28992.14,4141.73,20708.67,organic,Great_Lakes
2023-08-06,1.04,1600823.0,560288.05,560288.05,80041.15,400205.75,conventional,MidSouth
2023-08-06,1.73,59077.15,20677.0,20677.0,2953.86,14769.29,organic,MidSouth
2023-08-06,0.98,2996603.92,1048811.37,1048811.37,149830.2,749150.98,conventional,SouthCentral
2023-08-06,1.49,137650.09,48177.53,48177.53,6882.5,34412.52,organic,SouthCentral
2023-08-13,1.18,1854976.2,649241.67,649241.67,92748.81,463744.05,conventional,California
2023-08-13,1.76,79759.73,27915.91,27915.91,3987.99,19939.93,organic,California
2023-08-13,1.31,1986678.55,695337.49,695337.49,99333.93,496669.64,conventional,West
2023-08-13,1.46,112286.27,39300.2,39300.2,5614.31,28071.57,organic,West
2023-08-13,1.18,1910158.8,668555.58,668555.58,95507.94,477539.7,conventional,Northeast
2023-08-13,1.64,109491.61,38322.06,38322.06,5474.58,27372.9,organic,Northeast
2023-08-13,1.08,1985056.66,694769.83,694769.83,99252.83,496264.17,conventional,Southeast
2023-08-13,1.86,70312.8,24609.48,24609.48,3515.64,17578.2,organic,Southeast
2023-08-13,0.99,2203716.44,771300.75,771300.75,110185.82,550929.11,conventional,Great_Lakes
2023-08-13,1.48,107283.93,37549.37,37549.37,5364.2,26820.98,organic,Great_Lakes
2023-08-13,1.07,2033294.59,711653.11,711653.11,101664.73,508323.65,conventional,MidSouth
2023-08-13,1.87,50267.97,17593.79,17593.79,2513.4,12566.99,organic,MidSouth
2023-08-13,1.15,2710212.51,948574.38,948574.38,135510.63,677553.13,conventional,SouthCentral
2023-08-13,1.77,108362.37,37926.83,37926.83,5418.12,27090.59,organic,SouthCentral
2023-08-20,1.28,1907376.78,667581.87,667581.87,95368.84,476844.2,conventional,California
2023-08-20,1.59,100132.83,35046.49,35046.49,5006.64,25033.21,organic,California
2023-08-20,1.24,2200155.11,770054.29,770054.29,110007.76,550038.78,conventional,West
2023-08-20,1.69,109418.8,38296.58,38296.58,5470.94,27354.7,organic,West
2023-08-20,0.94,2680827.64,938289.67,938289.67,134041.38,670206.91,conventional,Northeast
2023-08-20,1.68,105498.82,36924.59,36924.59,5274.94,26374.71,organic,Northeast
2023-08-20,1.0,2472655.73,865429.51,865429.51,123632.79,618163.93,conventional,Southeast
2023-08-20,1.66,85340.91,29869.32,29869.32,4267.05,21335.23,organic,Southeast
2023-08-20,1.32,1547159.95,541505.98,541505.98,77358.0,386789.99,conventional,Great_Lakes
2023-08-20,1.71,76537.78,26788.22,26788.22,3826.89,19134.44,organic,Great_Lakes
2023-08-20,1.1,1538338.19,538418.37,538418.37,76916.91,384584.55,conventional,MidSouth
2023-08-20,1.54,72333.73,25316.81,25316.81,3616.69,18083.43,organic,MidSouth
2023-08-20,0.92,3515047.65,1230266.68,1230266.68,175752.38,878761.91,conventional,SouthCentral
2023-08-20,1.63,113018.09,39556.33,39556.33,5650.9,28254.52,organic,SouthCentral
2023-08-27,1.17,1908679.9,668037.97,668037.97,95434.0,477169.98,conventional,California
2023-08-27,1.94,76527.49,26784.62,26784.62,3826.37,19131.87,organic,California
2023-08-27,1.14,2199036.28,769662.7,769662.7,109951.81,549759.07,conventional,West
2023-08-27,1.65,120337.12,42117.99,42117.99,6016.86,30084.28,organic,West
2023-08-27,1.25,1966601.68,688310.59,688310.59,98330.08,491650.42,conventional,Northeast
2023-08-27,1.73,82496.83,28873.89,28873.89,4124.84,20624.21,organic,Northeast
2023-08-27,1.0,2127275.36,744546.38,744546.38,106363.77,531818.84,conventional,Southeast
2023-08-27,1.61,94197.77,32969.22,32969.22,4709.89,23549.44,organic,Southeast
2023-08-27,1.18,1929796.86,675428.9,675428.9,96489.84,482449.22,conventional,Great_Lakes
2023-08-27,1.83,64491.22,22571.93,22571.93,3224.56,16122.81,organic,Great_Lakes
2023-08-27,0.97,2018365.8,706428.03,706428.03,100918.29,504591.45,conventional,MidSouth
2023-08-27,1.85,48108.44,16837.95,16837.95,2405.42,12027.11,organic,MidSouth
2023-08-27,1.3,2259937.94,790978.28,790978.28,112996.9,564984.49,conventional,SouthCentral
2023-08-27,1.67,132184.72,46264.65,46264.65,6609.24,33046.18,organic,SouthCentral
2023-09-03,1.28,1964560.49,687596.17,687596.17,98228.02,491140.12,conventional,California
2023-09-03,1.72,96102.6,33635.91,33635.91,4805.13,24025.65,organic,California
2023-09-03,1.11,2376859.82,831900.94,831900.94,118842.99,594214.95,conventional,West
2023-09-03,1.51,112908.25,39517.89,39517.89,5645.41,28227.06,organic,West
2023-09-03,1.11,1977976.26,692291.69,692291.69,98898.81,494494.06,conventional,Northeast
2023-09-03,1.67,85373.33,29880.67,29880.67,4268.67,21343.33,organic,Northeast
2023-09-03,1.2,1485648.6,519977.01,519977.01,74282.43,371412.15,conventional,Southeast
2023-09-03,1.63,82543.74,28890.31,28890.31,4127.19,20635.94,organic,Southeast
2023-09-03,1.12,1748370.83,611929.79,611929.79,87418.54,437092.71,conventional,Great_Lakes
2023-09-03,1.41,100774.67,35271.14,35271.14,5038.73,25193.67,organic,Great_Lakes
2023-09-03,1.21,1386700.88,485345.31,485345.31,69335.04,346675.22,conventional,MidSouth
2023-09-03,1.81,57185.18,20014.81,20014.81,2859.26,14296.29,organic,MidSouth
2023-09-03,1.2,2403802.93,841331.03,841331.03,120190.15,600950.73,conventional,SouthCentral
2023-09-03,1.75,87570.25,30649.59,30649.59,4378.51,21892.56,organic,SouthCentral
2023-09-10,1.06,2689761.33,941416.47,941416.47,134488.07,672440.33,conventional,California
2023-09-10,1.28,138756.03,48564.61,48564.61,6937.8,34689.01,organic,California
2023-09-10,1.27,2007984.99,702794.75,702794.75,100399.25,501996.25,conventional,West
2023-09-10,1.59,110025.15,38508.8,38508.8,5501.26,27506.29,organic,West
2023-09-10,1.11,2083085.66,729079.98,729079.98,104154.28,520771.42,conventional,Northeast
2023-09-10,1.55,110502.75,38675.96,38675.96,5525.14,27625.69,organic,Northeast
2023-09-10,1.29,1525840.62,534044.22,534044.22,76292.03,381460.15,conventional,Southeast
2023-09-10,1.44,93162.0,32606.7,32606.7,4658.1,23290.5,organic,Southeast
2023-09-10,1.13,1820026.32,637009.21,637009.21,91001.32,455006.58,conventional,Great_Lakes
2023-09-10,1.5,82357.13,28824.99,28824.99,4117.86,20589.28,organic,Great_Lakes
2023-09-10,1.2,1457506.95,510127.43,510127.43,72875.35,364376.74,conventional,MidSouth
2023-09-10,1.56,61278.08,21447.33,21447.33,3063.9,15319.52,organic,MidSouth
2023-09-10,1.48,1942931.39,680025.99,680025.99,97146.57,485732.85,conventional,SouthCentral
2023-09-10,1.61,127086.71,44480.35,44480.35,6354.34,31771.68,organic,SouthCentral
2023-09-17,1.14,2326500.28,814275.1,814275.1,116325.01,581625.07,conventional,California
2023-09-17,1.67,95059.67,33270.88,33270.88,4752.98,23764.92,organic,California
2023-09-17,1.14,2059670.82,720884.79,720884.79,102983.54,514917.7,conventional,West
2023-09-17,1.94,73253.13,25638.6,25638.6,3662.66,18313.28,organic,West
2023-09-17,1.01,2299509.8,804828.43,804828.43,114975.49,574877.45,conventional,Northeast
2023-09-17,1.51,102513.04,35879.57,35879.57,5125.65,25628.26,organic,Northeast
2023-09-17,1.22,1796942.83,628929.99,628929.99,89847.14,449235.71,conventional,Southeast
2023-09-17,1.77,69888.04,24460.81,24460.81,3494.4,17472.01,organic,Southeast
2023-09-17,1.15,1760325.75,616114.01,616114.01,88016.29,440081.44,conventional,Great_Lakes
2023-09-17,1.39,105852.11,37048.24,37048.24,5292.61,26463.03,organic,Great_Lakes
2023-09-17,1.0,1990786.43,696775.25,696775.25,99539.32,497696.61,conventional,MidSouth
2023-09-17,1.59,66633.36,23321.68,23321.68,3331.67,16658.34,organic,MidSouth
2023-09-17,1.07,2590210.73,906573.76,906573.76,129510.54,647552.68,conventional,SouthCentral
2023-09-17,1.99,93062.02,32571.71,32571.71,4653.1,23265.51,organic,SouthCentral
2023-09-24,1.0,2893873.39,1012855.69,1012855.69,144693.67,723468.35,conventional,California
2023-09-24,1.83,80186.56,28065.3,28065.3,4009.33,20046.64,organic,California
2023-09-24,1.18,2207441.35,772604.47,772604.47,110372.07,551860.34,conventional,West
2023-09-24,1.95,74028.68,25910.04,25910.04,3701.43,18507.17,organic,West
2023-09-24,1.16,1900991.56,665347.04,665347.04,95049.58,475247.89,conventional,Northeast
2023-09-24,1.44,137895.72,48263.5,48263.5,6894.79,34473.93,organic,Northeast
2023-09-24,1.03,2079647.83,727876.74,727876.74,103982.39,519911.96,conventional,Southeast
2023-09-24,1.39,99796.07,34928.62,34928.62,4989.8,24949.02,organic,Southeast
2023-09-24,1.19,1532995.91,536548.57,536548.57,76649.8,383248.98,conventional,Great_Lakes
2023-09-24,1.74,69335.17,24267.31,24267.31,3466.76,17333.79,organic,Great_Lakes
2023-09-24,1.27,1411613.07,494064.57,494064.57,70580.65,352903.27,conventional,MidSouth
2023-09-24,1.56,70202.85,24571.0,24571.0,3510.14,17550.71,organic,MidSouth
2023-09-24,1.17,2573601.45,900760.51,900760.51,128680.07,643400.36,conventional,SouthCentral
2023-09-24,1.65,114224.86,39978.7,39978.7,5711.24,28556.21,organic,SouthCentral
2023-10-01,1.13,2272132.4,795246.34,795246.34,113606.62,568033.1,conventional,California
2023-10-01,1.84,88910.3,31118.61,31118.61,4445.52,22227.58,organic,California
2023-10-01,1.22,2300560.31,805196.11,805196.11,115028.02,575140.08,conventional,West
2023-10-01,1.63,110815.61,38785.46,38785.46,5540.78,27703.9,organic,West
2023-10-01,1.04,2562967.81,897038.73,897038.73,128148.39,640741.95,conventional,Northeast
2023-10-01,1.23,141195.39,49418.39,49418.39,7059.77,35298.85,organic,Northeast
2023-10-01,1.26,1455121.74,509292.61,509292.61,72756.09,363780.43,conventional,Southeast
2023-10-01,1.71,72702.67,25445.93,25445.93,3635.13,18175.67,organic,Southeast
2023-10-01,1.11,1970001.42,689500.5,689500.5,98500.07,492500.36,conventional,Great_Lakes
2023-10-01,1.68,62613.31,21914.66,21914.66,3130.67,15653.33,organic,Great_Lakes
2023-10-01,1.05,1765142.61,617799.91,617799.91,88257.13,441285.65,conventional,MidSouth
2023-10-01,1.72,73675.46,25786.41,25786.41,3683.77,18418.86,organic,MidSouth
2023-10-01,1.32,2097689.45,734191.31,734191.31,104884.47,524422.36,conventional,SouthCentral
2023-10-01,2.03,84721.7,29652.6,29652.6,4236.09,21180.43,organic,SouthCentral
2023-10-08,1.05,2324129.46,813445.31,813445.31,116206.47,581032.36,conventional,California
2023-10-08,1.31,163276.01,57146.6,57146.6,8163.8,40819.0,organic,California
2023-10-08,1.31,1832579.78,641402.92,641402.92,91628.99,458144.95,conventional,West
2023-10-08,1.62,109489.13,38321.2,38321.2,5474.46,27372.28,organic,West
2023-10-08,1.05,1982504.71,693876.65,693876.65,99125.24,495626.18,conventional,Northeast
2023-10-08,1.62,91669.22,32084.23,32084.23,4583.46,22917.3,organic,Northeast
2023-10-08,1.11,1940997.72,679349.2,679349.2,97049.89,485249.43,conventional,Southeast
2023-10-08,1.86,66315.6,23210.46,23210.46,3315.78,16578.9,organic,Southeast
2023-10-08,1.17,1824624.07,638618.42,638618.42,91231.2,456156.02,conventional,Great_Lakes
2023-10-08,1.73,68855.86,24099.55,24099.55,3442.79,17213.97,organic,Great_Lakes
2023-10-08,1.16,1510837.76,528793.22,528793.22,75541.89,377709.44,conventional,MidSouth
2023-10-08,1.48,87667.9,30683.77,30683.77,4383.4,21916.98,organic,MidSouth
2023-10-08,1.29,2084291.66,729502.08,729502.08,104214.58,521072.91,conventional,SouthCentral
2023-10-08,1.68,119405.26,41791.84,41791.84,5970.26,29851.31,organic,SouthCentral
2023-10-15,1.1,2420674.85,847236.2,847236.2,121033.74,605168.71,conventional,California
2023-10-15,1.67,83215.54,29125.44,29125.44,4160.78,20803.89,organic,California
2023-10-15,1.2,2038771.14,713569.9,713569.9,101938.56,509692.79,conventional,West
2023-10-15,1.79,86907.45,30417.61,30417.61,4345.37,21726.86,organic,West
2023-10-15,1.13,2323797.99,813329.3,813329.3,116189.9,580949.5,conventional,Northeast
2023-10-15,1.72,77260.17,27041.06,27041.06,3863.01,19315.04,organic,Northeast
2023-10-15,1.05,1954206.71,683972.35,683972.35,97710.34,488551.68,conventional,Southeast
2023-10-15,1.71,80717.93,28251.27,28251.27,4035.9,20179.48,organic,Southeast
2023-10-15,1.07,1756657.12,614829.99,614829.99,87832.86,439164.28,conventional,Great_Lakes
2023-10-15,1.69,74520.96,26082.34,26082.34,3726.05,18630.24,organic,Great_Lakes
2023-10-15,1.37,1182132.85,413746.5,413746.5,59106.64,295533.21,conventional,MidSouth
2023-10-15,1.92,46470.92,16264.82,16264.82,2323.55,11617.73,organic,MidSouth
2023-10-15,0.99,2810015.3,983505.36,983505.36,140500.77,702503.83,conventional,SouthCentral
2023-10-15,1.83,117461.59,41111.56,41111.56,5873.08,29365.4,organic,SouthCentral
2023-10-22,1.07,2307032.52,807461.38,807461.38,115351.63,576758.13,conventional,California
2023-10-22,1.47,97289.35,34051.27,34051.27,4864.47,24322.34,organic,California
2023-10-22,1.22,2206466.41,772263.24,772263.24,110323.32,551616.6,conventional,West
2023-10-22,1.65,91234.02,31931.91,31931.91,4561.7,22808.5,organic,West
2023-10-22,1.31,1663391.5,582187.02,582187.02,83169.57,415847.87,conventional,Northeast
2023-10-22,1.73,74055.75,25919.51,25919.51,3702.79,18513.94,organic,Northeast
2023-10-22,1.13,1909095.32,668183.36,668183.36,95454.77,477273.83,conventional,Southeast
2023-10-22,1.7,79799.47,27929.81,27929.81,3989.97,19949.87,organic,Southeast
2023-10-22,1.2,1519747.72,531911.7,531911.7,75987.39,379936.93,conventional,Great_Lakes
2023-10-22,1.68,77624.33,27168.51,27168.51,3881.22,19406.08,organic,Great_Lakes
2023-10-22,1.17,1433543.48,501740.22,501740.22,71677.17,358385.87,conventional,MidSouth
2023-10-22,1.46,69241.25,24234.44,24234.44,3462.06,17310.31,organic,MidSouth
2023-10-22,0.93,3566721.49,1248352.52,1248352.52,178336.07,891680.37,conventional,SouthCentral
2023-10-22,1.77,112169.61,39259.36,39259.36,5608.48,28042.4,organic,SouthCentral
2023-10-29,1.18,1788181.4,625863.49,625863.49,89409.07,447045.35,conventional,California
2023-10-29,1.5,116087.38,40630.58,40630.58,5804.37,29021.85,organic,California
2023-10-29,1.16,2263320.34,792162.12,792162.12,113166.02,565830.08,conventional,West
2023-10-29,1.71,100137.72,35048.2,35048.2,5006.89,25034.43,organic,West
2023-10-29,1.16,1918572.61,671500.41,671500.41,95928.63,479643.15,conventional,Northeast
2023-10-29,1.8,77477.51,27117.13,27117.13,3873.88,19369.38,organic,Northeast
2023-10-29,1.02,2002642.75,700924.96,700924.96,100132.14,500660.69,conventional,Southeast
2023-10-29,1.6,95172.43,33310.35,33310.35,4758.62,23793.11,organic,Southeast
2023-10-29,1.15,1735552.41,607443.34,607443.34,86777.62,433888.1,conventional,Great_Lakes
2023-10-29,1.46,102152.37,35753.33,35753.33,5107.62,25538.09,organic,Great_Lakes
2023-10-29,1.08,1559309.94,545758.48,545758.48,77965.5,389827.49,conventional,MidSouth
2023-10-29,1.87,57189.23,20016.23,20016.23,2859.46,14297.31,organic,MidSouth
2023-10-29,0.99,2686357.24,940225.03,940225.03,134317.86,671589.31,conventional,SouthCentral
2023-10-29,1.64,102718.93,35951.63,35951.63,5135.95,25679.73,organic,SouthCentral
2023-11-05,1.21,2183111.64,764089.07,764089.07,109155.58,545777.91,conventional,California
2023-11-05,1.67,95435.97,33402.59,33402.59,4771.8,23858.99,organic,California
2023-11-05,1.32,2615994.47,915598.06,915598.06,130799.72,653998.62,conventional,West
2023-11-05,1.61,120281.53,42098.53,42098.53,6014.08,30070.38,organic,West
2023-11-05,1.16,2107782.09,737723.73,737723.73,105389.1,526945.52,conventional,Northeast
2023-11-05,1.53,98692.58,34542.4,34542.4,4934.63,24673.15,organic,Northeast
2023-11-05,1.04,2284182.88,799464.01,799464.01,114209.14,571045.72,conventional,Southeast
2023-11-05,1.57,72526.86,25384.4,25384.4,3626.34,18131.71,organic,Southeast
2023-11-05,1.19,1772341.44,620319.5,620319.5,88617.07,443085.36,conventional,Great_Lakes
2023-11-05,1.85,73145.17,25600.81,25600.81,3657.26,18286.29,organic,Great_Lakes
2023-11-05,1.0,1543648.15,540276.85,540276.85,77182.41,385912.04,conventional,MidSouth
2023-11-05,1.54,72602.85,25411.0,25411.0,3630.14,18150.71,organic,MidSouth
2023-11-05,1.24,2461717.69,861601.19,861601.19,123085.88,615429.42,conventional,SouthCentral
2023-11-05,1.82,92392.53,32337.38,32337.38,4619.63,23098.13,organic,SouthCentral
2023-11-12,1.25,2231957.13,781185.0,781185.0,111597.86,557989.28,conventional,California
2023-11-12,1.35,162036.95,56712.93,56712.93,8101.85,40509.24,organic,California
2023-11-12,1.16,2538905.1,888616.78,888616.78,126945.25,634726.27,conventional,West
2023-11-12,1.52,143511.19,50228.92,50228.92,7175.56,35877.8,organic,West
2023-11-12,1.03,2663286.7,932150.35,932150.35,133164.34,665821.68,conventional,Northeast
2023-11-12,1.77,79613.3,27864.65,27864.65,3980.66,19903.32,organic,Northeast
2023-11-12,1.35,1621353.28,567473.65,567473.65,81067.66,405338.32,conventional,Southeast
2023-11-12,1.75,68707.84,24047.74,24047.74,3435.39,17176.96,organic,Southeast
2023-11-12,1.36,1368285.14,478899.8,478899.8,68414.26,342071.28,conventional,Great_Lakes
2023-11-12,1.8,66371.59,23230.06,23230.06,3318.58,16592.9,organic,Great_Lakes
2023-11-12,1.09,1773124.7,620593.64,620593.64,88656.23,443281.17,conventional,MidSouth
2023-11-12,1.8,53783.34,18824.17,18824.17,2689.17,13445.83,organic,MidSouth
2023-11-12,1.26,2639147.09,923701.48,923701.48,131957.35,659786.77,conventional,SouthCentral
2023-11-12,1.51,163893.52,57362.73,57362.73,8194.68,40973.38,organic,SouthCentral
2023-11-19,1.0,2625543.03,918940.06,918940.06,131277.15,656385.76,conventional,California
2023-11-19,1.72,90217.32,31576.06,31576.06,4510.87,22554.33,organic,California
2023-11-19,1.18,2463100.49,862085.17,862085.17,123155.02,615775.12,conventional,West
2023-11-19,1.62,124589.28,43606.25,43606.25,6229.46,31147.32,organic,West
2023-11-19,1.13,2271749.68,795112.39,795112.39,113587.48,567937.42,conventional,Northeast
2023-11-19,1.82,91183.59,31914.26,31914.26,4559.18,22795.9,organic,Northeast
2023-11-19,1.23,1630764.5,570767.58,570767.58,81538.23,407691.13,conventional,Southeast
2023-11-19,1.73,74547.39,26091.59,26091.59,3727.37,18636.85,organic,Southeast
2023-11-19,1.02,2148439.79,751953.93,751953.93,107421.99,537109.95,conventional,Great_Lakes
2023-11-19,1.51,103142.39,36099.84,36099.84,5157.12,25785.6,organic,Great_Lakes
2023-11-19,1.23,1224743.6,428660.26,428660.26,61237.18,306185.9,conventional,MidSouth
2023-11-19,1.53,67863.61,23752.26,23752.26,3393.18,16965.9,organic,MidSouth
2023-11-19,1.1,2967851.47,1038748.01,1038748.01,148392.57,741962.87,conventional,SouthCentral
2023-11-19,1.61,119116.0,41690.6,41690.6,5955.8,29779.0,organic,SouthCentral
2023-11-26,1.28,1694978.13,593242.34,593242.34,84748.91,423744.53,conventional,California
2023-11-26,1.84,84541.96,29589.69,29589.69,4227.1,21135.49,organic,California
2023-11-26,1.14,2403237.65,841133.18,841133.18,120161.88,600809.41,conventional,West
2023-11-26,1.88,81131.18,28395.91,28395.91,4056.56,20282.79,organic,West
2023-11-26,1.15,2265681.28,792988.45,792988.45,113284.06,566420.32,conventional,Northeast
2023-11-26,1.41,113076.77,39576.87,39576.87,5653.84,28269.19,organic,Northeast
2023-11-26,1.14,1838416.47,643445.77,643445.77,91920.82,459604.12,conventional,Southeast
2023-11-26,1.53,94609.95,33113.48,33113.48,4730.5,23652.49,organic,Southeast
2023-11-26,1.21,1693339.73,592668.91,592668.91,84666.99,423334.93,conventional,Great_Lakes
2023-11-26,1.81,65911.09,23068.88,23068.88,3295.55,16477.77,organic,Great_Lakes
2023-11-26,1.02,2093132.92,732596.52,732596.52,104656.65,523283.23,conventional,MidSouth
2023-11-26,1.55,67186.68,23515.34,23515.34,3359.33,16796.67,organic,MidSouth
2023-11-26,0.98,3638016.64,1273305.82,1273305.82,181900.83,909504.16,conventional,SouthCentral
2023-11-26,1.6,124907.44,43717.61,43717.61,6245.37,31226.86,organic,SouthCentral
2023-12-03,1.13,2779777.03,972921.96,972921.96,138988.85,694944.26,conventional,California
2023-12-03,1.62,146725.68,51353.99,51353.99,7336.28,36681.42,organic,California
2023-12-03,1.16,2883301.17,1009155.41,1009155.41,144165.06,720825.29,conventional,West
2023-12-03,1.77,108245.03,37885.76,37885.76,5412.25,27061.26,organic,West
2023-12-03,1.09,2577864.0,902252.4,902252.4,128893.2,644466.0,conventional,Northeast
2023-12-03,1.73,93244.98,32635.74,32635.74,4662.25,23311.25,organic,Northeast
2023-12-03,1.17,2276260.36,796691.13,796691.13,113813.02,569065.09,conventional,Southeast
2023-12-03,1.96,79357.34,27775.07,27775.07,3967.87,19839.34,organic,Southeast
2023-12-03,1.34,1588452.91,555958.52,555958.52,79422.65,397113.23,conventional,Great_Lakes
2023-12-03,1.76,94386.94,33035.43,33035.43,4719.35,23596.74,organic,Great_Lakes
2023-12-03,1.06,1787881.72,625758.6,625758.6,89394.09,446970.43,conventional,MidSouth
2023-12-03,1.91,54952.58,19233.4,19233.4,2747.63,13738.15,organic,MidSouth
2023-12-03,1.02,3877919.68,1357271.89,1357271.89,193895.98,969479.92,conventional,SouthCentral
2023-12-03,1.83,118146.54,41351.29,41351.29,5907.33,29536.63,organic,SouthCentral
2023-12-10,1.15,2444416.3,855545.7,855545.7,122220.81,611104.07,conventional,California
2023-12-10,1.69,127675.72,44686.5,44686.5,6383.79,31918.93,organic,California
2023-12-10,1.17,3114720.21,1090152.07,1090152.07,155736.01,778680.05,conventional,West
2023-12-10,1.52,136972.56,47940.4,47940.4,6848.63,34243.14,organic,West
2023-12-10,1.11,2246397.49,786239.12,786239.12,112319.87,561599.37,conventional,Northeast
2023-12-10,1.63,112532.01,39386.2,39386.2,5626.6,28133.0,organic,Northeast
2023-12-10,1.2,2361987.74,826695.71,826695.71,118099.39,590496.94,conventional,Southeast
2023-12-10,1.72,99497.48,34824.12,34824.12,4974.87,24874.37,organic,Southeast
2023-12-10,1.16,2288386.92,800935.42,800935.42,114419.35,572096.73,conventional,Great_Lakes
2023-12-10,2.01,71063.61,24872.26,24872.26,3553.18,17765.9,organic,Great_Lakes
2023-12-10,1.05,1799270.76,629744.77,629744.77,89963.54,449817.69,conventional,MidSouth
2023-12-10,1.69,76073.47,26625.71,26625.71,3803.67,19018.37,organic,MidSouth
2023-12-10,1.22,2832547.77,991391.72,991391.72,141627.39,708136.94,conventional,SouthCentral
2023-12-10,1.65,123847.95,43346.78,43346.78,6192.4,30961.99,organic,SouthCentral
2023-12-17,1.19,2799525.91,979834.07,979834.07,139976.3,699881.48,conventional,California
2023-12-17,1.8,104578.74,36602.56,36602.56,5228.94,26144.69,organic,California
2023-12-17,1.25,2343353.56,820173.74,820173.74,117167.68,585838.39,conventional,West
2023-12-17,1.57,120325.1,42113.78,42113.78,6016.25,30081.27,organic,West
2023-12-17,1.14,2304466.86,806563.4,806563.4,115223.34,576116.72,conventional,Northeast
2023-12-17,1.83,86195.91,30168.57,30168.57,4309.8,21548.98,organic,Northeast
2023-12-17,1.07,2684358.0,939525.3,939525.3,134217.9,671089.5,conventional,Southeast
2023-12-17,1.58,102039.19,35713.72,35713.72,5101.96,25509.8,organic,Southeast
2023-12-17,1.2,1753672.56,613785.39,613785.39,87683.63,438418.14,conventional,Great_Lakes
2023-12-17,1.84,82300.48,28805.17,28805.17,4115.02,20575.12,organic,Great_Lakes
2023-12-17,1.31,1356968.02,474938.81,474938.81,67848.4,339242.01,conventional,MidSouth
2023-12-17,1.66,74775.47,26171.41,26171.41,3738.77,18693.87,organic,MidSouth
2023-12-17,1.18,2542968.19,890038.87,890038.87,127148.41,635742.05,conventional,SouthCentral
2023-12-17,1.67,112836.73,39492.85,39492.85,5641.84,28209.18,organic,SouthCentral
2023-12-24,1.19,2044724.53,715653.59,715653.59,102236.23,511181.13,conventional,California
2023-12-24,1.37,162033.5,56711.73,56711.73,8101.68,40508.38,organic,California
2023-12-24,1.1,2638784.4,923574.54,923574.54,131939.22,659696.1,conventional,West
2023-12-24,1.84,105930.24,37075.58,37075.58,5296.51,26482.56,organic,West
2023-12-24,1.24,2117524.01,741133.4,741133.4,105876.2,529381.0,conventional,Northeast
2023-12-24,2.05,71737.45,25108.11,25108.11,3586.87,17934.36,organic,Northeast
2023-12-24,1.32,1750909.33,612818.27,612818.27,87545.47,437727.33,conventional,Southeast
2023-12-24,1.4,126461.95,44261.68,44261.68,6323.1,31615.49,organic,Southeast
2023-12-24,1.18,1791238.16,626933.36,626933.36,89561.91,447809.54,conventional,Great_Lakes
2023-12-24,1.51,103049.14,36067.2,36067.2,5152.46,25762.29,organic,Great_Lakes
2023-12-24,1.18,1327559.44,464645.81,464645.81,66377.97,331889.86,conventional,MidSouth
2023-12-24,1.81,62640.9,21924.32,21924.32,3132.05,15660.23,organic,MidSouth
2023-12-24,1.02,3695780.26,1293523.09,1293523.09,184789.01,923945.07,conventional,SouthCentral
2023-12-24,1.65,149675.16,52386.31,52386.31,7483.76,37418.79,organic,SouthCentral
2023-12-31,1.19,2403844.32,841345.51,841345.51,120192.22,600961.08,conventional,California
2023-12-31,1.63,121354.99,42474.24,42474.24,6067.75,30338.75,organic,California
2023-12-31,1.11,2627465.53,919612.93,919612.93,131373.28,656866.38,conventional,West
2023-12-31,1.74,109795.57,38428.45,38428.45,5489.78,27448.89,organic,West
2023-12-31,1.15,2555950.15,894582.55,894582.55,127797.51,638987.54,conventional,Northeast
2023-12-31,1.63,107511.31,37628.96,37628.96,5375.57,26877.83,organic,Northeast
2023-12-31,1.09,2323297.73,813154.21,813154.21,116164.89,580824.43,conventional,Southeast
2023-12-31,1.7,98521.12,34482.39,34482.39,4926.06,24630.28,organic,Southeast
2023-12-31,1.09,2072447.06,725356.47,725356.47,103622.35,518111.77,conventional,Great_Lakes
2023-12-31,1.77,83700.69,29295.24,29295.24,4185.03,20925.17,organic,Great_Lakes
2023-12-31,1.06,2065905.97,723067.09,723067.09,103295.3,516476.49,conventional,MidSouth
2023-12-31,1.4,105005.3,36751.85,36751.85,5250.26,26251.32,organic,MidSouth
2023-12-31,1.02,3953561.38,1383746.48,1383746.48,197678.07,988390.35,conventional,SouthCentral
2023-12-31,1.42,186012.82,65104.49,65104.49,9300.64,46503.2,organic,SouthCentral
